1.01.02.2.01.0006	Pembangunan Sarana, Prasarana dan Utilitas Sekolah	Sarana, Prasarana dan Utilitas Sekolah yang Terbangun	Jumlah Sarana, Prasarana dan Utilitas Sekolah yang Telah Dibangun	Unit	"Cakupan : 
Penyediaan layanan pendidikan di Satuan Pendidikan yang membutuhkan Sarana, Prasarana dan Utilitas Sekolah melalui pembangunan Sarana, Prasarana dan Utilitas Sekolah

Operasionalisasi : 
1) Pendataan kebutuhan Pembangunan Sarana, Prasarana dan Utilitas Sekolah pada satuan pendidikan yang membutuhkan.
2) Melakukan Pembangunan Sarana, Prasarana dan Utilitas Sekolah pada satuan pendidikan yang telah ditetapkan, baik secara swakelola maupun kontraktual sesuai dengan ketentuan yang berlaku.

NSPK:  
1) Perpres Nomor 68 Tahun 20022 tentang Revitalisasi Pendidikan Vokasi dan Pelatihan 
2) Perpres Nomor 43 Tahun 2019 tentang Pembangunan, Rehabilitasi, atau Renovasi Pasar Rakyat, Prasarana Perguruan Tinggi, Perguruan Tinggi Keagamaan Islam, dan Satuan Pendidikan Dasar dan Menengah
3) Permenko PMK Nomor 6 Tahun 2022 tentang Strategi Nasional Revitalisasi Pendidikan Vokasi dan Pelatihan Vokasi
4) Permendikbudristek No. 48 Tahun 2023 tentang Akomodasi Yang Layak bagi Peserta Didik Penyandang Disabilitas pada jenjang PAUD Formal, Dikdas, Dikmen, dan Dikti
5) Permendikdasmen Nomor 3 Tahun 2025 tentang Sistem Penerimaan Murid Baru
6) Permendikbud tentang standar pengelolaan ataupun standar sarana prasarana yang berlaku"
1.01.02.2.01.0009	Rehabilitasi Sedang/Berat Ruang Guru/Kepala Sekolah/TU	Ruang Guru/Kepala Sekolah/TU yang Terehabilitasi Sedang/Berat	Jumlah Ruang Guru/Kepala Sekolah/TU yang Telah Direhabilitasi Sedang/Berat	Ruang	"Ruang Guru adalah ruang tempat guru bekerja dan istirahat serta menerima tamu, baik peserta didik maupun tamu lainnya, dengan standar sarana dan prasarana sesuai ketentuan.
Ruang Kepala Sekolah merupakan tempat melakukan kegiatan pengelolaan sekolah, pertemuan dengan sejumlah kecil guru, orang tua murid, unsur komite sekolah, petugas dinas pendidikan, atau tamu lainnya dengan standar sarana dan prasarana sesuai ketentuan.
Ruang TU adalah ruang tempat kerja petugas untuk mengerjakan administrasi sekolah dengan standar sarana dan prasarana sesuai ketentuan.

Cakupan : 
Penyediaan layanan pendidikan di satuan pendidikan melalui rehabilitasi Ruang Guru/Kepala Sekolah/TU di sekolah kondisi rusak sedang/berat

Operasionalisasi : 
1) Pendataan kebutuhan rehabilitasi Ruang Guru/Kepala Sekolah/TU pada satuan pendidikan yang membutuhkan yang dilakukan berdasarkan kondisi rusak sedang/berat yang telah diinputkan dalam Dapodik. Untuk menghitung kebutuhan biaya rehabilitasi Ruang Guru/Kepala Sekolah/TU kodisi rusak sedang/berat berdasar pada satuan biaya DAK Fisik sesuai dengan ketentuan yang berlaku.
 2) Melakukan rehabilitasi Ruang Guru/Kepala Sekolah/TU kondisi rusak sedang/berat pada satuan pendidikan yang telah ditetapkan sesuai dengan ketentuan yang berlaku.

NSPK:  
1) Perpres Nomor 68 Tahun 20022 tentang Revitalisasi Pendidikan Vokasi dan Pelatihan 
2) Perpres Nomor 43 Tahun 2019 tentang Pembangunan, Rehabilitasi, atau Renovasi Pasar Rakyat, Prasarana Perguruan Tinggi, Perguruan Tinggi Keagamaan Islam, dan Satuan Pendidikan Dasar dan Menengah
3) Permenko PMK Nomor 6 Tahun 2022 tentang Strategi Nasional Revitalisasi Pendidikan Vokasi dan Pelatihan Vokasi
4) Permendikdasmen Nomor 3 Tahun 2025 tentang Sistem Penerimaan Murid Baru
5) Permendikbud tentang standar pengelolaan ataupun standar sarana prasarana yang berlaku
6) NPK Seri 8 - Kriteria Minimum & Sarpras Esensial Penyelenggaraan PAUD"
1.01.02.2.01.0011	Rehabilitasi Sedang/Berat Perpustakaan Sekolah	Perpustakaan Sekolah yang Terehabilitasi Sedang/Berat	Jumlah Perpustakaan Sekolah yang Telah Direhabilitasi Sedang/Berat	Ruang	"Perpustakaan Sekolah adalah tempat yang digunakan untuk kegiatan peserta didik dan guru memperoleh informasi dari berbagai jenis bahan pustaka dengan standar sarana dan prasarana sesuai ketentuan. 

TBM (Taman Bacaan Masyarakat) adalah tempat sekaligus layanan keberaksaraan/literasi masyarakat yang bertujuan untuk menumbuh kembangkan dan meningkatkan minat baca serta literasi masyarakat dengan memanfaatkan seluruh potensi sumber daya termasuk Teknologi Informasi dan Jaringan sesuai dengan kebutuhan masyarakat setempat

Cakupan : 
Penyediaan layanan pendidikan bagi satuan pendidikan yang membutuhkan ruang perpustakaan melalui rehab ruang perpustakaan/TBM pada pendidikan non formal dengan kondisi rusak sedang/berat.
 
Operasionalisasi : 
1) Pendataan kebutuhan rehabilitasi ruang Perpustakaan pada satuan pendidikan yang membutuhkan yang dilakukan berdasarkan kondisi rusak sedang/berat yang telah diinputkan dalam Dapodik. Untuk menghitung kebutuhan biaya rehabilitasi Ruang Perpustakaan kodisi rusak sedang/berat berdasar pada satuan biaya DAK Fisik sesuai dengan ketentuan yang berlaku.
2) Melakukan rehabilitasi Ruang Perpustakaan kondisi rusak sedang/berat pada satuan pendidikan yang telah ditetapkan sesuai dengan ketentuan yang berlaku.

NSPK:  
1) Perpres Nomor 68 Tahun 20022 tentang Revitalisasi Pendidikan Vokasi dan Pelatihan 
2) Perpres Nomor 43 Tahun 2019 tentang Pembangunan, Rehabilitasi, atau Renovasi Pasar Rakyat, Prasarana Perguruan Tinggi, Perguruan Tinggi Keagamaan Islam, dan Satuan Pendidikan Dasar dan Menengah
3) Permenko PMK Nomor 6 Tahun 2022 tentang Strategi Nasional Revitalisasi Pendidikan Vokasi dan Pelatihan Vokasi
4) Permendikdasmen Nomor 3 Tahun 2025 tentang Sistem Penerimaan Murid Baru
5) Permendikbud tentang standar pengelolaan ataupun standar sarana prasarana yang berlaku
6) NPK Seri 8 - Kriteria Minimum & Sarpras Esensial Penyelenggaraan PAUD"
1.01.02.2.01.0014	Pengadaan Mebel Sekolah	Mebel Sekolah yang Tersedia	Jumlah Mebel sekolah yang Tersedia	Paket	"Cakupan : 
- Mebel sekolah adalah perabot yang diperlukan, seperti barang atau benda yang dapat dipindah-pindah, digunakan di sekolah.
- Pengadaan mebel untuk satuan pendidikan guna menunjang pembelajaran

Operasionalisasi : 
1) Identifikasi satuan pendidikan yang menjadi sasaran penerima mebel sekolah.
2) Pengadaan dan penyaluran mebel sekolah sesuai dengan ketentuan yang berlaku

NSPK:  
1) Perpres Nomor 68 Tahun 20022 tentang Revitalisasi Pendidikan Vokasi dan Pelatihan 
2) Perpres Nomor 43 Tahun 2019 tentang Pembangunan, Rehabilitasi, atau Renovasi Pasar Rakyat, Prasarana Perguruan Tinggi, Perguruan Tinggi Keagamaan Islam, dan Satuan Pendidikan Dasar dan Menengah
3) Permenko PMK Nomor 6 Tahun 2022 tentang Strategi Nasional Revitalisasi Pendidikan Vokasi dan Pelatihan Vokasi
4) Permendikdasmen Nomor 3 Tahun 2025 tentang Sistem Penerimaan Murid Baru
5) Permendikbud tentang standar pengelolaan ataupun standar sarana prasarana yang berlaku
6) NPK Seri 8 - Kriteria Minimum & Sarpras Esensial Penyelenggaraan PAUD"
1.01.02.2.01.0015	Pengadaan Alat Rumah Tangga Sekolah	Alat Rumah Tangga Sekolah yang Tersedia	Jumlah Alat Rumah Tangga Sekolah yang Tersedia	Paket	"Cakupan : 
Pengadaan alat rumah tangga sekolah untuk menunjang prose pembelajaran dan pengelolaan satuan pendidikan

Operasionalisasi : 
1) Identifikasi satuan pendidikan yang menjadi sasaran penerima Alat Rumah Tangga sekolah.
2) Pengadaan dan penyaluran Alat Rumah Tangga sekolah sesuai dengan ketentuan yang berlaku

NSPK:  
1) Perpres Nomor 68 Tahun 20022 tentang Revitalisasi Pendidikan Vokasi dan Pelatihan 
2) Perpres Nomor 43 Tahun 2019 tentang Pembangunan, Rehabilitasi, atau Renovasi Pasar Rakyat, Prasarana Perguruan Tinggi, Perguruan Tinggi Keagamaan Islam, dan Satuan Pendidikan Dasar dan Menengah
3) Permenko PMK Nomor 6 Tahun 2022 tentang Strategi Nasional Revitalisasi Pendidikan Vokasi dan Pelatihan Vokasi
4) Permendikdasmen Nomor 3 Tahun 2025 tentang Sistem Penerimaan Murid Baru
5) Permendikbud tentang standar pengelolaan ataupun standar sarana prasarana yang berlaku
6) Peraturan petunjuk teknis Dana Alokasi Khusus (DAK) Fisik yang berlaku sebagai rujukan dalam penentuan spesifikasi bangunan.
7) NPK Seri 8 - Kriteria Minimum & Sarpras Esensial Penyelenggaraan PAUD"
1.01.02.2.01.0019	Pemeliharaan Rutin Sarana, Prasarana dan Utilitas Sekolah	Terlaksananya Pemeliharaan Rutin Sarana, Prasarana dan Utilitas Sekolah	Jumlah Sarana, Prasarana dan Utilitas Sekolah yang Dilaksanakan Pemeliharaan	Unit	"Cakupan : 
- Pemeliharaan/perawatan ringan yang dilakukan secara berkala atau bersifat rutin terhadap sarana, prasarana, dan utilitas sekolah untuk menjaga tetap dalam keadaan baik

Operasionalisasi : 
1) Pendataan Sarana, Prasarana dan Utilitas Sekolah yang memerlukan pemeliharaan
2) Pelaksanaan pemiliharaan rutin Sarana, Prasarana dan Utilitas Sekolah.

NSPK:  
1. Perpres Nomor 68 Tahun 20022 tentang Revitalisasi Pendidikan Vokasi dan Pelatihan 
2) Perpres Nomor 43 Tahun 2019 tentang Pembangunan, Rehabilitasi, atau Renovasi Pasar Rakyat, Prasarana Perguruan Tinggi, Perguruan Tinggi Keagamaan Islam, dan Satuan Pendidikan Dasar dan Menengah
3) Permenko PMK Nomor 6 Tahun 2022 tentang Strategi Nasional Revitalisasi Pendidikan Vokasi dan Pelatihan Vokasi
4) Permendikbudristek No. 48 Tahun 2023 tentang Akomodasi Yang Layak bagi Peserta Didik Penyandang Disabilitas pada jenjang PAUD Formal, Dikdas, Dikmen, dan Dikti
5) Permendikdasmen Nomor 3 Tahun 2025 tentang Sistem Penerimaan Murid Baru
6) Permendikbud tentang standar pengelolaan ataupun standar sarana prasarana yang berlaku
7) Peraturan petunjuk teknis Dana Alokasi Khusus (DAK) Fisik yang berlaku sebagai rujukan dalam penentuan spesifikasi bangunan."
1.01.02.2.01.0025	Pembinaan Minat, Bakat dan Kreativitas Siswa	Siswa yang Mengikuti Ajang Kompetisi/Lomba Akademik dan Non Akademik	Jumlah Siswa yang Mengikuti Ajang Kompetisi/Lomba Akademik dan Non Akademik	Peserta Didik	"Cakupan : 
- Fasilitasi pembinaan dan pelaksanaan kompetisi/lomba akademik dan non-akademik baik tingkat provinsi, nasional, maupun internasional

Operasionalisasi :
1) Melakukan pemetaan minat dan bakat peserta didik yang berpotensi untuk mengikuti berbagai kompetisi/lomba, baik tingkat provinsi, nasional, maupun internasional.
2) Menyelenggarakan kompetisi/lomba akademik dan non-akademik tingkat provinsi/kabupaten/kota
3) Melakukan seleksi dan pembinaan talenta peserta didik untuk mengikuti ajang kompetisi nasional, seperti LKS tingkat nasional, FLS2N, dan KOSN
4) Memfasilitasi peserta didik yang mengikuti ajang kompetisi nasional maupun internasional.

NSPK  :  
1) Perpres Nomor 68 Tahun 2022 tentang Revitalisasi Pendidikan Vokasi dan Pelatihan Vokasi.
 2) Permenko PMK Nomor 6 Tahun 2022 tentang Strategi Nasional Pendidikan Vokasi dan Pelatihan Vokasi
 3) Kepmendikbudristek Nomor 165 Tahun 2021 tentang Program Sekolah Menengah Kejuruan Pusat Unggulan
4) Peraturan Pemerintah Nomor 19 Tahun 2005 tentang Standar Nasional Pendidikan sebagaimana telah diubah dengan Peraturan Pemerintah Nomor 32 Tahun 2013 dan Peraturan Pemerintah Nomor 13 tahun 2015 tentang Perubahan Atas Peraturan Pemerintah Nomor 19 Tahun 2005 tentang Standar Nasional 
5) Peraturan Menteri Pendidikan Nasional Nomor 39 Tahun 2008 tentang Pembinaan 
6) Peraturan Menteri Pendidikan dan Kebudayaan Nomor 20 Tahun 2018 tentang Penguatan Pendidikan Karakter pada Satuan Pendidikan"
1.01.02.2.01.0028	Pembinaan Kelembagaan dan Manajemen Sekolah	Terlaksananya Pembinaan Kelembagaan dan Manajemen Sekolah	Jumlah Sekolah Dasar yang Dilaksanakan Pembinaan Kelembagaan dan manajemen sekolah	Satuan Pendidikan	"Pembinaan kelembagaan dan manajemen sekolah merupakan pembinaan terkait pengaturan kewenangan dan penggunaan sumber daya dalam penyelenggaraan pendidikan sesuai dengan standar pengelolaan pendidikan.

Cakupan : 
- Fasilitasi penguatan pendidikan karakter melalui Gerakan Tujuh Kebiasaan Anak Indonesia Hebat
- Fasilitasi penguatan peran Bimbingan Konseling di satuan pendidikan
- Pemberian layanan pendampingan bagi satuan pendidikan anak usia dini paling sedikit 1 (satu) kali dalam 6 (enam) bulan
- Iklim Keamanan: Fasilitasi peningkatan pemahaman dan sistem pelayanan pendampingan kepada satuan pendidikan terkait keamanan untuk mencegah perundungan, kekeragan seksual, dan hukuman fisik
- Iklim Kebinekaan: Fasilitasi peningkatan pemahaman dan sistem pelayanan pendampingan kepada satuan pendidikan terkait kebinekaan untuk mencegah diskriminasi terhadap ekonomi, gender, fisik, agama, suku, dan budaya
- Iklim Inklusivitas: Fasilitasi peningkatan pemahaman dan sistem pelayanan pendampingan kepada satuan pendidikan terkait inklusivitas untuk meningkatkan layanan pendidikan inklusif terutama terhadap peserta didik penyandang disabilitas, peserta didik yang memiliki kecerdasan istimewa dan berbakat istimewa
- Fasilitasi kemitraan antara dunia kerja dan SMK untuk mendukung penyesuaian link and match pendidikan SMK terhadap kebutuhan dunia kerja.
 Konsep link and match merupakan bentuk penyelarasan yang menyeluruh dan mendalam antara SMK dengan dunia kerja yang melingkupi delapan komponen dan tidak sebatas hanya penandatanganan MoU.


Operasionalisasi : 
a. Penguatan Pendidikan Karakter
- Melakukan pendampingan ke satuan pendidikan dalam penguatan pendidikan karakter melalui Gerakan Tujuh Kebiasaan Anak Indonesia Hebat
- Melakukan pemantauan dan evaluasi pelaksanaan pembelajaran pendidikan karakter melalui Gerakan Tujuh Kebiasaan Anak lndonesia Hebat dan penerapan tata kelola pendidikan yang bersih dan baik yang dilaksanakan di satuan pendidikan paling sedikit 1 (satu) kali dalam setahun.

b. Penguatan Peran BK di Satuan Pendidikan
- Melakukan pemetaan keberadaan guru/peran BK di satuan pendidikan
- Melakukan koordinasi peningkatan peran BK di satuan pendidikan
- Melakukan supervisi dan evaluasi peran BK di satuan pendidikan

c. Iklim Keamanan
- Melakukan sosialisasi kebijakan tentang Pencegahan dan Penanganan Kekerasan di lingkungan Satuan Pendidikan (PPKSP) kepada kepala sekolah dan Tim Pencegahan dan Penanganan Kekerasan (TPPK)
- Memfasilitasi pembentukan TPPK dan pelaksanaan tugas TPPK di satuan pendidikan
- Memfasilitasi koordinasi pelaksanaan kebijakan PPKSP dengan instansi terkait
- Melakukan supervisi dan evaluasi pelaksanaan kebijakan dan program PPKSP
- Menyusun peraturan atau tata tertib yang mendukung iklim keamanan di lingkungan satuan pendidikan
- Menyiapkan kanal aduan/laporan apabila terjadi kasus terkait iklim keamanan di lingkungan satuan pendidikan

d. Iklim Kebinekaan
- Memfasilitasi diseminasi informasi, modul, dan konten dari Kementerian terkait kebinekaan, a.l. Modul Wawasan Kebinekaan Global
- Melaksanakan sosialisasi dan diskusi bertemakan kebinekaan, a.l. gelar wicara, podcast, seminar, dll.
- Menyusun peraturan atau tata tertib yang mendukung kebinekaan di lingkungan satuan pendidikan
- Menyiapkan kanal aduan/laporan apabila terjadi kasus terkait isu kebinekaan

e. Iklim Inklusivitas
- Melakukan koordinasi dengan penyedia layanan lintas urusan (SKPD dan/atau K/L) dalam rangka pemenuhan layanan pendidikan yang sesuai bagi peserta didik penyandang disabilitas dan cerdas istimewa bakat istimewa
- Menyediakan akomodasi yang layak bagi peserta didik penyandang disabilitas dan Cerdas Istimewa dan Berbakat Istimewa (CIBI) sesuai ketentuan yang berlaku
- Menyediakan dukungan pelaksanaan layanan khusus di satuan pendidikan (a.l. anak yang berhadapan dengan hukum, masyarakat adat, anak terlantar, dan sejenisnya)
- Melakukan sosialisasi peningkatan layanan satuan pendidikan yang inklusif. 
- Menyediakan teknologi asistif bagi peserta didik penyandang disabilitas pada ULD (Unit Layanan Disabilitas) bidang pendidikan.
- Menyediakan alat peraga bagi peserta didik penyandang disabilitias

Operasionalisasi (SMK):
1) Pendataan jumlah SMK yang telah melaksanakan link and match minimal 4 komponen
 2) Kegiatan fasilitasi pelaksanaan kemitraan SMK dengan dunia kerja mengacu pada link and match
  Catatan:
 a) penyelarasan kurikulum berbasis 
 b) peningkatan kompetensi bagi pendidik, tenaga kependidikan, dan peserta 
 c) penyediaan pendidik tamu dari Dunia Usaha dan Dunia Industri (DUDI) di satuan pendidikan 
 d) pengembangan dan pemanfaatan sarana dan prasarana
 e) sertifikasi kompetensi bagi pendidik, tenaga kependidikan, dan peserta 
 f) praktik kerja lapangan dan/atau 
 g) rekrutmen lulusan pendidikan  dan
 h) pemberian beasiswa

Operasionalisasi (PAUD) : 
- Melakukan pendampingan konsultatif sesuai kebutuhan PAUD dalam hal kelembagaan dan manajemen untuk mencapai PAUD Berkualitas
-  Melakukan pendampingan teknis dalam hal kelembagaan dan manajemen untuk mencapai PAUD Berkualitas

NSPK:  
1) Undang-Undang Nomor 20 Tahun 2003 Tentang Sistem Pendidikan Nasional
2) Undang-Undang Nomor 12 Tahun 2022 tentang Tindak Pidana Kekerasan Seksual, Bab VII Pencegahan, Koordinasi, dan Pemantauan.
3) PP Nomor 57 Tahun 2021 tentang Standar Pendidikan Nasional
4) Permendikbudristek Nomor 32 tahun 2022 tentang Standar Teknis Pelayanan Minimal bidang Pendidikan pada Tatacara Pemenuhan
5) Perpres Nomor 101 Tahun 2022 Tentang Strategi Nasional Penghapusan Kekerasan Anak
6) Permendikbud Nomor 82 Tahun 2015 tentang Pencegahan dan Penanggulangan Tindak Kekerasan di Satuan Pendidikan
7) Permendikbud Nomor 18 Tahun 2016 tentang Pengenalan Lingkungan Sekolah Bagi Siswa Baru
8) Permendiknas Nomor 70 Tahun 2009 tentang pendidikan inklusif
9) Peraturan Menteri Bersama Nomor 6/X/PB/2014 tentang Pembinaan dan Pengembangan Usaha Kesehatan Sekolah/Madrasah
10) Permendikbudristek 46 Th 2023 tentang Pencegahan dan Penanganan Kekerasan di Lingkungan Satuan Pendidikan, 
11) Permendikbudristek No. 48 Tahun 2023 tentang Akomodasi Yang Layak Bagi Peserta Didik Penyandang Disabilitas pada jenjang PAUD Formal, Dikdas, Dikmen dan Dikti

NSPK (SMK) : 
1) Perpres Nomor 68 Tahun 2022 tentang Revitalisasi Pendidikan Vokasi dan Pelatihan Vokasi.
 2) Permenko PMK Nomor 6 Tahun 2022 tentang Strategi Nasional Pendidikan Vokasi dan Pelatihan Vokasi.
 3) Permendikbud Nomor 16 Tahun 2022 tentang Standar Proses Pendidikan Anak Usia Dini, Jenjang Pendidikan Dasar, dan Jenjang Pendidikan Menengah.

NSPK (PAUD) : 
Pedoman Umum Penyelenggaraan PAUD Berkualitas pada BAB 8 hal 63 dst : sebagai acuan untuk pembinaan kelembagaan dan manajemen PAUD dalam mendukung PAUD berkualitas"
1.01.02.2.01.0029	Pengelolaan Dana BOS Sekolah Dasar	Terlaksananya Pengelolaan Dana BOS Sekolah Dasar	Jumlah Sekolah Dasar yang Mengelola Dana BOS	Satuan Pendidikan	Dana BOS adalah dana yang digunakan terutama untuk mendanai belanja nonpersonalia bagi satuan pendidikan dasar dan menengah sebagai pelaksana program wajib belajar, dan dapat dimungkinkan untuk mendanai beberapa kegiatan lain sesuai dengan ketentuan peraturan perundang-undangan
1.01.02.2.01.0038	Koordinasi, Perencanaan, Supervisi dan Evaluasi Layanan di Bidang Pendidikan	Terlaksananya Koordinasi, Perencanaan, Supervisi dan Evaluasi Layanan di Bidang Pendidikan	Jumlah Dokumen Hasil Koordinasi, Perencanaan, Supervisi dan Evaluasi Layanan di Bidang Pendidikan	Dokumen	"Cakupan : 
-Pendataan anak usia dini untuk keperluan identifikasi kebutuhan daya tampung layanan untuk anak usia 5 (lima) tahun sampai dengan 6 (enam) tahun.
- Pendataan warga negara usia 7-15 tahun yang tidak bersekolah 
- Pendataan warga negara usia 7-18 yang belum bersekolah formal
- Pendataan warga negara usia 16-18 tahun yang tidak bersekolah
- Pendataan warga negara usia 4-18 tahun penyandang disabilitas yang tidak bersekolah
- Pemutakhiran data penelusuran lulusan SMK menggunakan sistem informasi Tracer Study Ditjen Pendidikan Vokasi
- Pemutakhiran Dapodik minimal 2 (dua) kali dalam setahun untuk menjamin kesesuaian data dengan kondisi satuan pendidikan

Operasionalisasi terkait Pendataan : 
1) Pendataan warga negara dapat dilakukan melalui berbagai hal, antara lain: (a)  (b) koordinasi dan bekerjasama dengan dinas  (c) kerjasama dengan kepala desa ataupun kecamatan untuk melakukan pendataan siswa di daerahnya, misalnya dengan kerjama terkait SIPBM (Sistem Informasi Berbasis Masyarakat); (d) analisis data sekunder.
2) mendorong satuan pendidikan di daerahnya khususnya satuan PAUD untuk mendapatkan izin menyelenggarakan pendidikan bagi satuan pendidikan yang diselenggarakan oleh masyarakat dan NPSN yang terdata pada Aplikasi Dapodik.

Operasionalisasi terkait Tracer Study SMK: 
1) Bantuan operasional pelaksanaan tracer study di satuan pendidikan.
2) Bantuan sosialisasi dan pendampingan pelaksanaan tracer study untuk satuan pendidikan.

Operasionalisasi terkait Dapodik : 
1) Koordinasi dengan satuan pendidikan dalam rangka pemutakhiran Dapodik.
2) Supervisi/pendampingan kepada satuan pendidikan melalui workshop teknis pemutakhiran Dapodik, minimal 2 (dua) kali setahun.
3) Verifikasi dan validasi Dapodik dari satuan pendidikan yang sesuai dengan kondisi terkini.
4) Evaluasi Dapodik dari satuan pendidikan yang sesuai dengan kondisi terkini
5) Pemutakhiran kondisi data sekolah termasuk pemberian insentif bagi operator dapodik satuan pendidikan

NSPK terkait Pendataan : 
1) Peraturan Pemerintah Nomor 2 Tahun 2018 Standar Pelayanan Minimal (SPM)
2) Permendagri Nomor 59 Tahun 2021 tentang Penerapan Standar Pelayanan Minimal
3) Permendikbudristek Nomor 32 tahun 2022 tentang Standar Teknis Pelayanan Minimal bidang Pendidikan pada Tatacara Pemenuhan

NSPK terkait Tracer Study SMK : 
1) Peraturan Presiden RI Nomor 68 Tahun 20022 tentang Revitalisasi Pendidikan Vokasi dan Pelatihan Vokasi.
 2) Permenko PMK Nomor 6 Tahun 2022 tentang Strategi Nasional Pendidikan Vokasi dan Pelatihan Vokasi.
 3) Permendikbudristek Nomor 05 Tahun 2022 tentang Standar Kompetensi Lulusan pada Pendidikan Anak Usia Dini, Jenjang Pendidikan Dasar, dan Jenjang Pendidikan Menengah.
 4) Peraturan Dirjen Pendidikan Vokasi Nomor 31 Tahun 2022 tentang Petunjuk Teknis Bantuan Pemerintah Pelaksanaan Sertifikasi Kompetensi Siswa SMK.

NSPK terkait Dapodik :
1) Permendikbud Nomor 31 Tahun 2022 tentang Satu Data Pendidikan, Kebudayaan, Riset dan Teknologi
2) Kepmendikbud 303/M/2022 tentang Juknis Data Pendidikan (Dapodik) pada PAUD, Pendidikan Dasar dan Menengah serta Kursus dan Pelatihan
3) Permendikbudristek Nomor 63 Tahun 2022 tentang Petujuk Teknis Pengelolaan Dana BOSP"
1.01.02.2.01.0039	Sosialisasi dan Advokasi Kebijakan Bidang Pendidikan	Terlaksananya kegiatan sosialisasi dan advokasi kebijakan di bidang Pendidikan	Jumlah kegiatan sosialisasi dan advokasi kebijakan di bidang Pendidikan yang dilaksanakan	Dokumen	"Cakupan : 
- Pendampingan kepada Satuan PAUD untuk penguatan kemampuan fondasi terkait literasi dan numerasi (yang efektif dan efisien dalam menyasar guru)
- Sosialisasi dan advokasi penguatan pendidikan karakter melalui Gerakan Tujuh Kebiasaan Anak Indonesia Hebat
- Sosialisasi dan advokasi terkait edukasi nilai-nilai dalam penyediaan makanan bergizi bagi peserta didik
- Sosialisasi kepada satuan pendidikan paling sedikit mengenai kualitas layanan Pendidikan Anak Usia Dini yang meliputi pentingnya proses pembelajaran dan pengelolaan yang berkualitas, yang dilakukan paling sedikit 1 (satu) kali dalam 1 (satu) tahun ajaran 

Operasionalisasi (PAUD): 
1. Membentuk Forum Komunikasi PAUD-SD apabila belum memiliki dan aktivasi Forum Komunikasi PAUD-SD jika sudah memiliki
2. Melakukan Advokasi tentang miskonsepsi membaca, menulis, menghitung (calistung) dan pentingnya membangun kemampuan literasi numerasi secara menyeluruh
3. Memfasilitasi pelatihan bagi pendidik dan tenaga kependidikan

Operasionalisasi (Penguatan Pendidikan Karakter):
- Menyusun kebijakan turunan penguatan pendidikan karakter melalui Gerakan Tujuh Kebiasaan Anak Indonesia Hebat, seperti:
a.. Pemberdayaan Catur Pusat Pendidikan (Satuan Pendidikan, Keluarga, Masyarakat dan Media)
b. Kegiatan pertemuan Pagi Ceria, yaitu: (i) senam pagi Anak Indonesia Hebat minimal dua kali dalam  (ii) Menyanyikan lagu Indonesia Raya sebagai bentuk cinta tanah  dan (iii) berdoa bersama sesuai keyakinan masing-masing untuk bersyukur , memohon kelancaran pembelajaran dan memperkuat nilai spiritual dan toleransi antarpeserta didik
c. Gerakan Kepanduan dan Ekstrakurikuler lainnya
- Melakukan sosialisasi dan advokasi implementasi Gerakan Tujuh Kebiasaan Anak Indonesia Hebat kepada stakeholder pendidikan

Operasionalisasi (Dukungan Program Makan Bergizi)
- Melakukan sosialisasi terkait edukasi nilai-nilai dalam penyediaan makanan bergizi bagi peserta didik (Perilaku Hidup Bersih Sehat/PHBS, budaya antri, berdoa, makan sehat, gizi, dan lain-lain)
- Melakukan pendampingan ke satuan pendidikan terkait penyediaan makanan bergizi bagi peserta didik

Operasionalisasi (Penjaminan dan Peningkatan Mutu Pendidikan)
-Melakukan pengembangan kapasitas pendamping satuan Pendidikan dan SDM pada satuan pendidikan

NSPK:  
1) Peraturan Presiden No. 87 Tahun 2017 tentang Penguatan Pendidikan Karakter
2) Peraturan Pemerintah Nomor 57 Tahun 2021 tentang tentang Standar Nasional 
3) Peraturan Menteri Pendidikan, dan Kebudayaan No. 23 Tahun 2015 tentang Penumbuhan Budi Pekerti
4) Peraturan Menteri Pendidikan, dan Kebudayaan  No. 20 Tahun 2018 tentang Penguatan Pendidikan Karakter Pada Satuan Pendidikan Formal
5) Surat Edaran Bersama Kemendikdasmen, Kemendagri, dan Kemenag Nomor 1 Tahun 2025 tentang Penguatan Pendidikan Karakter melalui Pembiasaan di Satuan Pendidikan
6) NPK PAUD Berkualitas Seri 1 tentang Proses Pembelajaran Berkualitas
7) NPK PAUD Berkualitas Seri 5 tentang Perencanaan Berbasis Data dan Akuntabilitas Pembiayaan"
1.01.02.2.01.0047	Pembangunan Ruang Kelas Baru	Ruang Kelas Baru bertambah	Jumlah Ruang Kelas Baru yang Bertambah	Ruang	"Cakupan  : 
- Penyediaan layanan pendidikan di daerah yang kekurangan daya tampung melalui rehabilitasi ruang kelas sekolah kondisi rusak sedang/berat
- Penyediaan layanan pendidikan di wilayah yang ditetapkan sebagai daerah terdepan, terluar, dan tertinggal melalui rehabilitasi ruang kelas sekolah kondisi rusak sedang/berat

Operasionalisasi: 
1) Melakukan pendataan kebutuhan rehabilitasi ruang kelas pada satuan pendidikan yang membutuhkan yang dilakukan berdasarkan jumlah ruang kelas kondisi rusak sedang/berat yang telah diinputkan dalam Dapodik. Untuk menghitung kebutuhan biaya rehabilitasi ruang kelas kodisi rusak sedang/berat berdasar pada satuan biaya DAK Fisik sesuai dengan ketentuan yang berlaku.
2) Melaksanakan pembangunan ruang kelas baru sesuai dengan ketentuan yang berlaku dengan memperhatikan kelayakan kebutuhan peserta didik disabilitas, kenyamanan belajar, ramah anak, dan mendukung green school.

NSPK : 
1) Peraturan Presiden Nomor 43 Tahun 2019 tentang Pembangunan, Rehabilitasi, atau Renovasi Pasar Rakyat, Prasarana Perguruan Tinggi, Perguruan Tinggi Keagamaan Islam, dan Satuan Pendidikan Dasar dan Menengah
2) Permendikbud Nomor 84 Tahun 2014 tentang Pendirian Satuan Pendidikan Anak Usia Dini
3) Permendikbud Nomor 36 Tahun 2014 tentang Pedoman Pendirian, Perubahan, dan Penutupan Satuan Pendidikan Dasar dan Menengah
4) Permendikbudristek Nomor 22 Tahun 2023 tentang Standar Sarana dan Prasarana pada Pendidikan Anak Usia Dini, Jenjang Pendidikan Dasar, dan Jenjang Pendidikan Menengah
5) Permendikbudristek Nomor 47 Tahun 2023 tentang Standar Pengelolaan pada Pendidikan Anak Usia Dini, Jenjang Pendidikan Dasar, dan Jenjang Pendidikan Menengah
6) Permendikdasmen Nomor 3 Tahun 2025 tentang Sistem Penerimaan Murid Baru
7) Peraturan petunjuk teknis Dana Alokasi Khusus (DAK) Fisik yang berlaku sebagai rujukan dalam penentuan spesifikasi bangunan.
8) Terkait dengan pemeriksaan serta penetapan kerusakan gedung yang aman bagi peserta didik pada satuan PAUD terdapat pada NPK tentang Lingkungan Belajar Aman Bab III halaman 21 dst."
1.01.02.2.01.0048	Rehabilitasi Sedang/Berat Sarana, Prasarana dan Utilitas Sekolah	Sarana, Prasarana dan Utilitas Sekolah yang Terehabilitasi Sedang/Berat	Jumlah Sarana, Prasarana dan Utilitas Sekolah yang Telah Direhabilitasi Sedang/Berat	Unit	"Cakupan : 
Penyediaan layanan pendidikan di satuan pendidikan melalui rehabilitasi Sarana, Prasarana dan Utilitas Sekolah dengan kondisi rusak sedang/berat

Operasionalisasi : 
1) Pendataan kebutuhan rehabilitasi Sarana, Prasarana dan Utilitas pada satuan pendidikan yang membutuhkan yang dilakukan berdasarkan kondisi rusak sedang/berat yang telah diinputkan dalam Dapodik. Untuk menghitung kebutuhan biaya rehabilitasi Sarana, Prasarana dan Utilitas kodisi rusak sedang/berat berdasar pada satuan biaya DAK Fisik sesuai dengan ketentuan yang berlaku.
 2) Melakukan rehabilitasi Sarana, Prasarana dan Utilitas kondisi rusak sedang/berat pada satuan pendidikan yang telah ditetapkan sesuai dengan ketentuan yang berlaku.

NSPK:  
1) Perpres Nomor 68 Tahun 20022 tentang Revitalisasi Pendidikan Vokasi dan Pelatihan 
2) Perpres Nomor 43 Tahun 2019 tentang Pembangunan, Rehabilitasi, atau Renovasi Pasar Rakyat, Prasarana Perguruan Tinggi, Perguruan Tinggi Keagamaan Islam, dan Satuan Pendidikan Dasar dan Menengah
3) Permenko PMK Nomor 6 Tahun 2022 tentang Strategi Nasional Revitalisasi Pendidikan Vokasi dan Pelatihan Vokasi
4) Permendikbudristek No. 48 Tahun 2023 tentang Akomodasi Yang Layak bagi Peserta Didik Penyandang Disabilitas pada jenjang PAUD Formal, Dikdas, Dikmen, dan Dikti
5) Permendikdasmen No. 3 Tahun 2025 tentang Sistem Penerimaan Murid Baru
6) Permendikbud tentang standar pengelolaan ataupun standar sarana prasarana yang berlaku
7) Peraturan petunjuk teknis Dana Alokasi Khusus (DAK) Fisik yang berlaku sebagai rujukan dalam penentuan spesifikasi bangunan.
8) Terkait dengan sarana dan prasarana yang perlu direhabilitasi untuk memberikan lingkungan yang aman baik di dalam dan di luar ruangan terdapat pada NPK tentang Lingkungan Belajar Aman Bab III halaman 25 dst.
9) Peraturan petunjuk teknis Dana Alokasi Khusus Fisik yang berlaku : sebagai rujukan dalam penentuan spesifikasi bangunan
10) NPK PAUD Berkualitas Seri 8 tentang Kriteria Minimum & Sarpras Esensial Penyelenggaraan PAUD"
1.01.02.2.01.0049	Bimbingan Teknis, Pelatihan, dan/atau Magang/PKL untuk Peningkatan Kapasitas Bidang Pendidikan	Terlaksananya Bimbingan Teknis, Pelatihan, dan/atau Magang/PKL untuk Peningkatan Kapasitas Bidang Pendidikan	Jumlah Peserta Bimbingan Teknis, Pelatihan, dan/atau Magang/PKL untuk Peningkatan Kapasitas Bidang Pendidikan yang dilaksanakan	Orang	Bimbingan Teknis, Pelatihan, dan/atau Magang/PKL untuk Peningkatan Kapasitas Bidang Pendidikan adalah Terlaksananya Bimbingan Teknis, Pelatihan, dan/atau Magang/PKL untuk Peningkatan Kapasitas Bidang Pendidikan dengan alat ukur Jumlah Peserta Bimbingan Teknis, Pelatihan, dan/atau Magang/PKL untuk Peningkatan Kapasitas Bidang Pendidikan yang dilaksanakan dengan satuan orang
1.01.02.2.01.0050	Penyelenggaraan Proses Belajar Bagi Peserta Didik	Terselenggaranya Proses Belajar Bagi Peserta Didik	Jumlah Satuan Pendidikan yang Menyelenggarakan Proses Belajar	Satuan Pendidikan	"Operasionalisasi (Fasilitasi penyelenggaraan asesmen terstandar sesuai dengan peraturan Mendikdasmen yang berlaku): 
1. Melakukan persiapan asesmen terstandar bagi peserta didik, sesuai dengan peraturan Mendikdasmen yang berlaku
2. Melakukan pelaksanaan asesmen terstandar bagi peserta didik, sesuai dengan peraturan Mendikdasmen yang berlaku
3. Melakukan pelaporan asesmen terstandar bagi peserta didik, sesuai dengan peraturan Mendikdasmen yang berlaku
4. Melakukan pemanfaatan hasil asesmen terstandar bagi peserta didik, sesuai dengan peraturan Mendikdasmen yang berlaku

Operasionalisasi (Fasilitasi dan pemberian dukungan untuk proses belajar):
a) Melakukan identifikasi kebutuhan untuk peningkatan kualitas pembelajaran di satuan pendidikan, termasuk diskusi dengan Unit Layanan Disabilitas untuk asesmen peserta didik disabilitas
b) Menyusun rencana dan strategi pembelajaran yang efektif dan efisien untuk mengembangkan potensi, prakarsa, kemampuan, dan kemandirian peserta didik secara optimal 
c) Melakukan pendampingan pelaksanaan peningkatan kualitas pembelajaran di satuan pendidikan melalui suasana belajar yang interaktif, inspiratif, menyenangkan, menantang, memotivasi peserta didik untuk berpartisipasi aktif, dan memberikan ruang yang cukup bagi prakarsa, kreativitas, kemandirian sesuai dengan bakat, minat, dan perkembangan fisik, serta psikologis peserta didik
d) Melakukan evaluasi pelaksanaan peningkatan kualitas pembelajaran di satuan pendidikan
e) Melakukan supervisi dan koordinasi pengembangan kurikulum di tingkat satuan pendidikan



NSPK:  
1) Undang-Undang Nomor 20 Tahun 2003 tentang Sistem Pendidikan Nasional 
2) Peraturan Pemerintah Nomor 57 Tahun 2021 tentang Standar Nasional Pendidikan
3) Peraturan Pemerintah Nomor 17 Tahun 2010 Tentang Penyelenggaraan dan Pengelolaan Pendidikan
4) Peraturan Menteri Pendidikan, Kebudayaan, Riset, dan Teknologi Republik Indonesia Nomor 9 Tahun 2022 Tentang Evaluasi Sistem Pendidikan Oleh Pemerintah Pusat Dan Pemerintah Daerah Terhadap Pendidikan Anak Usia Dini, Pendidikan Dasar, dan Pendidikan Menengah
5) Peraturan Menteri Pendidikan, Kebudayaan, Riset, dan Teknologi Republik Indonesia Nomor 17 Tahun 2021 tentang Asesmen Nasional
6) Peraturan Menteri Pendidikan Dasar dan Menengah Nomor 9 Tahun 2025 tentang Tes kemampuan Akademik
7) Peraturan Menteri Pendidikan Dasar dan Menengah Nomor 10 Tahun 2025 tentang Standar Kompetensi Lulusan pada Pendidikan Anak Usia Dini, jenjang Pendidikan Dasar, dan Jenjang Pendidikan Menengah
8) Peraturan Menteri Pendidikan Dasar dan Menengah Nomor 13 Tahun 2025 tentang Perubahan atas Peraturan Menteri Pendidikan, Kebudayaan, Riset dan Teknologi Nomor 12 Tahun 2024 tentang Kurikulum pada Pendidikan Anak Usia Dini, Jenjang Pendidikan Dasar, dan Jenjang Pendidikan Menengah
8) Keputusan Menteri Pendidikan Dasar dan Menengah Nomor 95/M/2025 tentang Pedoman Penyelenggaraan Tes Kompetensi Akademik"
1.01.02.2.01.0051	Rehabilitasi Sedang/Berat Ruang Kelas Sekolah	Ruang Kelas Sekolah yang Terehabilitasi Sedang/Berat	Jumlah Ruang Kelas Sekolah yang Telah Direhabilitasi Sedang/Berat	Ruang	"Cakupan  : 
- Penyediaan layanan pendidikan di daerah yang kekurangan daya tampung melalui rehabilitasi ruang kelas sekolah kondisi rusak sedang/berat
- Penyediaan layanan pendidikan di wilayah yang ditetapkan sebagai daerah terdepan, terluar, dan tertinggal melalui rehabilitasi ruang kelas sekolah kondisi rusak sedang/berat

Operasionalisasi: 
1) Melalukan pendataan kebutuhan rehabilitasi ruang kelas pada satuan pendidikan yang membutuhkan yang dilakukan berdasarkan jumlah ruang kelas kondisi rusak sedang/berat yang telah diinputkan dalam Dapodik. Untuk menghitung kebutuhan biaya rehabilitasi ruang kelas kodisi rusak sedang/berat berdasar pada satuan biaya DAK Fisik sesuai dengan ketentuan yang berlaku.
 2) Melaksanakan rehabilitasi ruang kelas kondisi rusak sedang/berat pada satuan pendidikan sesuai dengan ketentuan yang berlaku, dengan memperhatikan kelayakan peserta didik disabilitas, kenyamanan belajar, ramah anak, dan mendukung green school.

NSPK : 
1) Peraturan Presiden Nomor 43 Tahun 2019 tentang Pembangunan, Rehabilitasi, atau Renovasi Pasar Rakyat, Prasarana Perguruan Tinggi, Perguruan Tinggi Keagamaan Islam, dan Satuan Pendidikan Dasar dan Menengah
2) Permendikbud Nomor 84 Tahun 2014 tentang Pendirian Satuan Pendidikan Anak Usia Dini
3) Permendikbud Nomor 36 Tahun 2014 tentang Pedoman Pendirian, Perubahan, dan Penutupan Satuan Pendidikan Dasar dan Menengah
4) Permendikbudristek Nomor 22 Tahun 2023 tentang Standar Sarana dan Prasarana pada Pendidikan Anak Usia Dini, Jenjang Pendidikan Dasar, dan Jenjang Pendidikan Menengah
5) Permendikbudristek Nomor 47 Tahun 2023 tentang Standar Pengelolaan pada Pendidikan Anak Usia Dini, Jenjang Pendidikan Dasar, dan Jenjang Pendidikan Menengah
6) Permendikdasmen Nomor 3 Tahun 2025 tentang Sistem Penerimaan Murid Baru
7) Peraturan petunjuk teknis Dana Alokasi Khusus (DAK) Fisik yang berlaku sebagai rujukan dalam penentuan spesifikasi bangunan.
8) Terkait dengan pemeriksaan serta penetapan kerusakan gedung yang aman bagi peserta didik pada satuan PAUD terdapat pada NPK tentang Lingkungan Belajar Aman Bab III halaman 21 dst."
1.01.02.2.01.0054	Penyediaan Biaya Personil Peserta Didik Sekolah Dasar	Biaya Personil Peserta Didik Sekolah Dasar Diterima oleh Peserta Didik	Jumlah Peserta Didik Sekolah Dasar yang Menerima Biaya Personil Peserta Didik	Peserta Didik	"Cakupan : 
- Pemberian biaya pendidikan kepada peserta didik dari keluarga tidak mampu sampai lulus
- Pemberian bantuan pendidikan berupa pembebasan atau pengurangan biaya pendidikan bagi peserta didik dalam rangka implementasi sistem penerimaan murid baru yang berlaku
- Penyediaan pembiayaan operasional pendukung pembelajaran praktik bagi peserta didik dalam menunjang kompetensi keahlian yang sesuai kebutuhan dunia kerja
- Pembiayaan pendidikan bagi peserta didik

Operasionalisasi:
a. Pemberian biaya pendidikan kepada peserta didik dari keluarga ekonomi tidak mampu sampai lulus
1) Melakukan pemetaan wilayah dan pendataan keluarga tidak mampu yang memiliki anak usia sekolah yang tidak sekolah
2) Melakukan verifikasi calon penerima biaya pendidikan dari keluarga tidak mampu
3) Menyusun NPK (Norma, Prosedur, Kriteria) tentang pemberian biaya pendidikan kepada peserta didik dari keluarga tidak mampu
4) Menyalurkan biaya pendidikan sesuai dengan ketentuan yang berlaku
5) Melakukan monitoring dan evaluasi pemanfaatan biaya pendidikan kepada peserta didik

b. Pemberian bantuan pendidikan berupa pembebasan atau pengurangan biaya pendididkan bagi peserta didik dalm rangka implementasi sistem penerimaan murid baru yang berlaku
1) Melakukan penghitungan daya tampung sekolah sesuai dengan peraturan Mendikdasmen tentang sistem penerimaan murid baru yang berlaku
2) Melakukan penghitungan atas calon murid yang tidak dapat ditampung di sekolah negeri untuk dapat ditampung sesuai dengan peraturan sistem penerimaan murid baru yang berlaku
3) Melakukan kerja sama dengan sekolah yang memiliki kelebihan daya tampung, sesuai dengan peraturan sistem penerimaan murid baru yang berlaku
4) Menyediakan bantuan pendidikan kepada calon murid dapat berupa pembebasan biaya pendidikan, atau pengurangan biaya pendidikan, sesuai dengan peraturan sistem penerimaan murid baru yang berlaku

c. Penyediaan pembiayaan operasional dan non-operasional (biaya investasi) untuk meningkatkan kualitas pembelajaran peserta didik yang selaras dengan dunia kerja.
- Menyediakan bantuan biaya operasional untuk meningkatkan kualitas pembelajaran peserta didik yang selaras dengan dunia kerja. Pembiayaan dilakukan melalui berbagai cara, misalnya: belanja pegawai, pemeliharaan sarana prasarana, dan kebutuhan operasional SMK lainnya menggunakan BOSDA.
- Menyediakan bantuan biaya non-operasional (biaya investasi) untuk meningkatkan kualitas pembelajaran peserta didik yang selaras dengan dunia kerja. Pembiayaan dilakukan melalui berbagai cara, misalnya: pembangunan ruang praktik, penyediaan peralatan praktik, dan pembangunan perpustakaan melalui dana hibah.
- Menyediakan bantuan untuk persiapan dan pelaksanaan sertifikasi kompetensi peserta didik, dalam bentuk dana, fasilitasi lokasi, dan pendampingan.
- Menyediakan beasiswa untuk peserta didik SMK dalam melaksanakan praktik kerja lapangan (PKL) di dunia kerja domestik atau internasional.

d. Penyediaan pembiayaan operasional pendukung pembelajaran praktik bagi peserta didik dalam menunjang kompetensi keahlian yang sesuai kebutuhan dunia kerja
1) Menyelenggarakan sosialisasi mengenai praktisi mengajar kepada dunia kerja, seperti: pengusaha, asosiasi profesi, asosiasi industri, Tim Koordinasi Daerah Vokasi, dan/atau Kadin.
2) Melakukan pemetaan dunia kerja yang bisa menyediakan praktisi untuk mengajar di SMK.
3) Memberikan rekomendasi praktisi dunia kerja untuk mengajar di SMK sesuai dengan keahliannya.
4) Memberikan dukungan dana untuk pelaksanaan praktisi yang mengajar di SMK (misalnya: untuk honorarium praktisi, penyusunan kurikulum bersama, sertifikat peserta didik).

NSPK:  
1) Instruksi Presiden Nomor 8 Tahun 2025 OPTIMALISASI PELAKSANAAN PENGENTASAN KEMISKINAN DAN PENGHAPUSAN KEMISKINAN EKSTREM
2) Peraturan Pemerintah Nomor 48 Tahun 2008 tentang Pendanaan Pendidikan, sebagaimana telah diubah dengan Peraturan Pemerintah Nomor 18 Tahun 2022
3) Permendikbudristek Nomor 32 Tahun 2022 Tentang Standar Teknis Pelayanan Minimal Pendidikan
4) Kepmendikbud Nomor 27/P/2022 tentang Satuan Biaya BOP PAUD Reguler, BOS Reguler dan BOP Kesetaraan Masing-Masing Daerah
5) Buku Panduan Penyelanggaraan PAUD Berkualitas Seri 8, tentang Kriteria Minimum dan Sarpras Esensial Penyelenggaraan PAUD, bagian Sarana Prasarana Esensial halaman 28 dst, sebagai acuan jumlah perlengkapan serta cara mendapatkan perlengkapan peserta didik berupa sarana dan prasarana
6) Buku Pedoman Peran Desa Dalam Penyelenggaraan PAUD, BAB II poin E, hal 27, sebagai acuan sarana dan prasarana yang perlu ada di satuan PAUD
7) Perpres Nomor 68 Tahun 20022 tentang Revitalisasi Pendidikan Vokasi dan Pelatihan Vokasi.
8) Permenko PMK Nomor 6 Tahun 2022 tentang Strategi Nasional Pendidikan Vokasi dan Pelatihan 
9) Peraturan Menteri Pendidikan Dasar dan Menengah Nomor 8 Tahun 2025 tentang Petunjuk Teknis Pengelolaan Dana Bantuan Operasional Satuan Pendidikan
10) Peraturan Menteri Pendidikan Dasar dan Menengah Nomor 10 Tahun 2025 tentang Standar Kompetensi Lulusan pada Pendidikan Anak Usia Dini, jenjang Pendidikan Dasar, dan Jenjang Pendidikan Menengah
11) Peraturan Dirjen Pendidikan Vokasi Nomor 31 Tahun 2022 tentang Petunjuk Teknis Bantuan Pemerintah Pelaksanaan Sertifikasi Kompetensi Siswa SMK."
1.01.02.2.01.0055	Pengadaan Alat Praktik dan Peraga Peserta Didik	Alat Praktik dan Peraga Peserta Didik yang Tersedia	Jumlah Alat Praktik dan Peraga Peserta Didik yang Tersedia	Paket	"Alat praktik dan peraga adalah perlengkapan yang diperlukan secara khusus untuk praktik atau sebagai peraga dalam mendukung pembelajaran agar mudah dipahami peserta didik.

Cakupan : 
- Pengadaan peralatan TIK dan alat praktik belajar literasi dan numerasi
- Pengadaan peralatan praktik penunjang pembelajaran bagi SMK sesuai standar industri

Operasionalisasi (Umum) : 
1) Melakukan pendataan satuan pendidikan yang belum memiliki peralatan TIK dan alat praktik belajar literasi dan numerasi
2) Mengusulkan satuan pendidikan yang belum memiliki peralatan TIK dan alat praktik belajar literasi dan numerasi untuk menerima DAK Fisik dan/atau sumber pendanaan lain yang relevan
3) Mengalokasikan dana dalam APBD untuk pengadaan TIK dan alat praktik belajar literasi dan numerasi bagi satuan pendidikan yang belum memiliki peralatan tersebut
4) Melakukan pengadaan peralatan TIK dan alat praktik belajar literasi dan numerasi sesuai peraturan perundang-undangan 
5) Melakukan supervisi dan evaluasi terhadap pemanfaatan, dan pemeliharaan peralatan TIK dan alat praktik belajar literasi dan numerasi

Operasionalisasi (SMK):
Pengadaan peralatan praktik sesuai dengan kompetensi keahlian

Operasionalisasi (PAUD/Jenjang Lain) : 
1) Melakukan identifikasi alat praktik dan peraga yang belum dimiliki satuan
2) Menyediakan alat praktik dan peraga untuk peserta didik di satuannya yang sesuai dengan NSPK

NSPK:  
1) Perpres Nomor 68 Tahun 2022 tentang Revitalisasi Pendidikan Vokasi dan Pelatihan Vokasi
2) Permenko PMK Nomor 6 Tahun 2022 tentang Strategi Nasional Pendidikan Vokasi dan Pelatihan Vokasi
3) Peraturan Menteri Pendidikan Dasar dan Menengah Nomor 13 Tahun 2025 tentang Perubahan atas Perubahan atas Peraturan Menteri Pendidikan, Kebudayaan, Riset dan Teknologi Nomor 12 Tahun 2024 tentang Kurikulum pada Pendidikan Anak Usia Dini, Jenjang Pendidikan Dasar, dan Jenjang Pendidikan Menengah
4) Peraturan Menteri Dalam Negeri terkait Pedoman Penyusunan Angg

Cakupan : 
- Pengadaan TIK untuk pembelajaran dan pengelolaan satuan pendidikan
- Penyediaan Alat Praktik dan Peraga untuk mendukung proses pembelajaran
- Pengadaan peralatan praktik penunjang pembelajaran bagi SMK sesuai standar industri

Operasionalisasi (SMK):
Pengadaan peralatan praktik sesuai dengan kompetensi keahlian

Operasionalisasi (PAUD/Jenjang Lain) : 
1) Melakukan identifikasi alat praktik dan peraga yang belum dimiliki satuan
2) Penyediaan alat praktik dan peraga untuk peserta didik di satuannya yang sesuai dengan NSPK

NSPK:  
1) Perpres Nomor 43 Tahun 2019 tentang Pembangunan, Rehabilitasi, atau Renovasi Pasar Rakyat, Prasarana Perguruan Tinggi, Perguruan Tinggi Keagamaan Islam, dan Satuan Pendidikan Dasar dan Menengah
 2) Permendikbud tentang standar pengelolaan ataupun standar sarana prasarana yang berlaku
 3) Peraturan yang mengatur terkait dengan jumlah rombongan belajar dalam Permendikbud Nomor 1 Tahun 2021 tentang Penerimaan Peserta Didik Baru pada Taman Kanak-Kanak, Sekolah Dasar, Sekolah Menengah Pertama, Sekolah Menengah Atas, dan Sekolah Menengah Kejuruan.
 4) Untuk menghitung kebutuhan USB/RKB, serta asumsi rombongan belajar minimum dan maksimum berdasar pada: (a) Permendikbud Nomor 22 Tahun 2022 tentang Standar  (b) Permendikbud Nomor 34 Tahun 2018 tentang Standar Nasional Pendidikan Sekolah Menengah Kejuruan/Madrasah Aliyah  
 5) Dalam menghitung biaya investasi dapat menggunakan satuan biaya USB/RKB berdasar pada usulan BA-BUN tahun 2021 atau sesuai ketentuan yang berlaku.
 6) Peraturan petunjuk teknis Dana Alokasi Khusus (DAK) Fisik yang berlaku sebagai rujukan dalam penentuan spesifikasi bangunan.
7) Peraturan Presiden RI Nomor 68 Tahun 2022 tentang Revitalisasi Pendidikan Vokasi dan Pelatihan Vokasi
 8) Peraturan Juknis DAK Fisik yang berlaku pada tahun berjalan
 9) Permenko PMK Nomor 6 Tahun 2022 tentang Strategi Nasional Pendidikan Vokasi dan Pelatihan Vokasi"
1.01.02.2.02.0007	Pembangunan Ruang Serba Guna/Aula	Ruang Serba Guna/Aula yang Terbangun	Jumlah Ruang Serba Guna/Aula yang Telah Dibangun	Ruang	"Cakupan : 
Penyediaan layanan pendidikan bagi satuan pendidikan yang membutuhkan ruang Serba Guna/Aula melalui pembangunan ruang Serba Guna/Aula

Operasionalisasi : 
1) Pendataan kebutuhan pembangunan ruang Serba Guna/Aula pada satuan pendidikan yang membutuhkan.
 2) Melakukan pembangunan ruang Serba Guna/Aula pada satuan pendidikan yang telah ditetapkan, baik secara swakelola maupun kontraktual sesuai dengan ketentuan yang berlaku.

NSPK:  
1) Perpres Nomor 68 Tahun 20022 tentang Revitalisasi Pendidikan Vokasi dan Pelatihan 
2) Perpres Nomor 43 Tahun 2019 tentang Pembangunan, Rehabilitasi, atau Renovasi Pasar Rakyat, Prasarana Perguruan Tinggi, Perguruan Tinggi Keagamaan Islam, dan Satuan Pendidikan Dasar dan Menengah
3) Permenko PMK Nomor 6 Tahun 2022 tentang Strategi Nasional Revitalisasi Pendidikan Vokasi dan Pelatihan Vokasi
4) Permendikdasmen Nomor 3 Tahun 2025 tentang Sistem Penerimaan Murid Baru
5) Permendikbud tentang standar pengelolaan ataupun standar sarana prasarana yang berlaku
6) Peraturan petunjuk teknis Dana Alokasi Khusus (DAK) Fisik yang berlaku sebagai rujukan dalam penentuan spesifikasi bangunan."
1.01.02.2.02.0012	Pembangunan Sarana, Prasarana dan Utilitas Sekolah	Sarana, Prasarana dan Utilitas Sekolah yang Terbangun	Jumlah Sarana, Prasarana dan Utilitas Sekolah yang Telah Dibangun	Unit	"Cakupan : 
Penyediaan layanan pendidikan di Satuan Pendidikan yang membutuhkan Sarana, Prasarana dan Utilitas Sekolah melalui pembangunan Sarana, Prasarana dan Utilitas Sekolah

Operasionalisasi : 
1) Pendataan kebutuhan Pembangunan Sarana, Prasarana dan Utilitas Sekolah pada satuan pendidikan yang membutuhkan.
2) Melakukan Pembangunan Sarana, Prasarana dan Utilitas Sekolah pada satuan pendidikan yang telah ditetapkan, baik secara swakelola maupun kontraktual sesuai dengan ketentuan yang berlaku.

NSPK:  
1) Perpres Nomor 68 Tahun 20022 tentang Revitalisasi Pendidikan Vokasi dan Pelatihan 
2) Perpres Nomor 43 Tahun 2019 tentang Pembangunan, Rehabilitasi, atau Renovasi Pasar Rakyat, Prasarana Perguruan Tinggi, Perguruan Tinggi Keagamaan Islam, dan Satuan Pendidikan Dasar dan Menengah
3) Permenko PMK Nomor 6 Tahun 2022 tentang Strategi Nasional Revitalisasi Pendidikan Vokasi dan Pelatihan Vokasi
4) Permendikbudristek No. 48 Tahun 2023 tentang Akomodasi Yang Layak bagi Peserta Didik Penyandang Disabilitas pada jenjang PAUD Formal, Dikdas, Dikmen, dan Dikti
5) Permendikdasmen Nomor 3 Tahun 2025 tentang Sistem Penerimaan Murid Baru
6) Permendikbud tentang standar pengelolaan ataupun standar sarana prasarana yang berlaku
7) Peraturan petunjuk teknis Dana Alokasi Khusus (DAK) Fisik yang berlaku sebagai rujukan dalam penentuan spesifikasi bangunan."
1.01.02.2.02.0014	Rehabilitasi Sedang/Berat Ruang Kelas Sekolah	Ruang kelas Sekolah yang Terehabilitasi Sedang/Berat	Jumlah Ruang kelas sekolah yang Telah Direhabilitasi Sedang/Berat	Ruang	"Cakupan  : 
- Penyediaan layanan pendidikan di daerah yang kekurangan daya tampung melalui rehabilitasi ruang kelas sekolah kondisi rusak sedang/berat
- Penyediaan layanan pendidikan di wilayah yang ditetapkan sebagai daerah terdepan, terluar, dan tertinggal melalui rehabilitasi ruang kelas sekolah kondisi rusak sedang/berat

Operasionalisasi: 
1) Melalukan pendataan kebutuhan rehabilitasi ruang kelas pada satuan pendidikan yang membutuhkan yang dilakukan berdasarkan jumlah ruang kelas kondisi rusak sedang/berat yang telah diinputkan dalam Dapodik. Untuk menghitung kebutuhan biaya rehabilitasi ruang kelas kodisi rusak sedang/berat berdasar pada satuan biaya DAK Fisik sesuai dengan ketentuan yang berlaku.
 2) Melaksanakan rehabilitasi ruang kelas kondisi rusak sedang/berat pada satuan pendidikan sesuai dengan ketentuan yang berlaku, dengan memperhatikan kelayakan peserta didik disabilitas, kenyamanan belajar, ramah anak, dan mendukung green school.

NSPK : 
1) Peraturan Presiden Nomor 43 Tahun 2019 tentang Pembangunan, Rehabilitasi, atau Renovasi Pasar Rakyat, Prasarana Perguruan Tinggi, Perguruan Tinggi Keagamaan Islam, dan Satuan Pendidikan Dasar dan Menengah
2) Permendikbud Nomor 84 Tahun 2014 tentang Pendirian Satuan Pendidikan Anak Usia Dini
3) Permendikbud Nomor 36 Tahun 2014 tentang Pedoman Pendirian, Perubahan, dan Penutupan Satuan Pendidikan Dasar dan Menengah
4) Permendikbudristek Nomor 22 Tahun 2023 tentang Standar Sarana dan Prasarana pada Pendidikan Anak Usia Dini, Jenjang Pendidikan Dasar, dan Jenjang Pendidikan Menengah
5) Permendikbudristek Nomor 47 Tahun 2023 tentang Standar Pengelolaan pada Pendidikan Anak Usia Dini, Jenjang Pendidikan Dasar, dan Jenjang Pendidikan Menengah
6) Permendikdasmen Nomor 3 Tahun 2025 tentang Sistem Penerimaan Murid Baru
7) Peraturan petunjuk teknis Dana Alokasi Khusus (DAK) Fisik yang berlaku sebagai rujukan dalam penentuan spesifikasi bangunan.
8) Terkait dengan pemeriksaan serta penetapan kerusakan gedung yang aman bagi peserta didik pada satuan PAUD terdapat pada NPK tentang Lingkungan Belajar Aman Bab III halaman 21 dst."
1.01.02.2.02.0017	Rehabilitasi Sedang/Berat Perpustakaan Sekolah	Perpustakaan Sekolah yang Terehabilitasi Sedang/Berat	Jumlah Perpustakaan Sekolah yang Telah Direhabilitasi Sedang/Berat	Ruang	"Perpustakaan Sekolah adalah tempat yang digunakan untuk kegiatan peserta didik dan guru memperoleh informasi dari berbagai jenis bahan pustaka dengan standar sarana dan prasarana sesuai ketentuan. 

TBM (Taman Bacaan Masyarakat) adalah tempat sekaligus layanan keberaksaraan/literasi masyarakat yang bertujuan untuk menumbuh kembangkan dan meningkatkan minat baca serta literasi masyarakat dengan memanfaatkan seluruh potensi sumber daya termasuk Teknologi Informasi dan Jaringan sesuai dengan kebutuhan masyarakat setempat

Cakupan : 
Penyediaan layanan pendidikan bagi satuan pendidikan yang membutuhkan ruang perpustakaan melalui rehab ruang perpustakaan/TBM pada pendidikan non formal dengan kondisi rusak sedang/berat.
 
Operasionalisasi : 
1) Pendataan kebutuhan rehabilitasi ruang Perpustakaan pada satuan pendidikan yang membutuhkan yang dilakukan berdasarkan kondisi rusak sedang/berat yang telah diinputkan dalam Dapodik. Untuk menghitung kebutuhan biaya rehabilitasi Ruang Perpustakaan kodisi rusak sedang/berat berdasar pada satuan biaya DAK Fisik sesuai dengan ketentuan yang berlaku.
2) Melakukan rehabilitasi Ruang Perpustakaan kondisi rusak sedang/berat pada satuan pendidikan yang telah ditetapkan sesuai dengan ketentuan yang berlaku.

NSPK:  
1) Perpres Nomor 68 Tahun 20022 tentang Revitalisasi Pendidikan Vokasi dan Pelatihan 
2) Perpres Nomor 43 Tahun 2019 tentang Pembangunan, Rehabilitasi, atau Renovasi Pasar Rakyat, Prasarana Perguruan Tinggi, Perguruan Tinggi Keagamaan Islam, dan Satuan Pendidikan Dasar dan Menengah
3) Permenko PMK Nomor 6 Tahun 2022 tentang Strategi Nasional Revitalisasi Pendidikan Vokasi dan Pelatihan Vokasi
4) Permendikdasmen Nomor 3 Tahun 2025 tentang Sistem Penerimaan Murid Baru
5) Permendikbud tentang standar pengelolaan ataupun standar sarana prasarana yang berlaku
6) NPK Seri 8 - Kriteria Minimum & Sarpras Esensial Penyelenggaraan PAUD"
1.01.02.2.02.0024	Rehabilitasi Sedang/Berat Sarana, Prasarana dan Utilitas Sekolah	Sarana, Prasarana dan Utilitas Sekolah yang Terehabilitasi Sedang/Berat	Jumlah Sarana, Prasarana dan Utilitas Sekolah yang Telah Direhabilitasi Sedang/Berat	Unit	"Cakupan : 
Penyediaan layanan pendidikan di satuan pendidikan melalui rehabilitasi Sarana, Prasarana dan Utilitas Sekolah dengan kondisi rusak sedang/berat

Operasionalisasi : 
1) Pendataan kebutuhan rehabilitasi Sarana, Prasarana dan Utilitas pada satuan pendidikan yang membutuhkan yang dilakukan berdasarkan kondisi rusak sedang/berat yang telah diinputkan dalam Dapodik. Untuk menghitung kebutuhan biaya rehabilitasi Sarana, Prasarana dan Utilitas kodisi rusak sedang/berat berdasar pada satuan biaya DAK Fisik sesuai dengan ketentuan yang berlaku.
 2) Melakukan rehabilitasi Sarana, Prasarana dan Utilitas kondisi rusak sedang/berat pada satuan pendidikan yang telah ditetapkan sesuai dengan ketentuan yang berlaku.

NSPK:  
1) Perpres Nomor 68 Tahun 20022 tentang Revitalisasi Pendidikan Vokasi dan Pelatihan 
2) Perpres Nomor 43 Tahun 2019 tentang Pembangunan, Rehabilitasi, atau Renovasi Pasar Rakyat, Prasarana Perguruan Tinggi, Perguruan Tinggi Keagamaan Islam, dan Satuan Pendidikan Dasar dan Menengah
3) Permenko PMK Nomor 6 Tahun 2022 tentang Strategi Nasional Revitalisasi Pendidikan Vokasi dan Pelatihan Vokasi
4) Permendikbudristek No. 48 Tahun 2023 tentang Akomodasi Yang Layak bagi Peserta Didik Penyandang Disabilitas pada jenjang PAUD Formal, Dikdas, Dikmen, dan Dikti
5) Permendikdasmen No. 3 Tahun 2025 tentang Sistem Penerimaan Murid Baru
6) Permendikbud tentang standar pengelolaan ataupun standar sarana prasarana yang berlaku
7) Peraturan petunjuk teknis Dana Alokasi Khusus (DAK) Fisik yang berlaku sebagai rujukan dalam penentuan spesifikasi bangunan.
8) Terkait dengan sarana dan prasarana yang perlu direhabilitasi untuk memberikan lingkungan yang aman baik di dalam dan di luar ruangan terdapat pada NPK tentang Lingkungan Belajar Aman Bab III halaman 25 dst.
9) Peraturan petunjuk teknis Dana Alokasi Khusus Fisik yang berlaku : sebagai rujukan dalam penentuan spesifikasi bangunan
10) NPK PAUD Berkualitas Seri 8 tentang Kriteria Minimum & Sarpras Esensial Penyelenggaraan PAUD"
1.01.02.2.02.0025	Pengadaan Mebel Sekolah	Mebel Sekolah yang Tersedia	Jumlah Mebel Sekolah yang Tersedia	Paket	"Cakupan : 
- Mebel sekolah adalah perabot yang diperlukan, seperti barang atau benda yang dapat dipindah-pindah, digunakan di sekolah.
- Pengadaan mebel untuk satuan pendidikan guna menunjang pembelajaran

Operasionalisasi : 
1) Identifikasi satuan pendidikan yang menjadi sasaran penerima mebel sekolah.
2) Pengadaan dan penyaluran mebel sekolah sesuai dengan ketentuan yang berlaku

NSPK:  
1) Perpres Nomor 68 Tahun 20022 tentang Revitalisasi Pendidikan Vokasi dan Pelatihan 
2) Perpres Nomor 43 Tahun 2019 tentang Pembangunan, Rehabilitasi, atau Renovasi Pasar Rakyat, Prasarana Perguruan Tinggi, Perguruan Tinggi Keagamaan Islam, dan Satuan Pendidikan Dasar dan Menengah
3) Permenko PMK Nomor 6 Tahun 2022 tentang Strategi Nasional Revitalisasi Pendidikan Vokasi dan Pelatihan Vokasi
4) Permendikdasmen Nomor 3 Tahun 2025 tentang Sistem Penerimaan Murid Baru
5) Permendikbud tentang standar pengelolaan ataupun standar sarana prasarana yang berlaku
6) NPK Seri 8 - Kriteria Minimum & Sarpras Esensial Penyelenggaraan PAUD"
1.01.02.2.02.0026	Pengadaan Alat Rumah Tangga Sekolah	Alat Rumah Tangga Sekolah yang Tersedia	Jumlah Alat Rumah Tangga Sekolah yang Tersedia	Paket	"Cakupan : 
Pengadaan alat rumah tangga sekolah untuk menunjang prose pembelajaran dan pengelolaan satuan pendidikan

Operasionalisasi : 
1) Identifikasi satuan pendidikan yang menjadi sasaran penerima Alat Rumah Tangga sekolah.
2) Pengadaan dan penyaluran Alat Rumah Tangga sekolah sesuai dengan ketentuan yang berlaku

NSPK:  
1) Perpres Nomor 68 Tahun 20022 tentang Revitalisasi Pendidikan Vokasi dan Pelatihan 
2) Perpres Nomor 43 Tahun 2019 tentang Pembangunan, Rehabilitasi, atau Renovasi Pasar Rakyat, Prasarana Perguruan Tinggi, Perguruan Tinggi Keagamaan Islam, dan Satuan Pendidikan Dasar dan Menengah
3) Permenko PMK Nomor 6 Tahun 2022 tentang Strategi Nasional Revitalisasi Pendidikan Vokasi dan Pelatihan Vokasi
4) Permendikdasmen Nomor 3 Tahun 2025 tentang Sistem Penerimaan Murid Baru
5) Permendikbud tentang standar pengelolaan ataupun standar sarana prasarana yang berlaku
6) Peraturan petunjuk teknis Dana Alokasi Khusus (DAK) Fisik yang berlaku sebagai rujukan dalam penentuan spesifikasi bangunan.
7) NPK Seri 8 - Kriteria Minimum & Sarpras Esensial Penyelenggaraan PAUD"
1.01.02.2.02.0030	Pemeliharaan Rutin Sarana, Prasarana dan Utilitas Sekolah	Terlaksananya Pemeliharaan Rutin Sarana, Prasarana dan Utilitas Sekolah	Jumlah Sarana, Prasarana dan Utilitas Sekolah yang Dilaksanakan Pemeliharaan	Unit	"Cakupan : 
- Pemeliharaan/perawatan ringan yang dilakukan secara berkala atau bersifat rutin terhadap sarana, prasarana, dan utilitas sekolah untuk menjaga tetap dalam keadaan baik

Operasionalisasi : 
1) Pendataan Sarana, Prasarana dan Utilitas Sekolah yang memerlukan pemeliharaan
2) Pelaksanaan pemiliharaan rutin Sarana, Prasarana dan Utilitas Sekolah.

NSPK:  
1. Perpres Nomor 68 Tahun 20022 tentang Revitalisasi Pendidikan Vokasi dan Pelatihan 
2) Perpres Nomor 43 Tahun 2019 tentang Pembangunan, Rehabilitasi, atau Renovasi Pasar Rakyat, Prasarana Perguruan Tinggi, Perguruan Tinggi Keagamaan Islam, dan Satuan Pendidikan Dasar dan Menengah
3) Permenko PMK Nomor 6 Tahun 2022 tentang Strategi Nasional Revitalisasi Pendidikan Vokasi dan Pelatihan Vokasi
4) Permendikbudristek No. 48 Tahun 2023 tentang Akomodasi Yang Layak bagi Peserta Didik Penyandang Disabilitas pada jenjang PAUD Formal, Dikdas, Dikmen, dan Dikti
5) Permendikdasmen Nomor 3 Tahun 2025 tentang Sistem Penerimaan Murid Baru
6) Permendikbud tentang standar pengelolaan ataupun standar sarana prasarana yang berlaku
7) Peraturan petunjuk teknis Dana Alokasi Khusus (DAK) Fisik yang berlaku sebagai rujukan dalam penentuan spesifikasi bangunan."
1.01.02.2.02.0032	Penyediaan Biaya Personil Peserta Didik Sekolah Menengah Pertama	Biaya Personil Peserta Didik Sekolah Menengah Pertama Diterima oleh Peserta Didik	Jumlah Peserta didik Sekolah Menengah Pertama yang Menerima Biaya Personil Peserta Didik	Peserta Didik	"Cakupan : 
- Pemberian biaya pendidikan kepada peserta didik dari keluarga tidak mampu sampai lulus
- Pemberian bantuan pendidikan berupa pembebasan atau pengurangan biaya pendidikan bagi peserta didik dalam rangka implementasi sistem penerimaan murid baru yang berlaku
- Penyediaan pembiayaan operasional pendukung pembelajaran praktik bagi peserta didik dalam menunjang kompetensi keahlian yang sesuai kebutuhan dunia kerja
- Pembiayaan pendidikan bagi peserta didik

Operasionalisasi:
a. Pemberian biaya pendidikan kepada peserta didik dari keluarga ekonomi tidak mampu sampai lulus
1) Melakukan pemetaan wilayah dan pendataan keluarga tidak mampu yang memiliki anak usia sekolah yang tidak sekolah
2) Melakukan verifikasi calon penerima biaya pendidikan dari keluarga tidak mampu
3) Menyusun NPK (Norma, Prosedur, Kriteria) tentang pemberian biaya pendidikan kepada peserta didik dari keluarga tidak mampu
4) Menyalurkan biaya pendidikan sesuai dengan ketentuan yang berlaku
5) Melakukan monitoring dan evaluasi pemanfaatan biaya pendidikan kepada peserta didik

b. Pemberian bantuan pendidikan berupa pembebasan atau pengurangan biaya pendididkan bagi peserta didik dalm rangka implementasi sistem penerimaan murid baru yang berlaku
1) Melakukan penghitungan daya tampung sekolah sesuai dengan peraturan Mendikdasmen tentang sistem penerimaan murid baru yang berlaku
2) Melakukan penghitungan atas calon murid yang tidak dapat ditampung di sekolah negeri untuk dapat ditampung sesuai dengan peraturan sistem penerimaan murid baru yang berlaku
3) Melakukan kerja sama dengan sekolah yang memiliki kelebihan daya tampung, sesuai dengan peraturan sistem penerimaan murid baru yang berlaku
4) Menyediakan bantuan pendidikan kepada calon murid dapat berupa pembebasan biaya pendidikan, atau pengurangan biaya pendidikan, sesuai dengan peraturan sistem penerimaan murid baru yang berlaku

c. Penyediaan pembiayaan operasional dan non-operasional (biaya investasi) untuk meningkatkan kualitas pembelajaran peserta didik yang selaras dengan dunia kerja.
- Menyediakan bantuan biaya operasional untuk meningkatkan kualitas pembelajaran peserta didik yang selaras dengan dunia kerja. Pembiayaan dilakukan melalui berbagai cara, misalnya: belanja pegawai, pemeliharaan sarana prasarana, dan kebutuhan operasional SMK lainnya menggunakan BOSDA.
- Menyediakan bantuan biaya non-operasional (biaya investasi) untuk meningkatkan kualitas pembelajaran peserta didik yang selaras dengan dunia kerja. Pembiayaan dilakukan melalui berbagai cara, misalnya: pembangunan ruang praktik, penyediaan peralatan praktik, dan pembangunan perpustakaan melalui dana hibah.
- Menyediakan bantuan untuk persiapan dan pelaksanaan sertifikasi kompetensi peserta didik, dalam bentuk dana, fasilitasi lokasi, dan pendampingan.
- Menyediakan beasiswa untuk peserta didik SMK dalam melaksanakan praktik kerja lapangan (PKL) di dunia kerja domestik atau internasional.

d. Penyediaan pembiayaan operasional pendukung pembelajaran praktik bagi peserta didik dalam menunjang kompetensi keahlian yang sesuai kebutuhan dunia kerja
1) Menyelenggarakan sosialisasi mengenai praktisi mengajar kepada dunia kerja, seperti: pengusaha, asosiasi profesi, asosiasi industri, Tim Koordinasi Daerah Vokasi, dan/atau Kadin.
2) Melakukan pemetaan dunia kerja yang bisa menyediakan praktisi untuk mengajar di SMK.
3) Memberikan rekomendasi praktisi dunia kerja untuk mengajar di SMK sesuai dengan keahliannya.
4) Memberikan dukungan dana untuk pelaksanaan praktisi yang mengajar di SMK (misalnya: untuk honorarium praktisi, penyusunan kurikulum bersama, sertifikat peserta didik).

NSPK:  
1) Instruksi Presiden Nomor 8 Tahun 2025 OPTIMALISASI PELAKSANAAN PENGENTASAN KEMISKINAN DAN PENGHAPUSAN KEMISKINAN EKSTREM
2) Peraturan Pemerintah Nomor 48 Tahun 2008 tentang Pendanaan Pendidikan, sebagaimana telah diubah dengan Peraturan Pemerintah Nomor 18 Tahun 2022
3) Permendikbudristek Nomor 32 Tahun 2022 Tentang Standar Teknis Pelayanan Minimal Pendidikan
4) Kepmendikbud Nomor 27/P/2022 tentang Satuan Biaya BOP PAUD Reguler, BOS Reguler dan BOP Kesetaraan Masing-Masing Daerah
5) Buku Panduan Penyelanggaraan PAUD Berkualitas Seri 8, tentang Kriteria Minimum dan Sarpras Esensial Penyelenggaraan PAUD, bagian Sarana Prasarana Esensial halaman 28 dst, sebagai acuan jumlah perlengkapan serta cara mendapatkan perlengkapan peserta didik berupa sarana dan prasarana
6) Buku Pedoman Peran Desa Dalam Penyelenggaraan PAUD, BAB II poin E, hal 27, sebagai acuan sarana dan prasarana yang perlu ada di satuan PAUD
7) Perpres Nomor 68 Tahun 20022 tentang Revitalisasi Pendidikan Vokasi dan Pelatihan Vokasi.
8) Permenko PMK Nomor 6 Tahun 2022 tentang Strategi Nasional Pendidikan Vokasi dan Pelatihan 
9) Peraturan Menteri Pendidikan Dasar dan Menengah Nomor 8 Tahun 2025 tentang Petunjuk Teknis Pengelolaan Dana Bantuan Operasional Satuan Pendidikan
10) Peraturan Menteri Pendidikan Dasar dan Menengah Nomor 10 Tahun 2025 tentang Standar Kompetensi Lulusan pada Pendidikan Anak Usia Dini, jenjang Pendidikan Dasar, dan Jenjang Pendidikan Menengah
11) Peraturan Dirjen Pendidikan Vokasi Nomor 31 Tahun 2022 tentang Petunjuk Teknis Bantuan Pemerintah Pelaksanaan Sertifikasi Kompetensi Siswa SMK."
1.01.02.2.02.0038	Pembinaan Minat, Bakat dan Kreativitas Siswa	Siswa yang Mengikuti Ajang Kompetisi/Lomba Akademik dan Non Akademik	Jumlah Siswa yang Mengikuti Ajang Kompetisi/Lomba Akademik dan Non Akademik	Peserta Didik	"Cakupan : 
- Fasilitasi pembinaan dan pelaksanaan kompetisi/lomba akademik dan non-akademik baik tingkat provinsi, nasional, maupun internasional

Operasionalisasi :
1) Melakukan pemetaan minat dan bakat peserta didik yang berpotensi untuk mengikuti berbagai kompetisi/lomba, baik tingkat provinsi, nasional, maupun internasional.
2) Menyelenggarakan kompetisi/lomba akademik dan non-akademik tingkat provinsi/kabupaten/kota
3) Melakukan seleksi dan pembinaan talenta peserta didik untuk mengikuti ajang kompetisi nasional, seperti LKS tingkat nasional, FLS2N, dan KOSN
4) Memfasilitasi peserta didik yang mengikuti ajang kompetisi nasional maupun internasional.

NSPK  :  
1) Perpres Nomor 68 Tahun 2022 tentang Revitalisasi Pendidikan Vokasi dan Pelatihan Vokasi.
 2) Permenko PMK Nomor 6 Tahun 2022 tentang Strategi Nasional Pendidikan Vokasi dan Pelatihan Vokasi
 3) Kepmendikbudristek Nomor 165 Tahun 2021 tentang Program Sekolah Menengah Kejuruan Pusat Unggulan
4) Peraturan Pemerintah Nomor 19 Tahun 2005 tentang Standar Nasional Pendidikan sebagaimana telah diubah dengan Peraturan Pemerintah Nomor 32 Tahun 2013 dan Peraturan Pemerintah Nomor 13 tahun 2015 tentang Perubahan Atas Peraturan Pemerintah Nomor 19 Tahun 2005 tentang Standar Nasional 
5) Peraturan Menteri Pendidikan Nasional Nomor 39 Tahun 2008 tentang Pembinaan 
6) Peraturan Menteri Pendidikan dan Kebudayaan Nomor 20 Tahun 2018 tentang Penguatan Pendidikan Karakter pada Satuan Pendidikan"
1.01.02.2.02.0041	Pembinaan Kelembagaan dan Manajemen Sekolah	Terlaksananya Pembinaan Kelembagaan dan Manajemen Sekolah	Jumlah Sekolah Menengah Pertama yang Dilaksanakan Pembinaan	Satuan Pendidikan	"Pembinaan kelembagaan dan manajemen sekolah merupakan pembinaan terkait pengaturan kewenangan dan penggunaan sumber daya dalam penyelenggaraan pendidikan sesuai dengan standar pengelolaan pendidikan.

Cakupan : 
- Fasilitasi penguatan pendidikan karakter melalui Gerakan Tujuh Kebiasaan Anak Indonesia Hebat
- Fasilitasi penguatan peran Bimbingan Konseling di satuan pendidikan
- Pemberian layanan pendampingan bagi satuan pendidikan anak usia dini paling sedikit 1 (satu) kali dalam 6 (enam) bulan
- Iklim Keamanan: Fasilitasi peningkatan pemahaman dan sistem pelayanan pendampingan kepada satuan pendidikan terkait keamanan untuk mencegah perundungan, kekeragan seksual, dan hukuman fisik
- Iklim Kebinekaan: Fasilitasi peningkatan pemahaman dan sistem pelayanan pendampingan kepada satuan pendidikan terkait kebinekaan untuk mencegah diskriminasi terhadap ekonomi, gender, fisik, agama, suku, dan budaya
- Iklim Inklusivitas: Fasilitasi peningkatan pemahaman dan sistem pelayanan pendampingan kepada satuan pendidikan terkait inklusivitas untuk meningkatkan layanan pendidikan inklusif terutama terhadap peserta didik penyandang disabilitas, peserta didik yang memiliki kecerdasan istimewa dan berbakat istimewa
- Fasilitasi kemitraan antara dunia kerja dan SMK untuk mendukung penyesuaian link and match pendidikan SMK terhadap kebutuhan dunia kerja.
 Konsep link and match merupakan bentuk penyelarasan yang menyeluruh dan mendalam antara SMK dengan dunia kerja yang melingkupi delapan komponen dan tidak sebatas hanya penandatanganan MoU.


Operasionalisasi : 
a. Penguatan Pendidikan Karakter
- Melakukan pendampingan ke satuan pendidikan dalam penguatan pendidikan karakter melalui Gerakan Tujuh Kebiasaan Anak Indonesia Hebat
- Melakukan pemantauan dan evaluasi pelaksanaan pembelajaran pendidikan karakter melalui Gerakan Tujuh Kebiasaan Anak lndonesia Hebat dan penerapan tata kelola pendidikan yang bersih dan baik yang dilaksanakan di satuan pendidikan paling sedikit 1 (satu) kali dalam setahun.

b. Penguatan Peran BK di Satuan Pendidikan
- Melakukan pemetaan keberadaan guru/peran BK di satuan pendidikan
- Melakukan koordinasi peningkatan peran BK di satuan pendidikan
- Melakukan supervisi dan evaluasi peran BK di satuan pendidikan

c. Iklim Keamanan
- Melakukan sosialisasi kebijakan tentang Pencegahan dan Penanganan Kekerasan di lingkungan Satuan Pendidikan (PPKSP) kepada kepala sekolah dan Tim Pencegahan dan Penanganan Kekerasan (TPPK)
- Memfasilitasi pembentukan TPPK dan pelaksanaan tugas TPPK di satuan pendidikan
- Memfasilitasi koordinasi pelaksanaan kebijakan PPKSP dengan instansi terkait
- Melakukan supervisi dan evaluasi pelaksanaan kebijakan dan program PPKSP
- Menyusun peraturan atau tata tertib yang mendukung iklim keamanan di lingkungan satuan pendidikan
- Menyiapkan kanal aduan/laporan apabila terjadi kasus terkait iklim keamanan di lingkungan satuan pendidikan

d. Iklim Kebinekaan
- Memfasilitasi diseminasi informasi, modul, dan konten dari Kementerian terkait kebinekaan, a.l. Modul Wawasan Kebinekaan Global
- Melaksanakan sosialisasi dan diskusi bertemakan kebinekaan, a.l. gelar wicara, podcast, seminar, dll.
- Menyusun peraturan atau tata tertib yang mendukung kebinekaan di lingkungan satuan pendidikan
- Menyiapkan kanal aduan/laporan apabila terjadi kasus terkait isu kebinekaan

e. Iklim Inklusivitas
- Melakukan koordinasi dengan penyedia layanan lintas urusan (SKPD dan/atau K/L) dalam rangka pemenuhan layanan pendidikan yang sesuai bagi peserta didik penyandang disabilitas dan cerdas istimewa bakat istimewa
- Menyediakan akomodasi yang layak bagi peserta didik penyandang disabilitas dan Cerdas Istimewa dan Berbakat Istimewa (CIBI) sesuai ketentuan yang berlaku
- Menyediakan dukungan pelaksanaan layanan khusus di satuan pendidikan (a.l. anak yang berhadapan dengan hukum, masyarakat adat, anak terlantar, dan sejenisnya)
- Melakukan sosialisasi peningkatan layanan satuan pendidikan yang inklusif. 
- Menyediakan teknologi asistif bagi peserta didik penyandang disabilitas pada ULD (Unit Layanan Disabilitas) bidang pendidikan.
- Menyediakan alat peraga bagi peserta didik penyandang disabilitias

Operasionalisasi (SMK):
1) Pendataan jumlah SMK yang telah melaksanakan link and match minimal 4 komponen
 2) Kegiatan fasilitasi pelaksanaan kemitraan SMK dengan dunia kerja mengacu pada link and match
  Catatan:
 a) penyelarasan kurikulum berbasis 
 b) peningkatan kompetensi bagi pendidik, tenaga kependidikan, dan peserta 
 c) penyediaan pendidik tamu dari Dunia Usaha dan Dunia Industri (DUDI) di satuan pendidikan 
 d) pengembangan dan pemanfaatan sarana dan prasarana
 e) sertifikasi kompetensi bagi pendidik, tenaga kependidikan, dan peserta 
 f) praktik kerja lapangan dan/atau 
 g) rekrutmen lulusan pendidikan  dan
 h) pemberian beasiswa

Operasionalisasi (PAUD) : 
- Melakukan pendampingan konsultatif sesuai kebutuhan PAUD dalam hal kelembagaan dan manajemen untuk mencapai PAUD Berkualitas
-  Melakukan pendampingan teknis dalam hal kelembagaan dan manajemen untuk mencapai PAUD Berkualitas

NSPK:  
1) Undang-Undang Nomor 20 Tahun 2003 Tentang Sistem Pendidikan Nasional
2) Undang-Undang Nomor 12 Tahun 2022 tentang Tindak Pidana Kekerasan Seksual, Bab VII Pencegahan, Koordinasi, dan Pemantauan.
3) PP Nomor 57 Tahun 2021 tentang Standar Pendidikan Nasional
4) Permendikbudristek Nomor 32 tahun 2022 tentang Standar Teknis Pelayanan Minimal bidang Pendidikan pada Tatacara Pemenuhan
5) Perpres Nomor 101 Tahun 2022 Tentang Strategi Nasional Penghapusan Kekerasan Anak
6) Permendikbud Nomor 82 Tahun 2015 tentang Pencegahan dan Penanggulangan Tindak Kekerasan di Satuan Pendidikan
7) Permendikbud Nomor 18 Tahun 2016 tentang Pengenalan Lingkungan Sekolah Bagi Siswa Baru
8) Permendiknas Nomor 70 Tahun 2009 tentang pendidikan inklusif
9) Peraturan Menteri Bersama Nomor 6/X/PB/2014 tentang Pembinaan dan Pengembangan Usaha Kesehatan Sekolah/Madrasah
10) Permendikbudristek 46 Th 2023 tentang Pencegahan dan Penanganan Kekerasan di Lingkungan Satuan Pendidikan, 
11) Permendikbudristek No. 48 Tahun 2023 tentang Akomodasi Yang Layak Bagi Peserta Didik Penyandang Disabilitas pada jenjang PAUD Formal, Dikdas, Dikmen dan Dikti

NSPK (SMK) : 
1) Perpres Nomor 68 Tahun 2022 tentang Revitalisasi Pendidikan Vokasi dan Pelatihan Vokasi.
 2) Permenko PMK Nomor 6 Tahun 2022 tentang Strategi Nasional Pendidikan Vokasi dan Pelatihan Vokasi.
 3) Permendikbud Nomor 16 Tahun 2022 tentang Standar Proses Pendidikan Anak Usia Dini, Jenjang Pendidikan Dasar, dan Jenjang Pendidikan Menengah.

NSPK (PAUD) : 
Pedoman Umum Penyelenggaraan PAUD Berkualitas pada BAB 8 hal 63 dst : sebagai acuan untuk pembinaan kelembagaan dan manajemen PAUD dalam mendukung PAUD berkualitas"
1.01.02.2.02.0042	Pengelolaan Dana BOS Sekolah Menengah Pertama	Terlaksananya Pengelolaan Dana BOS Sekolah Menengah Pertama	Jumlah Sekolah Menengah pertama yang Mengelola Dana BOS	Satuan Pendidikan	"Dana BOS adalah dana yang digunakan terutama untuk mendanai belanja nonpersonalia bagi satuan pendidikan dasar dan menengah sebagai pelaksana program wajib belajar, dan dapat dimungkinkan untuk mendanai beberapa kegiatan lain sesuai dengan ketentuan peraturan perundang-undangan

Cakupan : 
Fasilitasi sosialisasi/monitoring/evaluasi dalam percepatan pengelolaan dana BOS/BOP Paud

Operasionalisasi : 
1)Identifikasi kebutuhan satuan pendidikan yang perlu di fasilitasi
2) Penyelenggaraan sosialisasi/monitoring/evaluasi dalam percepatan pengelolaan dana BOS/BOP Paud

NSPK:  
1) Peraturan Pemerintah Nomor 48 Tahun 2008 tentang Pendanaan Pendidikan, sebagaimana telah diubah dengan Peraturan Pemerintah Nomor 18 Tahun 2022
2) Permendikbudristek Nomor 32 Tahun 2022 Tentang Standar Teknis Pelayanan Minimal Pendidikan
3) Kepmendikbud Nomor 27/P/2022 tentang Satuan Biaya BOP PAUD Reguler, BOS Reguler dan BOP Kesetaraan Masing-Masing Daerah
4) Buku Panduan Penyelanggaraan PAUD Berkualitas Seri 8, tentang Kriteria Minimum dan Sarpras Esensial Penyelenggaraan PAUD, bagian Sarana Prasarana Esensial halaman 28 dst, sebagai acuan jumlah perlengkapan serta cara mendapatkan perlengkapan peserta didik berupa sarana dan prasarana
5) Buku Pedoman Peran Desa Dalam Penyelenggaraan PAUD, BAB II poin E, hal 27, sebagai acuan sarana dan prasarana yang perlu ada di satuan PAUD&
6) Undang-Undang Nomor 23 Tahun 2014 tentang Pemerintahan Daerah sebagaimana telah beberapa kali diubah terakhir dengan Undang Undang Nomor 9 Tahun 2015 tentang Perubahan Kedua atas Undang-Undang Nomor 23 Tahun 2014 tentang Pemerintahan Daerah
7) Peraturan Pemerintah Nomor 55 Tahun 2005 tentang Dana Perimbangan
8) Peraturan Menteri Pendidikan Dasar dan Menengah Nomor 8 tahun 2025 tentang Petunjuk Teknis Pengelolaan Dana Bantuan Operasional Satuan Pendidikan"
1.01.02.2.02.0052	Sosialisasi dan Advokasi Kebijakan Bidang Pendidikan	Terlaksananya kegiatan sosialisasi dan advokasi kebijakan di bidang Pendidikan	Jumlah kegiatan sosialisasi dan advokasi kebijakan di bidang Pendidikan yang dilaksanakan	Dokumen	"Cakupan : 
- Pendampingan kepada Satuan PAUD untuk penguatan kemampuan fondasi terkait literasi dan numerasi (yang efektif dan efisien dalam menyasar guru)
- Sosialisasi dan advokasi penguatan pendidikan karakter melalui Gerakan Tujuh Kebiasaan Anak Indonesia Hebat
- Sosialisasi dan advokasi terkait edukasi nilai-nilai dalam penyediaan makanan bergizi bagi peserta didik
- Sosialisasi kepada satuan pendidikan paling sedikit mengenai kualitas layanan Pendidikan Anak Usia Dini yang meliputi pentingnya proses pembelajaran dan pengelolaan yang berkualitas, yang dilakukan paling sedikit 1 (satu) kali dalam 1 (satu) tahun ajaran 

Operasionalisasi (PAUD): 
1. Membentuk Forum Komunikasi PAUD-SD apabila belum memiliki dan aktivasi Forum Komunikasi PAUD-SD jika sudah memiliki
2. Melakukan Advokasi tentang miskonsepsi membaca, menulis, menghitung (calistung) dan pentingnya membangun kemampuan literasi numerasi secara menyeluruh
3. Memfasilitasi pelatihan bagi pendidik dan tenaga kependidikan

Operasionalisasi (Penguatan Pendidikan Karakter):
- Menyusun kebijakan turunan penguatan pendidikan karakter melalui Gerakan Tujuh Kebiasaan Anak Indonesia Hebat, seperti:
a.. Pemberdayaan Catur Pusat Pendidikan (Satuan Pendidikan, Keluarga, Masyarakat dan Media)
b. Kegiatan pertemuan Pagi Ceria, yaitu: (i) senam pagi Anak Indonesia Hebat minimal dua kali dalam  (ii) Menyanyikan lagu Indonesia Raya sebagai bentuk cinta tanah  dan (iii) berdoa bersama sesuai keyakinan masing-masing untuk bersyukur , memohon kelancaran pembelajaran dan memperkuat nilai spiritual dan toleransi antarpeserta didik
c. Gerakan Kepanduan dan Ekstrakurikuler lainnya
- Melakukan sosialisasi dan advokasi implementasi Gerakan Tujuh Kebiasaan Anak Indonesia Hebat kepada stakeholder pendidikan

Operasionalisasi (Dukungan Program Makan Bergizi)
- Melakukan sosialisasi terkait edukasi nilai-nilai dalam penyediaan makanan bergizi bagi peserta didik (Perilaku Hidup Bersih Sehat/PHBS, budaya antri, berdoa, makan sehat, gizi, dan lain-lain)
- Melakukan pendampingan ke satuan pendidikan terkait penyediaan makanan bergizi bagi peserta didik

Operasionalisasi (Penjaminan dan Peningkatan Mutu Pendidikan)
-Melakukan pengembangan kapasitas pendamping satuan Pendidikan dan SDM pada satuan pendidikan

NSPK:  
1) Peraturan Presiden No. 87 Tahun 2017 tentang Penguatan Pendidikan Karakter
2) Peraturan Pemerintah Nomor 57 Tahun 2021 tentang tentang Standar Nasional 
3) Peraturan Menteri Pendidikan, dan Kebudayaan No. 23 Tahun 2015 tentang Penumbuhan Budi Pekerti
4) Peraturan Menteri Pendidikan, dan Kebudayaan  No. 20 Tahun 2018 tentang Penguatan Pendidikan Karakter Pada Satuan Pendidikan Formal
5) Surat Edaran Bersama Kemendikdasmen, Kemendagri, dan Kemenag Nomor 1 Tahun 2025 tentang Penguatan Pendidikan Karakter melalui Pembiasaan di Satuan Pendidikan
6) NPK PAUD Berkualitas Seri 1 tentang Proses Pembelajaran Berkualitas
7) NPK PAUD Berkualitas Seri 5 tentang Perencanaan Berbasis Data dan Akuntabilitas Pembiayaan"
1.01.02.2.02.0058	Penyelenggaraan Proses Belajar bagi Peserta Didik	Terselenggaranya Proses Belajar bagi Peserta Didik	Jumlah Peserta Didik yang Mengikuti Proses Belajar	Satuan Pendidikan	"Cakupan : 
Proses belajar bagi peserta didik merupakan pelaksanaan pembelajaran pada satuan pendidikan untuk mencapai Standar Kompetensi Lulusan dengan kriteria yang diatur sesuai ketentuan. Sub kegiatan ini dapat mengakomodir  penyelenggaraan Asesmen Nasional dan Tes Kemampuan Akademik (TKA) di satuan pendidikan

Operasionalisasi (Fasilitasi penyelenggaraan asesmen terstandar sesuai dengan peraturan Mendikdasmen yang berlaku): 
1. Melakukan persiapan asesmen terstandar bagi peserta didik, sesuai dengan peraturan Mendikdasmen yang berlaku
2. Melakukan pelaksanaan asesmen terstandar bagi peserta didik, sesuai dengan peraturan Mendikdasmen yang berlaku
3. Melakukan pelaporan asesmen terstandar bagi peserta didik, sesuai dengan peraturan Mendikdasmen yang berlaku
4. Melakukan pemanfaatan hasil asesmen terstandar bagi peserta didik, sesuai dengan peraturan Mendikdasmen yang berlaku

Operasionalisasi (Fasilitasi dan pemberian dukungan untuk proses belajar):
a) Melakukan identifikasi kebutuhan untuk peningkatan kualitas pembelajaran di satuan pendidikan, termasuk diskusi dengan Unit Layanan Disabilitas untuk asesmen peserta didik disabilitas
b) Menyusun rencana dan strategi pembelajaran yang efektif dan efisien untuk mengembangkan potensi, prakarsa, kemampuan, dan kemandirian peserta didik secara optimal 
c) Melakukan pendampingan pelaksanaan peningkatan kualitas pembelajaran di satuan pendidikan melalui suasana belajar yang interaktif, inspiratif, menyenangkan, menantang, memotivasi peserta didik untuk berpartisipasi aktif, dan memberikan ruang yang cukup bagi prakarsa, kreativitas, kemandirian sesuai dengan bakat, minat, dan perkembangan fisik, serta psikologis peserta didik
d) Melakukan evaluasi pelaksanaan peningkatan kualitas pembelajaran di satuan pendidikan
e) Melakukan supervisi dan koordinasi pengembangan kurikulum di tingkat satuan pendidikan



NSPK:  
1) Undang-Undang Nomor 20 Tahun 2003 tentang Sistem Pendidikan Nasional 
2) Peraturan Pemerintah Nomor 57 Tahun 2021 tentang Standar Nasional Pendidikan
3) Peraturan Pemerintah Nomor 17 Tahun 2010 Tentang Penyelenggaraan dan Pengelolaan Pendidikan
4) Peraturan Menteri Pendidikan, Kebudayaan, Riset, dan Teknologi Republik Indonesia Nomor 9 Tahun 2022 Tentang Evaluasi Sistem Pendidikan Oleh Pemerintah Pusat Dan Pemerintah Daerah Terhadap Pendidikan Anak Usia Dini, Pendidikan Dasar, dan Pendidikan Menengah
5) Peraturan Menteri Pendidikan, Kebudayaan, Riset, dan Teknologi Republik Indonesia Nomor 17 Tahun 2021 tentang Asesmen Nasional
6) Peraturan Menteri Pendidikan Dasar dan Menengah Nomor 9 Tahun 2025 tentang Tes kemampuan Akademik
7) Peraturan Menteri Pendidikan Dasar dan Menengah Nomor 10 Tahun 2025 tentang Standar Kompetensi Lulusan pada Pendidikan Anak Usia Dini, jenjang Pendidikan Dasar, dan Jenjang Pendidikan Menengah
8) Peraturan Menteri Pendidikan Dasar dan Menengah Nomor 13 Tahun 2025 tentang Perubahan atas Peraturan Menteri Pendidikan, Kebudayaan, Riset dan Teknologi Nomor 12 Tahun 2024 tentang Kurikulum pada Pendidikan Anak Usia Dini, Jenjang Pendidikan Dasar, dan Jenjang Pendidikan Menengah
8) Keputusan Menteri Pendidikan Dasar dan Menengah Nomor 95/M/2025 tentang Pedoman Penyelenggaraan Tes Kompetensi Akademik"
1.01.02.2.02.0059	Pembangunan Ruang Kelas Baru	Ruang Kelas Baru Bertambah	Jumlah Ruang Kelas Baru yang Bertambah	Ruang	"Cakupan  : 
- Penyediaan layanan pendidikan di daerah yang kekurangan daya tampung melalui rehabilitasi ruang kelas sekolah kondisi rusak sedang/berat
- Penyediaan layanan pendidikan di wilayah yang ditetapkan sebagai daerah terdepan, terluar, dan tertinggal melalui rehabilitasi ruang kelas sekolah kondisi rusak sedang/berat

Operasionalisasi: 
1) Melakukan pendataan kebutuhan rehabilitasi ruang kelas pada satuan pendidikan yang membutuhkan yang dilakukan berdasarkan jumlah ruang kelas kondisi rusak sedang/berat yang telah diinputkan dalam Dapodik. Untuk menghitung kebutuhan biaya rehabilitasi ruang kelas kodisi rusak sedang/berat berdasar pada satuan biaya DAK Fisik sesuai dengan ketentuan yang berlaku.
2) Melaksanakan pembangunan ruang kelas baru sesuai dengan ketentuan yang berlaku dengan memperhatikan kelayakan kebutuhan peserta didik disabilitas, kenyamanan belajar, ramah anak, dan mendukung green school.

NSPK : 
1) Peraturan Presiden Nomor 43 Tahun 2019 tentang Pembangunan, Rehabilitasi, atau Renovasi Pasar Rakyat, Prasarana Perguruan Tinggi, Perguruan Tinggi Keagamaan Islam, dan Satuan Pendidikan Dasar dan Menengah
2) Permendikbud Nomor 84 Tahun 2014 tentang Pendirian Satuan Pendidikan Anak Usia Dini
3) Permendikbud Nomor 36 Tahun 2014 tentang Pedoman Pendirian, Perubahan, dan Penutupan Satuan Pendidikan Dasar dan Menengah
4) Permendikbudristek Nomor 22 Tahun 2023 tentang Standar Sarana dan Prasarana pada Pendidikan Anak Usia Dini, Jenjang Pendidikan Dasar, dan Jenjang Pendidikan Menengah
5) Permendikbudristek Nomor 47 Tahun 2023 tentang Standar Pengelolaan pada Pendidikan Anak Usia Dini, Jenjang Pendidikan Dasar, dan Jenjang Pendidikan Menengah
6) Permendikdasmen Nomor 3 Tahun 2025 tentang Sistem Penerimaan Murid Baru
7) Peraturan petunjuk teknis Dana Alokasi Khusus (DAK) Fisik yang berlaku sebagai rujukan dalam penentuan spesifikasi bangunan.
8) Terkait dengan pemeriksaan serta penetapan kerusakan gedung yang aman bagi peserta didik pada satuan PAUD terdapat pada NPK tentang Lingkungan Belajar Aman Bab III halaman 21 dst."
1.01.02.2.02.0060	Bimbingan Teknis, Pelatihan, dan/atau Magang/PKL untuk Peningkatan Kapasitas Bidang Pendidikan	Terlaksananya Bimbingan Teknis, Pelatihan, dan/atau Magang/PKL untuk Peningkatan Kapasitas Bidang Pendidikan	Jumlah Peserta Bimbingan Teknis, Pelatihan, dan/atau Magang/PKL untuk Peningkatan Kapasitas Bidang Pendidikan yang dilaksanakan	Orang	Bimbingan Teknis, Pelatihan, dan/atau Magang/PKL untuk Peningkatan Kapasitas Bidang Pendidikan adalah Terlaksananya Bimbingan Teknis, Pelatihan, dan/atau Magang/PKL untuk Peningkatan Kapasitas Bidang Pendidikan dengan alat ukur Jumlah Peserta Bimbingan Teknis, Pelatihan, dan/atau Magang/PKL untuk Peningkatan Kapasitas Bidang Pendidikan yang dilaksanakan dengan satuan orang
1.01.02.2.02.0067	Pengadaan Alat Praktik dan Peraga Peserta Didik	Alat Praktik dan Peraga Peserta Didik yang Tersedia	Jumlah Alat Praktik dan Peraga Peserta Didik yang Tersedia	Paket	"Alat praktik dan peraga adalah perlengkapan yang diperlukan secara khusus untuk praktik atau sebagai peraga dalam mendukung pembelajaran agar mudah dipahami peserta didik.

Cakupan : 
- Pengadaan peralatan TIK dan alat praktik belajar literasi dan numerasi
- Pengadaan peralatan praktik penunjang pembelajaran bagi SMK sesuai standar industri

Operasionalisasi (Umum) : 
1) Melakukan pendataan satuan pendidikan yang belum memiliki peralatan TIK dan alat praktik belajar literasi dan numerasi
2) Mengusulkan satuan pendidikan yang belum memiliki peralatan TIK dan alat praktik belajar literasi dan numerasi untuk menerima DAK Fisik dan/atau sumber pendanaan lain yang relevan
3) Mengalokasikan dana dalam APBD untuk pengadaan TIK dan alat praktik belajar literasi dan numerasi bagi satuan pendidikan yang belum memiliki peralatan tersebut
4) Melakukan pengadaan peralatan TIK dan alat praktik belajar literasi dan numerasi sesuai peraturan perundang-undangan 
5) Melakukan supervisi dan evaluasi terhadap pemanfaatan, dan pemeliharaan peralatan TIK dan alat praktik belajar literasi dan numerasi

Operasionalisasi (SMK):
Pengadaan peralatan praktik sesuai dengan kompetensi keahlian

Operasionalisasi (PAUD/Jenjang Lain) : 
1) Melakukan identifikasi alat praktik dan peraga yang belum dimiliki satuan
2) Menyediakan alat praktik dan peraga untuk peserta didik di satuannya yang sesuai dengan NSPK

NSPK:  
1) Perpres Nomor 68 Tahun 2022 tentang Revitalisasi Pendidikan Vokasi dan Pelatihan Vokasi
2) Permenko PMK Nomor 6 Tahun 2022 tentang Strategi Nasional Pendidikan Vokasi dan Pelatihan Vokasi
3) Peraturan Menteri Pendidikan Dasar dan Menengah Nomor 13 Tahun 2025 tentang Perubahan atas Perubahan atas Peraturan Menteri Pendidikan, Kebudayaan, Riset dan Teknologi Nomor 12 Tahun 2024 tentang Kurikulum pada Pendidikan Anak Usia Dini, Jenjang Pendidikan Dasar, dan Jenjang Pendidikan Menengah
4) Peraturan Menteri Dalam Negeri terkait Pedoman Penyusunan Anggaran Pendapatan dan Belanja Daerah pada tahun berjalan
5) Peraturan Juknis DAK Fisik yang berlaku pada tahun berjalan

Cakupan : 
- Pengadaan TIK untuk pembelajaran dan pengelolaan satuan pendidikan
- Penyediaan Alat Praktik dan Peraga untuk mendukung proses pembelajaran
- Pengadaan peralatan praktik penunjang pembelajaran bagi SMK sesuai standar industri

Operasionalisasi (Umum) : 
Pengadaan Peralatan melalui DAK Fisik Bidang Pendidikan

Operasionalisasi (SMK):
Pengadaan peralatan praktik sesuai dengan kompetensi keahlian

Operasionalisasi (PAUD/Jenjang Lain) : 
1) Melakukan identifikasi alat praktik dan peraga yang belum dimiliki satuan
2) Penyediaan alat praktik dan peraga untuk peserta didik di satuannya yang sesuai dengan NSPK

NSPK:  
1) Perpres Nomor 43 Tahun 2019 tentang Pembangunan, Rehabilitasi, atau Renovasi Pasar Rakyat, Prasarana Perguruan Tinggi, Perguruan Tinggi Keagamaan Islam, dan Satuan Pendidikan Dasar dan Menengah
 2) Permendikbud tentang standar pengelolaan ataupun standar sarana prasarana yang berlaku
 3) Peraturan yang mengatur terkait dengan jumlah rombongan belajar dalam Permendikbud Nomor 1 Tahun 2021 tentang Penerimaan Peserta Didik Baru pada Taman Kanak-Kanak, Sekolah Dasar, Sekolah Menengah Pertama, Sekolah Menengah Atas, dan Sekolah Menengah Kejuruan.
 4) Untuk menghitung kebutuhan USB/RKB, serta asumsi rombongan belajar minimum dan maksimum berdasar pada: (a) Permendikbud Nomor 22 Tahun 2022 tentang Standar  (b) Permendikbud Nomor 34 Tahun 2018 tentang Standar Nasional Pendidikan Sekolah Menengah Kejuruan/Madrasah Aliyah  
 5) Dalam menghitung biaya investasi dapat menggunakan satuan biaya USB/RKB berdasar pada usulan BA-BUN tahun 2021 atau sesuai ketentuan yang berlaku.
 6) Peraturan petunjuk teknis Dana Alokasi Khusus (DAK) Fisik yang berlaku sebagai rujukan dalam penentuan spesifikasi bangunan.
7) Peraturan Presiden RI Nomor 68 Tahun 2022 tentang Revitalisasi Pendidikan Vokasi dan Pelatihan Vokasi
 8) Peraturan Juknis DAK Fisik yang berlaku pada tahun berjalan
 9) Permenko PMK Nomor 6 Tahun 2022 tentang Strategi Nasional Pendidikan Vokasi dan Pelatihan Vokasi&"
1.01.02.2.03.0002	Pembangunan Sarana, Prasarana dan Utilitas PAUD	Sarana, Prasarana dan Utilitas PAUD yang Terbangun	Jumlah Sarana, Prasarana dan Utilitas PAUD yang Telah Dibangun	Unit	"Cakupan : 
Penyediaan layanan pendidikan di Satuan Pendidikan yang membutuhkan Sarana, Prasarana dan Utilitas Sekolah melalui pembangunan Sarana, Prasarana dan Utilitas Sekolah

Operasionalisasi : 
1) Pendataan kebutuhan Pembangunan Sarana, Prasarana dan Utilitas Sekolah pada satuan pendidikan yang membutuhkan.
2) Melakukan Pembangunan Sarana, Prasarana dan Utilitas Sekolah pada satuan pendidikan yang telah ditetapkan, baik secara swakelola maupun kontraktual sesuai dengan ketentuan yang berlaku.

NSPK:  
1) Perpres Nomor 68 Tahun 20022 tentang Revitalisasi Pendidikan Vokasi dan Pelatihan 
2) Perpres Nomor 43 Tahun 2019 tentang Pembangunan, Rehabilitasi, atau Renovasi Pasar Rakyat, Prasarana Perguruan Tinggi, Perguruan Tinggi Keagamaan Islam, dan Satuan Pendidikan Dasar dan Menengah
3) Permenko PMK Nomor 6 Tahun 2022 tentang Strategi Nasional Revitalisasi Pendidikan Vokasi dan Pelatihan Vokasi
4) Permendikbudristek No. 48 Tahun 2023 tentang Akomodasi Yang Layak bagi Peserta Didik Penyandang Disabilitas pada jenjang PAUD Formal, Dikdas, Dikmen, dan Dikti
5) Permendikdasmen Nomor 3 Tahun 2025 tentang Sistem Penerimaan Murid Baru
6) Permendikbud tentang standar pengelolaan ataupun standar sarana prasarana yang berlaku"
1.01.02.2.03.0009	Pengadaan Perlengkapan PAUD	Perlengkapan PAUD yang Tersedia	Jumlah perlengkapan PAUD yang Tersedia	Paket	"Cakupan : 
Pemberian Perlengkapan Sekolah ke satuan pendidikan untuk melengkapi kebutuhan pada ruang yang membutuhkan

Operasionalisasi : 
1) Identifikasi satuan pendidikan yang menjadi sasaran penerima Perlengkapan Sekolah sekolah.
  2) Penyusunan pedoman pemberian Perlengkapan Sekolah kepada satuan pendidikan yang menjadi sasaran
  3) Pengadaan dan penyaluran Perlengkapan Sekolah sesuai dengan ketentuan yang berlaku

NSPK:  
1. Peraturan Presiden RI Nomor 68 Tahun 20022 tentang Revitalisasi Pendidikan Vokasi dan Pelatihan 
 2) Perpres Nomor 43 Tahun 2019 tentang Pembangunan, Rehabilitasi, atau Renovasi Pasar Rakyat, Prasarana Perguruan Tinggi, Perguruan Tinggi Keagamaan Islam, dan Satuan Pendidikan Dasar dan Menengah
 3) Permenko PMK Nomor 6 Tahun tentang Strategi Nasional Revitalisasi Pendidikan Vokasi dan Pelatihan Vokasi
 4) Permendikbud tentang standar pengelolaan ataupun standar sarana prasarana yang berlaku
 5) Peraturan yang mengatur terkait dengan jumlah rombongan belajar dalam Permendikbud Nomor 1 Tahun 2021 tentang Penerimaan Peserta Didik Baru pada Taman Kanak-Kanak, Sekolah Dasar, Sekolah Menengah Pertama, Sekolah Menengah Atas, dan Sekolah Menengah Kejuruan.
 6) Untuk menghitung kebutuhan USB/RKB, serta asumsi rombongan belajar minimum dan maksimum berdasar pada: (a) Permendikbud Nomor 22 Tahun 2022 tentang Standar  (b) Permendikbud Nomor 34 Tahun 2018 tentang Standar Nasional Pendidikan Sekolah Menengah Kejuruan/Madrasah Aliyah  
 7) Dalam menghitung biaya investasi dapat menggunakan satuan biaya USB/RKB berdasar pada usulan BA-BUN tahun 2021 atau sesuai ketentuan yang berlaku.
 8) Peraturan petunjuk teknis Dana Alokasi Khusus (DAK) Fisik yang berlaku sebagai rujukan dalam penentuan spesifikasi bangunan.
9) Peraturan Pemerintah Nomor 48 Tahun 2008 tentang Pendanaan Pendidikan, sebagaimana telah diubah dengan Peraturan Pemerintah Nomor 18 Tahun 2022
10) Buku Panduan Penyelanggaraan PAUD Berkualitas Seri 8, tentang Kriteria Minimum dan Sarpras Esensial Penyelenggaraan PAUD, bagian Sarana Prasarana Esensial halaman 28 dst, sebagai acuan jumlah perlengkapan serta cara mendapatkan perlengkapan peserta didik berupa sarana dan prasarana
11) Buku Pedoman Peran Desa Dalam Penyelenggaraan PAUD, BAB II poin E, hal 27, sebagai acuan sarana dan prasarana yang perlu ada di satuan PAUD&"
1.01.02.2.03.0016	Pengembangan Karir Pendidik dan Tenaga Kependidikan pada Satuan Pendidikan PAUD	Pendidik dan Tenaga Kependidikan yang Mendapatkan Fasilitasi Kenaikan Pangkat/Golongan, Pemberian Promosi, Peningkatan Kompetensi dan Kualifikasi	Jumlah Pendidik dan Tenaga Kependidikan yang Mendapatkan Fasilitasi Kenaikan Pangkat/Golongan, Pemberian Promosi, Peningkatan Kompetensi dan Kualifikasi	Orang	"Pendidik adalah tenaga kependidikan yang berkualifikasi sebagai guru, dosen, konselor, pamong belajar, widyaiswara, tutor, instruktur, fasilitator, dan sebutan lain yang sesuai dengan kekhususannya, serta berpartisipasi dalam menyelenggarakan pendidikan. Tenaga kependidikan adalah anggota masyarakat yang mengabdikan diri dan diangkat untuk menunjang penyelenggaraan pendidikan. 

Cakupan : 
- Penempatan guru yang memenuhi persyaratan sebagai kepala sekolah
- Penempatan guru yang memenuhi persyaratan sebagai pendamping satuan pendidikan
- Fasilitasi guru untuk meningkatkan kualifikasi akademik

Operasionalisasi (kepsek): 
1) Melakukan pemetaan kebutuhan kepala sekolah melalui aplikasi yang disediakan oleh Kemendikdasmen
2) Memfasilitasi guru untuk mengikuti pendidikan dan pelatihan calon kepala sekolah yang ditetapkan oleh Instansi Pembina
3) Mengangkat guru yang memenuhi persyaratan sebagai kepala sekolah berdasarkan ketentuan peraturan perundang-undangan 
4) Melakukan supervisi dan evaluasi terhadap kepala sekolah

Operasionalisasi (pengawas): 
1) Melakukan pemetaan kebutuhan pendamping satuan pendidikan melalui aplikasi yang disediakan oleh Kemendikdasmen 
2) Memfasilitasi guru untuk mengikuti pendidikan dan pelatihan calon pendamping satuan pendidikan yang ditetapkan oleh Instansi Pembina
3) Mengangkat guru yang memenuhi persyaratan sebagai pendamping satuan pendidikan berdasarkan ketentuan peraturan perundang-undangan 
4) Melakukan supervisi dan evaluasi terhadap pendamping satuan pendidikan

Operasionalisasi (kualifikasi&kompetensi): 
- Memfasilitasi pendidik dan tenaga kependidikan untuk meningkatkan kompetensi sesuai yang dibutuhkan
- Menyelenggarakan kegiatan pengembangan kompetensi untuk pendidik dan tenaga kependidikan
- Menyusun laporan pendidik dan tenaga kependidikan yang telah melakukan pengembangan kompetensi 



NSPK:  
1) Peraturan Menteri Pendidikan, Kebudayaan, Riset dan Teknologi Nomor 56 Tahun 2022 mengatur tentang standar pendidikan guru, acuan standar program sarjana pendidikan dan standar program Peraturan Pemerintah dalam menghasilkan guru profesional
2) Peraturan Menteri Pendidikan, Kebudayaan, Riset dan Teknologi Nomor 47 Tahun 2023 tentang Standar Pengelolaan Pendidikan Anak Usia Dini, Jenjang Pendidikan Dasar, Dan Jenjang Pendidikan Menengah (pasal 21 ayat 4)
3) Peraturan Menteri Pendayagunaan Aparatur Negara dan Reformasi Birokrasi Republik Indonesia Nomor 21 Tahun 2024 tentang Jabatan Fungsional Guru"
1.01.02.2.03.0018	Pengelolaan Dana BOP PAUD	Terlaksananya Pengelolaan Dana BOP PAUD	Jumlah PAUD yang Mengelola Dana BOP	Satuan Pendidikan	"Dana BOP PAUD adalah dana yang digunakan untuk membantu operasional Satuan PAUD

Dana BOS adalah dana yang digunakan terutama untuk mendanai belanja nonpersonalia bagi satuan pendidikan dasar dan menengah sebagai pelaksana program wajib belajar, dan dapat dimungkinkan untuk mendanai beberapa kegiatan lain sesuai dengan ketentuan peraturan perundang-undangan

Cakupan : 
Fasilitasi sosialisasi/monitoring/evaluasi dalam percepatan pengelolaan dana BOS/BOP Paud

Operasionalisasi : 
1)Identifikasi kebutuhan satuan pendidikan yang perlu di fasilitasi
2) Penyelenggaraan sosialisasi/monitoring/evaluasi dalam percepatan pengelolaan dana BOS/BOP Paud

NSPK:  
1) Peraturan Pemerintah Nomor 48 Tahun 2008 tentang Pendanaan Pendidikan, sebagaimana telah diubah dengan Peraturan Pemerintah Nomor 18 Tahun 2022
2) Permendikbudristek Nomor 32 Tahun 2022 Tentang Standar Teknis Pelayanan Minimal Pendidikan
3) Kepmendikbud Nomor 27/P/2022 tentang Satuan Biaya BOP PAUD Reguler, BOS Reguler dan BOP Kesetaraan Masing-Masing Daerah
4) Buku Panduan Penyelanggaraan PAUD Berkualitas Seri 8, tentang Kriteria Minimum dan Sarpras Esensial Penyelenggaraan PAUD, bagian Sarana Prasarana Esensial halaman 28 dst, sebagai acuan jumlah perlengkapan serta cara mendapatkan perlengkapan peserta didik berupa sarana dan prasarana
5) Buku Pedoman Peran Desa Dalam Penyelenggaraan PAUD, BAB II poin E, hal 27, sebagai acuan sarana dan prasarana yang perlu ada di satuan PAUD&
6) Undang-Undang Nomor 23 Tahun 2014 tentang Pemerintahan Daerah sebagaimana telah beberapa kali diubah terakhir dengan Undang Undang Nomor 9 Tahun 2015 tentang Perubahan Kedua atas Undang-Undang Nomor 23 Tahun 2014 tentang Pemerintahan Daerah
7) Peraturan Pemerintah Nomor 55 Tahun 2005 tentang Dana Perimbangan
8) Peraturan Menteri Pendidikan Dasar dan Menengah Nomor 8 tahun 2025 tentang Petunjuk Teknis Pengelolaan Dana Bantuan Operasional Satuan Pendidikan"
1.01.02.2.03.0019	Peningkatan Kapasitas Pengelolaan Dana BOP PAUD	Meningkatnya Kapasitas Pengelolaan Dana BOP PAUD	Jumlah Tenaga yang Meningkat Kapasitasnya dalam Pengelolaan Dana BOP PAUD	Orang	"Cakupan : 
Penguatan kapasitas untuk melakukan pengelolaan dan perencanaan Dana BOS/BOP PAUD

Operasionalisasi : 
1)Identifikasi kebutuhan satuan pendidikan yang perlu di fasilitasi pelatihan/seminar/lokakarya penguatan kompetensi satuan pendidikan dalam Pengelolaan Dana BOS/BOP Paud
 2) Penyelenggaraan pelatihan/seminar/lokakarya penguatan kompetensi satuan pendidikan dalam Pengelolaan Dana BOS/BOP Paud

NSPK:  
1) Peraturan Pemerintah Nomor 48 Tahun 2008 tentang Pendanaan Pendidikan, sebagaimana telah diubah dengan Peraturan Pemerintah Nomor 18 Tahun 2022
2) Permendikbudristek Nomor 32 Tahun 2022 Tentang Standar Teknis Pelayanan Minimal Pendidikan
3) Kepmendikbud Nomor 27/P/2022 tentang Satuan Biaya BOP PAUD Reguler, BOS Reguler dan BOP Kesetaraan Masing-Masing Daerah
4) Buku Panduan Penyelanggaraan PAUD Berkualitas Seri 8, tentang Kriteria Minimum dan Sarpras Esensial Penyelenggaraan PAUD, bagian Sarana Prasarana Esensial halaman 28 dst, sebagai acuan jumlah perlengkapan serta cara mendapatkan perlengkapan peserta didik berupa sarana dan prasarana
5) Buku Pedoman Peran Desa Dalam Penyelenggaraan PAUD, BAB II poin E, hal 27, sebagai acuan sarana dan prasarana yang perlu ada di satuan PAUD&
6) Undang-Undang Nomor 23 Tahun 2014 tentang Pemerintahan Daerah sebagaimana telah beberapa kali diubah terakhir dengan Undang Undang Nomor 9 Tahun 2015 tentang Perubahan Kedua atas Undang-Undang Nomor 23 Tahun 2014 tentang Pemerintahan Daerah
7) Peraturan Pemerintah Nomor 55 Tahun 2005 tentang Dana Perimbangan
8) Peraturan Menteri Pendidikan Dasar dan Menengah Nomor 8 tahun 2025 tentang Petunjuk Teknis Pengelolaan Dana Bantuan Operasional Satuan Pendidikan"
1.01.02.2.03.0026	Sosialisasi dan Advokasi Kebijakan Bidang Pendidikan	Terlaksananya kegiatan sosialisasi dan advokasi kebijakan di bidang Pendidikan	Jumlah kegiatan sosialisasi dan advokasi kebijakan di bidang Pendidikan yang dilaksanakan	Dokumen	"Cakupan : 
- Pendampingan kepada Satuan PAUD untuk penguatan kemampuan fondasi terkait literasi dan numerasi (yang efektif dan efisien dalam menyasar guru)
- Sosialisasi dan advokasi penguatan pendidikan karakter melalui Gerakan Tujuh Kebiasaan Anak Indonesia Hebat
- Sosialisasi dan advokasi terkait edukasi nilai-nilai dalam penyediaan makanan bergizi bagi peserta didik
- Sosialisasi kepada satuan pendidikan paling sedikit mengenai kualitas layanan Pendidikan Anak Usia Dini yang meliputi pentingnya proses pembelajaran dan pengelolaan yang berkualitas, yang dilakukan paling sedikit 1 (satu) kali dalam 1 (satu) tahun ajaran 

Operasionalisasi (PAUD): 
1. Membentuk Forum Komunikasi PAUD-SD apabila belum memiliki dan aktivasi Forum Komunikasi PAUD-SD jika sudah memiliki
2. Melakukan Advokasi tentang miskonsepsi membaca, menulis, menghitung (calistung) dan pentingnya membangun kemampuan literasi numerasi secara menyeluruh
3. Memfasilitasi pelatihan bagi pendidik dan tenaga kependidikan

Operasionalisasi (Penguatan Pendidikan Karakter):
- Menyusun kebijakan turunan penguatan pendidikan karakter melalui Gerakan Tujuh Kebiasaan Anak Indonesia Hebat, seperti:
a.. Pemberdayaan Catur Pusat Pendidikan (Satuan Pendidikan, Keluarga, Masyarakat dan Media)
b. Kegiatan pertemuan Pagi Ceria, yaitu: (i) senam pagi Anak Indonesia Hebat minimal dua kali dalam  (ii) Menyanyikan lagu Indonesia Raya sebagai bentuk cinta tanah  dan (iii) berdoa bersama sesuai keyakinan masing-masing untuk bersyukur , memohon kelancaran pembelajaran dan memperkuat nilai spiritual dan toleransi antarpeserta didik
c. Gerakan Kepanduan dan Ekstrakurikuler lainnya
- Melakukan sosialisasi dan advokasi implementasi Gerakan Tujuh Kebiasaan Anak Indonesia Hebat kepada stakeholder pendidikan

Operasionalisasi (Dukungan Program Makan Bergizi)
- Melakukan sosialisasi terkait edukasi nilai-nilai dalam penyediaan makanan bergizi bagi peserta didik (Perilaku Hidup Bersih Sehat/PHBS, budaya antri, berdoa, makan sehat, gizi, dan lain-lain)
- Melakukan pendampingan ke satuan pendidikan terkait penyediaan makanan bergizi bagi peserta didik

Operasionalisasi (Penjaminan dan Peningkatan Mutu Pendidikan)
-Melakukan pengembangan kapasitas pendamping satuan Pendidikan dan SDM pada satuan pendidikan

NSPK:  
1) Peraturan Presiden No. 87 Tahun 2017 tentang Penguatan Pendidikan Karakter
2) Peraturan Pemerintah Nomor 57 Tahun 2021 tentang tentang Standar Nasional 
3) Peraturan Menteri Pendidikan, dan Kebudayaan No. 23 Tahun 2015 tentang Penumbuhan Budi Pekerti
4) Peraturan Menteri Pendidikan, dan Kebudayaan  No. 20 Tahun 2018 tentang Penguatan Pendidikan Karakter Pada Satuan Pendidikan Formal
5) Surat Edaran Bersama Kemendikdasmen, Kemendagri, dan Kemenag Nomor 1 Tahun 2025 tentang Penguatan Pendidikan Karakter melalui Pembiasaan di Satuan Pendidikan
6) NPK PAUD Berkualitas Seri 1 tentang Proses Pembelajaran Berkualitas
7) NPK PAUD Berkualitas Seri 5 tentang Perencanaan Berbasis Data dan Akuntabilitas Pembiayaan"
1.01.02.2.03.0039	Bimbingan Teknis, Pelatihan, dan/atau Magang/PKL untuk Peningkatan Kapasitas Bidang Pendidikan	Terlaksananya Bimbingan Teknis, Pelatihan, dan/atau Magang/PKL untuk Peningkatan Kapasitas Bidang Pendidikan	Jumlah Peserta Bimbingan Teknis, Pelatihan, dan/atau Magang/PKL untuk Peningkatan Kapasitas Bidang Pendidikan yang dilaksanakan	Orang	Bimbingan Teknis, Pelatihan, dan/atau Magang/PKL untuk Peningkatan Kapasitas Bidang Pendidikan adalah Terlaksananya Bimbingan Teknis, Pelatihan, dan/atau Magang/PKL untuk Peningkatan Kapasitas Bidang Pendidikan dengan alat ukur Jumlah Peserta Bimbingan Teknis, Pelatihan, dan/atau Magang/PKL untuk Peningkatan Kapasitas Bidang Pendidikan yang dilaksanakan dengan satuan orang
1.01.02.2.03.0045	Rehabilitasi Sedang/Berat Sarana, Prasarana dan Utilitas PAUD	Sarana, Prasarana dan Utilitas PAUD yang Terehabilitasi Sedang/Berat	Jumlah Sarana, Prasarana dan Utilitas PAUD yang Telah Direhabilitasi Sedang/Berat	Unit	"Cakupan : 
Penyediaan layanan pendidikan di satuan pendidikan melalui rehabilitasi Sarana, Prasarana dan Utilitas Sekolah dengan kondisi rusak sedang/berat

Operasionalisasi : 
1) Pendataan kebutuhan rehabilitasi Sarana, Prasarana dan Utilitas pada satuan pendidikan yang membutuhkan yang dilakukan berdasarkan kondisi rusak sedang/berat yang telah diinputkan dalam Dapodik. Untuk menghitung kebutuhan biaya rehabilitasi Sarana, Prasarana dan Utilitas kodisi rusak sedang/berat berdasar pada satuan biaya DAK Fisik sesuai dengan ketentuan yang berlaku.
 2) Melakukan rehabilitasi Sarana, Prasarana dan Utilitas kondisi rusak sedang/berat pada satuan pendidikan yang telah ditetapkan sesuai dengan ketentuan yang berlaku.

NSPK:  
1) Perpres Nomor 68 Tahun 20022 tentang Revitalisasi Pendidikan Vokasi dan Pelatihan 
2) Perpres Nomor 43 Tahun 2019 tentang Pembangunan, Rehabilitasi, atau Renovasi Pasar Rakyat, Prasarana Perguruan Tinggi, Perguruan Tinggi Keagamaan Islam, dan Satuan Pendidikan Dasar dan Menengah
3) Permenko PMK Nomor 6 Tahun 2022 tentang Strategi Nasional Revitalisasi Pendidikan Vokasi dan Pelatihan Vokasi
4) Permendikbudristek No. 48 Tahun 2023 tentang Akomodasi Yang Layak bagi Peserta Didik Penyandang Disabilitas pada jenjang PAUD Formal, Dikdas, Dikmen, dan Dikti
5) Permendikdasmen No. 3 Tahun 2025 tentang Sistem Penerimaan Murid Baru
6) Permendikbud tentang standar pengelolaan ataupun standar sarana prasarana yang berlaku
7) Peraturan petunjuk teknis Dana Alokasi Khusus (DAK) Fisik yang berlaku sebagai rujukan dalam penentuan spesifikasi bangunan.
8) Terkait dengan sarana dan prasarana yang perlu direhabilitasi untuk memberikan lingkungan yang aman baik di dalam dan di luar ruangan"
1.01.02.2.03.0046	Pengadaan Alat Praktik dan Peraga  Peserta Didik PAUD	Alat Praktik dan Peraga Peserta Didik PAUD yang Tersedia	Jumlah Alat Praktik dan Peraga Peserta Didik PAUD yang Tersedia	Paket	"Alat praktik dan peraga adalah perlengkapan yang diperlukan secara khusus untuk praktik atau sebagai peraga dalam mendukung pembelajaran agar mudah dipahami peserta didik.

Cakupan : 
- Pengadaan peralatan TIK dan alat praktik belajar literasi dan numerasi
- Pengadaan peralatan praktik penunjang pembelajaran bagi SMK sesuai standar industri

Operasionalisasi (Umum) : 
1) Melakukan pendataan satuan pendidikan yang belum memiliki peralatan TIK dan alat praktik belajar literasi dan numerasi
2) Mengusulkan satuan pendidikan yang belum memiliki peralatan TIK dan alat praktik belajar literasi dan numerasi untuk menerima DAK Fisik dan/atau sumber pendanaan lain yang relevan
3) Mengalokasikan dana dalam APBD untuk pengadaan TIK dan alat praktik belajar literasi dan numerasi bagi satuan pendidikan yang belum memiliki peralatan tersebut
4) Melakukan pengadaan peralatan TIK dan alat praktik belajar literasi dan numerasi sesuai peraturan perundang-undangan 
5) Melakukan supervisi dan evaluasi terhadap pemanfaatan, dan pemeliharaan peralatan TIK dan alat praktik belajar literasi dan numerasi

Operasionalisasi (SMK):
Pengadaan peralatan praktik sesuai dengan kompetensi keahlian

Operasionalisasi (PAUD/Jenjang Lain) : 
1) Melakukan identifikasi alat praktik dan peraga yang belum dimiliki satuan
2) Menyediakan alat praktik dan peraga untuk peserta didik di satuannya yang sesuai dengan NSPK

NSPK:  
1) Perpres Nomor 68 Tahun 2022 tentang Revitalisasi Pendidikan Vokasi dan Pelatihan Vokasi
2) Permenko PMK Nomor 6 Tahun 2022 tentang Strategi Nasional Pendidikan Vokasi dan Pelatihan Vokasi
3) Peraturan Menteri Pendidikan Dasar dan Menengah Nomor 13 Tahun 2025 tentang Perubahan atas Perubahan atas Peraturan Menteri Pendidikan, Kebudayaan, Riset dan Teknologi Nomor 12 Tahun 2024 tentang Kurikulum pada Pendidikan Anak Usia Dini, Jenjang Pendidikan Dasar, dan Jenjang Pendidikan Menengah
4) Peraturan Menteri Dalam Negeri terkait Pedoman Penyusunan Anggaran Pendapatan dan Belanja Daerah pada tahun berjalan
5) Peraturan Juknis DAK Fisik yang berlaku pada tahun berjalan"
1.01.02.2.03.0049	Rehabilitasi sedang/berat Ruang Guru/Kepala Sekolah/TU	Ruang Guru/Kepala Sekolah/TU yang Terehabilitasi sedang/berat	Jumlah Ruang Guru/Kepala Sekolah/TU yang Telah Direhabilitasi sedang/berat	Ruang	"Ruang Guru adalah ruang tempat guru bekerja dan istirahat serta menerima tamu, baik peserta didik maupun tamu lainnya, dengan standar sarana dan prasarana sesuai ketentuan.
Ruang Kepala Sekolah merupakan tempat melakukan kegiatan pengelolaan sekolah, pertemuan dengan sejumlah kecil guru, orang tua murid, unsur komite sekolah, petugas dinas pendidikan, atau tamu lainnya dengan standar sarana dan prasarana sesuai ketentuan.
Ruang TU adalah ruang tempat kerja petugas untuk mengerjakan administrasi sekolah dengan standar sarana dan prasarana sesuai ketentuan.

Cakupan : 
Penyediaan layanan pendidikan di satuan pendidikan melalui rehabilitasi Ruang Guru/Kepala Sekolah/TU di sekolah kondisi rusak sedang/berat

Operasionalisasi : 
1) Pendataan kebutuhan rehabilitasi Ruang Guru/Kepala Sekolah/TU pada satuan pendidikan yang membutuhkan yang dilakukan berdasarkan kondisi rusak sedang/berat yang telah diinputkan dalam Dapodik. Untuk menghitung kebutuhan biaya rehabilitasi Ruang Guru/Kepala Sekolah/TU kodisi rusak sedang/berat berdasar pada satuan biaya DAK Fisik sesuai dengan ketentuan yang berlaku.
 2) Melakukan rehabilitasi Ruang Guru/Kepala Sekolah/TU kondisi rusak sedang/berat pada satuan pendidikan yang telah ditetapkan sesuai dengan ketentuan yang berlaku.

NSPK:  
1) Perpres Nomor 68 Tahun 20022 tentang Revitalisasi Pendidikan Vokasi dan Pelatihan 
2) Perpres Nomor 43 Tahun 2019 tentang Pembangunan, Rehabilitasi, atau Renovasi Pasar Rakyat, Prasarana Perguruan Tinggi, Perguruan Tinggi Keagamaan Islam, dan Satuan Pendidikan Dasar dan Menengah
3) Permenko PMK Nomor 6 Tahun 2022 tentang Strategi Nasional Revitalisasi Pendidikan Vokasi dan Pelatihan Vokasi
4) Permendikdasmen Nomor 3 Tahun 2025 tentang Sistem Penerimaan Murid Baru
5) Permendikbud tentang standar pengelolaan ataupun standar sarana prasarana yang berlaku
6) NPK Seri 8 - Kriteria Minimum & Sarpras Esensial Penyelenggaraan PAUD"
1.01.02.2.04.0010	Penyediaan Biaya Personil Peserta Didik Nonformal/Kesetaraan	Biaya Personil Peserta Didik Nonformal/Kesetaraan diterima oleh peserta didik	Jumlah Peserta Didik Nonformal/Kesetaraan yang Menerima Biaya Personil Peserta Didik	Peserta Didik	"Cakupan : 
- Pemberian biaya pendidikan kepada peserta didik dari keluarga tidak mampu sampai lulus
- Pemberian bantuan pendidikan berupa pembebasan atau pengurangan biaya pendidikan bagi peserta didik dalam rangka implementasi sistem penerimaan murid baru yang berlaku
- Penyediaan pembiayaan operasional pendukung pembelajaran praktik bagi peserta didik dalam menunjang kompetensi keahlian yang sesuai kebutuhan dunia kerja
- Pembiayaan pendidikan bagi peserta didik

Operasionalisasi:
a. Pemberian biaya pendidikan kepada peserta didik dari keluarga ekonomi tidak mampu sampai lulus
1) Melakukan pemetaan wilayah dan pendataan keluarga tidak mampu yang memiliki anak usia sekolah yang tidak sekolah
2) Melakukan verifikasi calon penerima biaya pendidikan dari keluarga tidak mampu
3) Menyusun NPK (Norma, Prosedur, Kriteria) tentang pemberian biaya pendidikan kepada peserta didik dari keluarga tidak mampu
4) Menyalurkan biaya pendidikan sesuai dengan ketentuan yang berlaku
5) Melakukan monitoring dan evaluasi pemanfaatan biaya pendidikan kepada peserta didik

b. Pemberian bantuan pendidikan berupa pembebasan atau pengurangan biaya pendididkan bagi peserta didik dalm rangka implementasi sistem penerimaan murid baru yang berlaku
1) Melakukan penghitungan daya tampung sekolah sesuai dengan peraturan Mendikdasmen tentang sistem penerimaan murid baru yang berlaku
2) Melakukan penghitungan atas calon murid yang tidak dapat ditampung di sekolah negeri untuk dapat ditampung sesuai dengan peraturan sistem penerimaan murid baru yang berlaku
3) Melakukan kerja sama dengan sekolah yang memiliki kelebihan daya tampung, sesuai dengan peraturan sistem penerimaan murid baru yang berlaku
4) Menyediakan bantuan pendidikan kepada calon murid dapat berupa pembebasan biaya pendidikan, atau pengurangan biaya pendidikan, sesuai dengan peraturan sistem penerimaan murid baru yang berlaku

c. Penyediaan pembiayaan operasional dan non-operasional (biaya investasi) untuk meningkatkan kualitas pembelajaran peserta didik yang selaras dengan dunia kerja.
- Menyediakan bantuan biaya operasional untuk meningkatkan kualitas pembelajaran peserta didik yang selaras dengan dunia kerja. Pembiayaan dilakukan melalui berbagai cara, misalnya: belanja pegawai, pemeliharaan sarana prasarana, dan kebutuhan operasional SMK lainnya menggunakan BOSDA.
- Menyediakan bantuan biaya non-operasional (biaya investasi) untuk meningkatkan kualitas pembelajaran peserta didik yang selaras dengan dunia kerja. Pembiayaan dilakukan melalui berbagai cara, misalnya: pembangunan ruang praktik, penyediaan peralatan praktik, dan pembangunan perpustakaan melalui dana hibah.
- Menyediakan bantuan untuk persiapan dan pelaksanaan sertifikasi kompetensi peserta didik, dalam bentuk dana, fasilitasi lokasi, dan pendampingan.
- Menyediakan beasiswa untuk peserta didik SMK dalam melaksanakan praktik kerja lapangan (PKL) di dunia kerja domestik atau internasional.

d. Penyediaan pembiayaan operasional pendukung pembelajaran praktik bagi peserta didik dalam menunjang kompetensi keahlian yang sesuai kebutuhan dunia kerja
1) Menyelenggarakan sosialisasi mengenai praktisi mengajar kepada dunia kerja, seperti: pengusaha, asosiasi profesi, asosiasi industri, Tim Koordinasi Daerah Vokasi, dan/atau Kadin.
2) Melakukan pemetaan dunia kerja yang bisa menyediakan praktisi untuk mengajar di SMK.
3) Memberikan rekomendasi praktisi dunia kerja untuk mengajar di SMK sesuai dengan keahliannya.
4) Memberikan dukungan dana untuk pelaksanaan praktisi yang mengajar di SMK (misalnya: untuk honorarium praktisi, penyusunan kurikulum bersama, sertifikat peserta didik).

NSPK:  
1) Instruksi Presiden Nomor 8 Tahun 2025 OPTIMALISASI PELAKSANAAN PENGENTASAN KEMISKINAN DAN PENGHAPUSAN KEMISKINAN EKSTREM
2) Peraturan Pemerintah Nomor 48 Tahun 2008 tentang Pendanaan Pendidikan, sebagaimana telah diubah dengan Peraturan Pemerintah Nomor 18 Tahun 2022
3) Permendikbudristek Nomor 32 Tahun 2022 Tentang Standar Teknis Pelayanan Minimal Pendidikan
4) Kepmendikbud Nomor 27/P/2022 tentang Satuan Biaya BOP PAUD Reguler, BOS Reguler dan BOP Kesetaraan Masing-Masing Daerah
5) Buku Panduan Penyelanggaraan PAUD Berkualitas Seri 8, tentang Kriteria Minimum dan Sarpras Esensial Penyelenggaraan PAUD, bagian Sarana Prasarana Esensial halaman 28 dst, sebagai acuan jumlah perlengkapan serta cara mendapatkan perlengkapan peserta didik berupa sarana dan prasarana
6) Buku Pedoman Peran Desa Dalam Penyelenggaraan PAUD, BAB II poin E, hal 27, sebagai acuan sarana dan prasarana yang perlu ada di satuan PAUD
7) Perpres Nomor 68 Tahun 20022 tentang Revitalisasi Pendidikan Vokasi dan Pelatihan Vokasi.
8) Permenko PMK Nomor 6 Tahun 2022 tentang Strategi Nasional Pendidikan Vokasi dan Pelatihan 
9) Peraturan Menteri Pendidikan Dasar dan Menengah Nomor 8 Tahun 2025 tentang Petunjuk Teknis Pengelolaan Dana Bantuan Operasional Satuan Pendidikan
10) Peraturan Menteri Pendidikan Dasar dan Menengah Nomor 10 Tahun 2025 tentang Standar Kompetensi Lulusan pada Pendidikan Anak Usia Dini, jenjang Pendidikan Dasar, dan Jenjang Pendidikan Menengah
11) Peraturan Dirjen Pendidikan Vokasi Nomor 31 Tahun 2022 tentang Petunjuk Teknis Bantuan Pemerintah Pelaksanaan Sertifikasi Kompetensi Siswa SMK."
1.01.02.2.04.0015	Pengembangan Karir Pendidik dan Tenaga Kependidikan pada Satuan Pendidikan Nonformal/Kesetaraan	Pendidik dan tenaga Kependidikan yang Mendapatkan Fasilitasi Kenaikan Pangkat/Golongan, Pemberian Promosi, Peningkatan Kompetensi dan Kualifikasi	Jumlah Pendidik dan Tenaga Kependidikan yang Mendapatkan Fasilitasi Kenaikan Pangkat/Golongan, Pemberian Promosi, Peningkatan Kompetensi dan Kualifikasi	Orang	"Pendidik adalah tenaga kependidikan yang berkualifikasi sebagai guru, dosen, konselor, pamong belajar, widyaiswara, tutor, instruktur, fasilitator, dan sebutan lain yang sesuai dengan kekhususannya, serta berpartisipasi dalam menyelenggarakan pendidikan. Tenaga kependidikan adalah anggota masyarakat yang mengabdikan diri dan diangkat untuk menunjang penyelenggaraan pendidikan. 

Cakupan : 
- Penempatan guru yang memenuhi persyaratan sebagai kepala sekolah
- Penempatan guru yang memenuhi persyaratan sebagai pendamping satuan pendidikan
- Fasilitasi guru untuk meningkatkan kualifikasi akademik

Operasionalisasi (kepsek): 
1) Melakukan pemetaan kebutuhan kepala sekolah melalui aplikasi yang disediakan oleh Kemendikdasmen
2) Memfasilitasi guru untuk mengikuti pendidikan dan pelatihan calon kepala sekolah yang ditetapkan oleh Instansi Pembina
3) Mengangkat guru yang memenuhi persyaratan sebagai kepala sekolah berdasarkan ketentuan peraturan perundang-undangan 
4) Melakukan supervisi dan evaluasi terhadap kepala sekolah

Operasionalisasi (pengawas): 
1) Melakukan pemetaan kebutuhan pendamping satuan pendidikan melalui aplikasi yang disediakan oleh Kemendikdasmen 
2) Memfasilitasi guru untuk mengikuti pendidikan dan pelatihan calon pendamping satuan pendidikan yang ditetapkan oleh Instansi Pembina
3) Mengangkat guru yang memenuhi persyaratan sebagai pendamping satuan pendidikan berdasarkan ketentuan peraturan perundang-undangan 
4) Melakukan supervisi dan evaluasi terhadap pendamping satuan pendidikan

Operasionalisasi (kualifikasi&kompetensi): 
- Memfasilitasi pendidik dan tenaga kependidikan untuk meningkatkan kompetensi sesuai yang dibutuhkan
- Menyelenggarakan kegiatan pengembangan kompetensi untuk pendidik dan tenaga kependidikan
- Menyusun laporan pendidik dan tenaga kependidikan yang telah melakukan pengembangan kompetensi 



NSPK:  
1) Peraturan Menteri Pendidikan, Kebudayaan, Riset dan Teknologi Nomor 56 Tahun 2022 mengatur tentang standar pendidikan guru, acuan standar program sarjana pendidikan dan standar program Peraturan Pemerintah dalam menghasilkan guru profesional
2) Peraturan Menteri Pendidikan, Kebudayaan, Riset dan Teknologi Nomor 47 Tahun 2023 tentang Standar Pengelolaan Pendidikan Anak Usia Dini, Jenjang Pendidikan Dasar, Dan Jenjang Pendidikan Menengah (pasal 21 ayat 4)
3) Peraturan Menteri Pendayagunaan Aparatur Negara dan Reformasi Birokrasi Republik Indonesia Nomor 21 Tahun 2024 tentang Jabatan Fungsional Guru
3) Peraturan Menteri Pendidikan Dasar dan Menengah tentang Penugasan Guru sebagai Kepala Sekolah"
1.01.02.2.04.0017	Pengelolaan Dana BOP Sekolah Nonformal/Kesetaraan	Terlaksananya Pengelolaan Dana BOP Sekolah Nonformal/Kesetaraan	Jumlah Sekolah Nonformal/Kesetaraan yang Mengelola Dana BOP	Satuan Pendidikan	Jumlah Sekolah Nonformal/Kesetaraan yang Mengelola Dana BOP
1.01.02.2.04.0018	Peningkatan Kapasitas Pengelolaan Dana BOP Sekolah Nonformal/Kesetaraan	Meningkatnya Kapasitas Pengelolaan Dana BOP Sekolah Nonformal/Kesetaraan	Jumlah Tenaga yang Meningkat Kapasitasnya dalam Pengelolaan Dana BOP Sekolah Nonformal/Kesetaraan	Orang	"Cakupan : 
Penguatan kapasitas untuk melakukan pengelolaan dan perencanaan Dana BOS/BOP PAUD

Operasionalisasi : 
1)Identifikasi kebutuhan satuan pendidikan yang perlu di fasilitasi pelatihan/seminar/lokakarya penguatan kompetensi satuan pendidikan dalam Pengelolaan Dana BOS/BOP Paud
 2) Penyelenggaraan pelatihan/seminar/lokakarya penguatan kompetensi satuan pendidikan dalam Pengelolaan Dana BOS/BOP Paud

NSPK:  
1) Peraturan Pemerintah Nomor 48 Tahun 2008 tentang Pendanaan Pendidikan, sebagaimana telah diubah dengan Peraturan Pemerintah Nomor 18 Tahun 2022
2) Permendikbudristek Nomor 32 Tahun 2022 Tentang Standar Teknis Pelayanan Minimal Pendidikan
3) Kepmendikbud Nomor 27/P/2022 tentang Satuan Biaya BOP PAUD Reguler, BOS Reguler dan BOP Kesetaraan Masing-Masing Daerah
4) Buku Panduan Penyelanggaraan PAUD Berkualitas Seri 8, tentang Kriteria Minimum dan Sarpras Esensial Penyelenggaraan PAUD, bagian Sarana Prasarana Esensial halaman 28 dst, sebagai acuan jumlah perlengkapan serta cara mendapatkan perlengkapan peserta didik berupa sarana dan prasarana
5) Buku Pedoman Peran Desa Dalam Penyelenggaraan PAUD, BAB II poin E, hal 27, sebagai acuan sarana dan prasarana yang perlu ada di satuan PAUD&
6) Undang-Undang Nomor 23 Tahun 2014 tentang Pemerintahan Daerah sebagaimana telah beberapa kali diubah terakhir dengan Undang Undang Nomor 9 Tahun 2015 tentang Perubahan Kedua atas Undang-Undang Nomor 23 Tahun 2014 tentang Pemerintahan Daerah
7) Peraturan Pemerintah Nomor 55 Tahun 2005 tentang Dana Perimbangan
8) Peraturan Menteri Pendidikan Dasar dan Menengah Nomor 8 tahun 2025 tentang Petunjuk Teknis Pengelolaan Dana Bantuan Operasional Satuan Pendidikan"
1.01.02.2.04.0041	Rehabilitasi Sedang/Berat Sarana, Prasarana dan Utilitas Sekolah	Sarana, Prasarana dan Utilitas Sekolah yang Terehabilitasi Sedang/Berat	Jumlah Sarana, Prasarana dan Utilitas Sekolah yang Telah Direhabilitasi Sedang/Berat	Unit	"Cakupan : 
Penyediaan layanan pendidikan di satuan pendidikan melalui rehabilitasi Sarana, Prasarana dan Utilitas Sekolah dengan kondisi rusak sedang/berat

Operasionalisasi : 
1) Pendataan kebutuhan rehabilitasi Sarana, Prasarana dan Utilitas pada satuan pendidikan yang membutuhkan yang dilakukan berdasarkan kondisi rusak sedang/berat yang telah diinputkan dalam Dapodik. Untuk menghitung kebutuhan biaya rehabilitasi Sarana, Prasarana dan Utilitas kodisi rusak sedang/berat berdasar pada satuan biaya DAK Fisik sesuai dengan ketentuan yang berlaku.
 2) Melakukan rehabilitasi Sarana, Prasarana dan Utilitas kondisi rusak sedang/berat pada satuan pendidikan yang telah ditetapkan sesuai dengan ketentuan yang berlaku.

NSPK:  
1) Perpres Nomor 68 Tahun 20022 tentang Revitalisasi Pendidikan Vokasi dan Pelatihan 
2) Perpres Nomor 43 Tahun 2019 tentang Pembangunan, Rehabilitasi, atau Renovasi Pasar Rakyat, Prasarana Perguruan Tinggi, Perguruan Tinggi Keagamaan Islam, dan Satuan Pendidikan Dasar dan Menengah
3) Permenko PMK Nomor 6 Tahun 2022 tentang Strategi Nasional Revitalisasi Pendidikan Vokasi dan Pelatihan Vokasi
4) Permendikbudristek No. 48 Tahun 2023 tentang Akomodasi Yang Layak bagi Peserta Didik Penyandang Disabilitas pada jenjang PAUD Formal, Dikdas, Dikmen, dan Dikti
5) Permendikdasmen No. 3 Tahun 2025 tentang Sistem Penerimaan Murid Baru
6) Permendikbud tentang standar pengelolaan ataupun standar sarana prasarana yang berlaku
7) Peraturan petunjuk teknis Dana Alokasi Khusus (DAK) Fisik yang berlaku sebagai rujukan dalam penentuan spesifikasi bangunan.
8) Terkait dengan sarana dan prasarana yang perlu direhabilitasi untuk memberikan lingkungan yang aman baik di dalam dan di luar ruangan terdapat pada NPK tentang Lingkungan Belajar Aman Bab III halaman 25 dst.
9) Peraturan petunjuk teknis Dana Alokasi Khusus Fisik yang berlaku : sebagai rujukan dalam penentuan spesifikasi bangunan
10) NPK PAUD Berkualitas Seri 8 tentang Kriteria Minimum & Sarpras Esensial Penyelenggaraan PAUD"
1.01.02.2.04.0046	Penyelenggaraan Proses Belajar bagi Peserta Didik	Terselenggaranya Proses Belajar bagi Peserta Didik	Jumlah Satuan Pendidikan yang Menyelenggarakan Proses Belajar	Peserta Didik	"Cakupan : 
Proses belajar bagi peserta didik merupakan pelaksanaan pembelajaran pada satuan pendidikan untuk mencapai Standar Kompetensi Lulusan dengan kriteria yang diatur sesuai ketentuan. Sub kegiatan ini dapat mengakomodir  penyelenggaraan Asesmen Nasional dan Tes Kemampuan Akademik (TKA) di satuan pendidikan

Operasionalisasi (Fasilitasi penyelenggaraan asesmen terstandar sesuai dengan peraturan Mendikdasmen yang berlaku): 
1. Melakukan persiapan asesmen terstandar bagi peserta didik, sesuai dengan peraturan Mendikdasmen yang berlaku
2. Melakukan pelaksanaan asesmen terstandar bagi peserta didik, sesuai dengan peraturan Mendikdasmen yang berlaku
3. Melakukan pelaporan asesmen terstandar bagi peserta didik, sesuai dengan peraturan Mendikdasmen yang berlaku
4. Melakukan pemanfaatan hasil asesmen terstandar bagi peserta didik, sesuai dengan peraturan Mendikdasmen yang berlaku

Operasionalisasi (Fasilitasi dan pemberian dukungan untuk proses belajar):
a) Melakukan identifikasi kebutuhan untuk peningkatan kualitas pembelajaran di satuan pendidikan, termasuk diskusi dengan Unit Layanan Disabilitas untuk asesmen peserta didik disabilitas
b) Menyusun rencana dan strategi pembelajaran yang efektif dan efisien untuk mengembangkan potensi, prakarsa, kemampuan, dan kemandirian peserta didik secara optimal 
c) Melakukan pendampingan pelaksanaan peningkatan kualitas pembelajaran di satuan pendidikan melalui suasana belajar yang interaktif, inspiratif, menyenangkan, menantang, memotivasi peserta didik untuk berpartisipasi aktif, dan memberikan ruang yang cukup bagi prakarsa, kreativitas, kemandirian sesuai dengan bakat, minat, dan perkembangan fisik, serta psikologis peserta didik
d) Melakukan evaluasi pelaksanaan peningkatan kualitas pembelajaran di satuan pendidikan
e) Melakukan supervisi dan koordinasi pengembangan kurikulum di tingkat satuan pendidikan



NSPK:  
1) Undang-Undang Nomor 20 Tahun 2003 tentang Sistem Pendidikan Nasional 
2) Peraturan Pemerintah Nomor 57 Tahun 2021 tentang Standar Nasional Pendidikan
3) Peraturan Pemerintah Nomor 17 Tahun 2010 Tentang Penyelenggaraan dan Pengelolaan Pendidikan
4) Peraturan Menteri Pendidikan, Kebudayaan, Riset, dan Teknologi Republik Indonesia Nomor 9 Tahun 2022 Tentang Evaluasi Sistem Pendidikan Oleh Pemerintah Pusat Dan Pemerintah Daerah Terhadap Pendidikan Anak Usia Dini, Pendidikan Dasar, dan Pendidikan Menengah
5) Peraturan Menteri Pendidikan, Kebudayaan, Riset, dan Teknologi Republik Indonesia Nomor 17 Tahun 2021 tentang Asesmen Nasional
6) Peraturan Menteri Pendidikan Dasar dan Menengah Nomor 9 Tahun 2025 tentang Tes kemampuan Akademik
7) Peraturan Menteri Pendidikan Dasar dan Menengah Nomor 10 Tahun 2025 tentang Standar Kompetensi Lulusan pada Pendidikan Anak Usia Dini, jenjang Pendidikan Dasar, dan Jenjang Pendidikan Menengah
8) Peraturan Menteri Pendidikan Dasar dan Menengah Nomor 13 Tahun 2025 tentang Perubahan atas Peraturan Menteri Pendidikan, Kebudayaan, Riset dan Teknologi Nomor 12 Tahun 2024 tentang Kurikulum pada Pendidikan Anak Usia Dini, Jenjang Pendidikan Dasar, dan Jenjang Pendidikan Menengah
8) Keputusan Menteri Pendidikan Dasar dan Menengah Nomor 95/M/2025 tentang Pedoman Penyelenggaraan Tes Kompetensi Akademik"
1.01.02.2.04.0055	Pengadaan Alat Praktik dan Peraga Peserta Didik Nonformal / Kesetaraan	Alat Praktik dan Peraga Peserta Didik Nonformal/Kesetaraan yang Tersedia	Jumlah Alat Praktik dan Peraga Peserta Didik Nonformal/ Kesetaraan yang Tersedia	Paket	"Alat praktik dan peraga adalah perlengkapan yang diperlukan secara khusus untuk praktik atau sebagai peraga dalam mendukung pembelajaran agar mudah dipahami peserta didik.

Cakupan : 
- Pengadaan peralatan TIK dan alat praktik belajar literasi dan numerasi
- Pengadaan peralatan praktik penunjang pembelajaran bagi SMK sesuai standar industri

Operasionalisasi (Umum) : 
1) Melakukan pendataan satuan pendidikan yang belum memiliki peralatan TIK dan alat praktik belajar literasi dan numerasi
2) Mengusulkan satuan pendidikan yang belum memiliki peralatan TIK dan alat praktik belajar literasi dan numerasi untuk menerima DAK Fisik dan/atau sumber pendanaan lain yang relevan
3) Mengalokasikan dana dalam APBD untuk pengadaan TIK dan alat praktik belajar literasi dan numerasi bagi satuan pendidikan yang belum memiliki peralatan tersebut
4) Melakukan pengadaan peralatan TIK dan alat praktik belajar literasi dan numerasi sesuai peraturan perundang-undangan 
5) Melakukan supervisi dan evaluasi terhadap pemanfaatan, dan pemeliharaan peralatan TIK dan alat praktik belajar literasi dan numerasi

Operasionalisasi (SMK):
Pengadaan peralatan praktik sesuai dengan kompetensi keahlian

Operasionalisasi (PAUD/Jenjang Lain) : 
1) Melakukan identifikasi alat praktik dan peraga yang belum dimiliki satuan
2) Menyediakan alat praktik dan peraga untuk peserta didik di satuannya yang sesuai dengan NSPK

NSPK:  
1) Perpres Nomor 68 Tahun 2022 tentang Revitalisasi Pendidikan Vokasi dan Pelatihan Vokasi
2) Permenko PMK Nomor 6 Tahun 2022 tentang Strategi Nasional Pendidikan Vokasi dan Pelatihan Vokasi
3) Peraturan Menteri Pendidikan Dasar dan Menengah Nomor 13 Tahun 2025 tentang Perubahan atas Perubahan atas Peraturan Menteri Pendidikan, Kebudayaan, Riset dan Teknologi Nomor 12 Tahun 2024 tentang Kurikulum pada Pendidikan Anak Usia Dini, Jenjang Pendidikan Dasar, dan Jenjang Pendidikan Menengah
4) Peraturan Menteri Dalam Negeri terkait Pedoman Penyusunan Anggaran Pendapatan dan Belanja Daerah pada tahun berjalan
5) Peraturan Juknis DAK Fisik yang berlaku pada tahun berjalan"
1.01.04.2.01.0001	Perhitungan dan Pemetaan Pendidik dan Tenaga Kependidikan Satuan Pendidikan Dasar, PAUD, dan Pendidikan Nonformal/Kesetaraan	Tersedianya Dokumen Hasil Perhitungan dan Pemetaan Pendidik dan Tenaga Kependidikan Satuan Pendidikan Dasar, PAUD, dan Pendidikan Nonformal/Kesetaraan	Jumlah Dokumen Hasil Perhitungan dan Pemetaan Pendidik dan Tenaga Kependidikan Satuan Satuan Pendidikan Dasar, PAUD, dan Pendidikan Nonformal/Kesetaraan	Dokumen	"Cakupan : 
- Pemetaan dan penataan penempatan untuk pemerataan pendidik dan tenaga kependidikan paling sedikit 1 (satu) kali dalam 1 (satu) tahun
- Pemetaan kecukupan jumlah pengawas sekolah untuk satuan pendidikan

Operasionalisasi (pendidik) : 
1) Pendataan dan analisis kebutuhan pendidik untuk setiap satuan pendidikan
2) Pengadaan pendidik sesuai dengan hasil pendataan dan analisis kebutuhan pendidik
3) Penempatan pendidik sesuai dengan hasil pendataan dan analisis kebutuhan pendidik
Operasionalisasi (tendik) : 
1) Pendataan dan analisis kebutuhan Pengawas 
 2) Pengadaan Pengawas sesuai dengan hasil pendataan dan analisis kebutuhan Pengawas

NSPK:  
1) Permendikbudristek Nomor 1 Tahun 2021 tentang PPDB.
 2) Permendikbud Nomor 15 Tahun 2018 tentang Pemenuhan Beban Kerja Guru, Kepala Sekolah, dan Pengawas Sekolah.
 3) Permendikbudristek Nomor 29 Tahun 2021 tentang Pedoman Penyusunan Kebutuhan Jabatan Fungsional Pengembang Penilaian Pendidikan
 4) Permendikbud Nomor 143 Tahun 2014 tetang Petunjuk Teknis Pelaksanaan Jabatan Fungsional Pengawas Sekolah dan Angka Kreditnya"
1.01.04.2.01.0002	Penataan Pendistribusian Pendidik dan Tenaga Kependidikan bagi Satuan Pendidikan Dasar, PAUD, dan Pendidikan Nonformal/Kesetaraan	Terlaksananya Penataan Pendistribusian Pendidik dan Tenaga Kependidikan Satuan Satuan Pendidikan Dasar, PAUD, dan Pendidikan Nonformal/Kesetaraan	Jumlah Laporan Hasil Pelaksanaan Penataan Pendistribusian Pendidik dan Tenaga Kependidikan Satuan Pendidikan Dasar, PAUD, dan Pendidikan Nonformal/Kesetaraan	Laporan	"&Cakupan : 
Distribusi pendidik dan tenaga kependidikan yang berkualitas untuk pemerataan pendidik dan tenaga kependidikan

Operasionalisasi : 
1) Pendataan dan analisis kelebihan dan kekurangan jam mengajar pada setiap mata pelajaran untuk setiap satuan pendidikan
 2) Penempatan Pendidik dari Satuan Pendidikan yang kelebihan jam mengajar pada mata pelajaran tertentu ke Satuan Pendidikan yang kekurangan jam mengajar mata pelajaran yang sama.

NSPK:  
1) Permendikbudristek Nomor 1 Tahun 2021 tentang PPDB.
 2) Permendikbud Nomor 15 Tahun 2018 tentang Pemenuhan Beban Kerja Guru, Kepala Sekolah, dan Pengawas Sekolah.
 3) Permendikbudristek Nomor 29 Tahun 2021 tentang Pedoman Penyusunan Kebutuhan Jabatan Fungsional Pengembang Penilaian Pendidikan
 4) Permendikbud Nomor 143 Tahun 2014 tetang Petunjuk Teknis Pelaksanaan Jabatan Fungsional Pengawas Sekolah dan Angka Kreditnya
&"
1.01.01.2.01.0001	Penyusunan Dokumen Perencanaan Perangkat Daerah				
1.01.01.2.01.0006	Koordinasi dan Penyusunan Laporan Capaian Kinerja dan Ikhtisar Realisasi Kinerja SKPD				
1.01.01.2.01.0007	Evaluasi Kinerja Perangkat Daerah				
1.01.01.2.02.0001	Penyediaan Gaji dan Tunjangan ASN				
1.01.01.2.02.0003	"Pelaksanaan Penatausahaan dan

Pengujian/Verifikasi Keuangan SKPD"				
1.01.01.2.02.0007	Koordinasi dan Penyusunan Laporan Keuangan Bulanan/ Triwulanan/ Semesteran SKPD				
1.01.01.2.06.0001	"Penyediaan Komponen Instalasi

Listrik/Penerangan Bangunan Kantor"				
1.01.01.2.06.0002	Penyediaan Peralatan dan Perlengkapan Kantor				
1.01.01.2.06.0003	Penyediaan Peralatan Rumah Tangga				
1.01.01.2.06.0004	Penyediaan Bahan Logistik Kantor				
1.01.01.2.06.0005	Penyediaan Barang Cetakan dan Penggandaan				
1.01.01.2.07.0001	Pengadaan Kendaraan Perorangan Dinas atau Kendaraan Dinas Jabatan				
1.01.01.2.07.0006	Pengadaan Peralatan dan Mesin Lainnya				
1.01.01.2.07.0007	Pengadaan Aset Tetap Lainnya				
1.01.01.2.07.0010	Pengadaan Sarana dan Prasarana Gedung Kantor atau Bangunan Lainnya				
1.01.01.2.07.0011	Pengadaan Sarana dan Prasarana Pendukung Gedung Kantor atau Bangunan Lainnya				
1.01.01.2.08.0002	Penyediaan Jasa Komunikasi, Sumber Daya Air dan Listrik				
1.01.01.2.08.0004	Penyediaan Jasa Pelayanan Umum Kantor				
1.01.01.2.09.0002	Penyediaan Jasa Pemeliharaan, Biaya Pemeliharaan, Pajak dan Perizinan Kendaraan Dinas Operasional atau Lapangan				
1.01.01.2.09.0009	Pemeliharaan/Rehabilitasi Gedung Kantor dan Bangunan Lainnya				
1.01.01.2.09.0010	Pemeliharaan/Rehabilitasi Sarana dan Prasarana Gedung Kantor atau Bangunan Lainnya				
2.19.02.2.01.0013	Koordinasi, Sinkronisasi dan Penyelenggaraan Pengembangan kepemimpinan pemuda tingkat kabupaten/kota				
2.19.02.2.01.0015	Koordinasi, Sinkronisasi dan Penyelenggaraan Pengembangan Kepeloporan Pemuda bagi Pemuda Pelopor Tingkat Kabupaten/kota				
2.19.02.2.02.0003	Koordinasi, sinkronisasi, dan penyelenggaran pengembangan organisasi kepemudaan tingkat kabupaten/kota				
2.19.03.2.02.0006	Keikutsertaan anggota kontingen kabupaten/kota dalam Penyelenggaraan pekan dan kejuaraan olahraga				
2.19.03.2.03.0007	Pemberian Penghargaan olahraga bagi yang berprestasi dan/atau berjasa dalam memajukan Olahraga				
2.19.03.2.04.0005	Pelaksanaan Standar nasional pengelolaan Organisasi Keolahragaan di kabupaten/kota				
2.19.04.2.01.0002	Peningkatan Kapasitas Organisasi Kepramukaan Tingkat Daerah	Meningkatnya Kapasitas Organisasi Kepramukaan Tingkat Daerah	Jumlah Organisasi Kepramukaan Tingkat Daerah yang Meningkat Kapasitasnya	Organisasi	Penyelenggaraan Peningkatan Kapasitas Organisasi Kepramukaan Tingkat Daerah (Kabupaten/kota) mengacu pada UU Nomor 12 Tahun 2010 tentang Gerakan Pramuka, serta peraturan Kwarda masing-masing kabupaten/kota yang dibuat berdasarkan aturan yang lebih tinggi.
1.02.02.2.01.0001	Pembangunan Rumah Sakit beserta Sarana dan Prasarana Pendukungnya	Terpenuhinya Rumah Sakit Baru dengan Rasio Tempat Tidur Terhadap Jumlah Penduduk Minimal 1:1000	Jumlah Rumah Sakit Baru yang Memenuhi Rasio Tempat Tidur Terhadap Jumlah Penduduk Minimal 1:1000	Unit	"Pembangunan Rumah Sakit Beserta Sarana dan Prasarana Pendukungnya adalah  pembangunan rumah sakit baru beserta sarana, prasarana dan alat kesehatan untuk memenuhi  rasio tempat tidur terhadap jumlah penduduk minimal 1:1000 dan atau pemenuhan akses pemenuhan pelayanan rujukan.

Sarana adalah bangunan yang sebagian atau seluruhnya berada di atas tanah/perairan, ataupun di bawah tanah/perairan dan digunakan untuk penyelenggaraan atau penunjang pelayanan.

Prasarana adalah alat, jaringan, dan sistem yang membuat suatu Sarana dapat berfungsi.

Alat Kesehatan adalah instrumen, aparatus, mesin dan/atau implan yang tidak mengandung obat yang digunakan untuk mencegah, mendiagnosis, menyembuhkan dan meringankan penyakit, merawat orang sakit, memulihkan kesehatan pada manusia, dan/atau membentuk struktur dan memperbaiki fungsi tubuh.

PP No 47 tahun 2016 tentang Fasilitas Pelayanan Kesehatan
PP No 47 tahun 2021 tentang perumasakitan 
PP No 5 Tahun 2021 tentang perizinan berusaha berbasis resiko
Permenkes No 8 Tahun 2022 tentang standar kegiatan usaha dan produk pada penyelengaran perizinan berusaha berbasis resiko sektor kesehatan, 
Permenkes 31 tahun 2018 tentang aplikasi sarana dan prasarana alat kesehatan 
Permenkes 3 tahun 2020 tentang klasifikasi dan perizinan rumah sakit"
1.02.02.2.01.0002	Pembangunan Puskesmas	Terbangunnya Pusat Kesehatan Masyarakat (Puskesmas)	Jumlah Pusat Kesehatan Masyarakat (Puskesmas) yang Dibangun	Unit	"Pembangunan Puskesmas adalah pembangunan Puskesmast baru beserta sarana, prasarana dan alat (Alkes/non alkes)

Pembangunan UPKD/K adalah Pembangunan Unit Pelayanan Kesehatan Desa/Kelurahan Baru beserta sarana, prasarana dan alat (Alkes/non alkes)

Sarana adalah bangunan yang sebagian atau seluruhnya berada di atas tanah/perairan, ataupun di bawah tanah/perairan dan digunakan untuk penyelenggaraan atau penunjang pelayanan.

Prasarana adalah alat, jaringan, dan sistem yang membuat suatu Sarana dapat berfungsi.

Alat Kesehatan adalah instrumen, aparatus, mesin dan/atau implan yang tidak mengandung obat yang digunakan untuk mencegah, mendiagnosis, menyembuhkan dan meringankan penyakit, merawat orang sakit, memulihkan kesehatan pada manusia, dan/atau membentuk struktur dan memperbaiki fungsi tubuh.

Permenkes no.43 tahun 2019 tentang  SK Dirjen Yankes no.HK 02.02/V/1196/2017 tentang Pedoman Pembangunan dan Peningkatan Fungsi Bangunan Puskesmas Perbatasan"
1.02.02.2.01.0003	Pembangunan Fasilitas Kesehatan Lainnya	Terbangunnya Fasilitas Kesehatan Lainnya	Jumlah Fasilitas Kesehatan Lainnya yang Dibangun	Unit	"Pembangunan Fasilitas Kesehatan Lainnya adalah pembangunan Fasilitas kesehatan baru berupa Laboratorium Kesehatan Daerah, Instalasi Farmasi,  Unit Tranfusi Darah sesuai standar dan Fasilitas Kesehatan Tradisional

Laboratorium Kesehatan Daerah adalah  laboratorium milik Pemerintah daerah yang melaksanakan pengukuran, penetapan dan pengujian terhadap bahan yang berasal dari manusia atau bahan bukan berasal dari manusia untuk penentuan jenis penyakit, penyebab penyakit, kondisi kesehatan atau faktor yang dapat berpengaruh pada kesehatan perorangan dan/atau masyarakat
 
Instalasi Farmasi adalah fasilitas tempat penyimpanan dan penyaluran sediaan farmasi dan alat kesehatan milik  pemerintah daerah dalam rangka pelayanan kesehatan

Unit Tranfusi Darah adalah fasilitas pelayanan Kesehatan yang menyelenggarakan pendonor darah, penyediaan darah, dan pendistribusian darah

Fasilitas Kesehatan Tradisional adalah pengobatan dan/atau perawatan dengan cara dan obat yang mengacu pada pengalaman dan keterampilan turun temurun secara empiris yang dapat dipertanggungjawabkan dan diterapkan sesuai dengan norma yang berlaku di masyarakat.

Permenkes No 14 Tahun 2021 tentang standar kegiatan usaha dan produk pada penyelengaran perizinan berusaha berbasis resiko sektor kesehatan, PP No 47 tahun 2021 tentang perumasakitan , PP No 5 Tahun 2021 tentang perizinan berusaha berbasis resiko
Permenkes No 15 Tahun 2018 tentang Penyelenggaraan Pelayanan Kesehatan Tradisional Komplementer
Permenkes No. 91 Tahun 2015 tentang Standar Pelayanan Tranfusi Darah
Permenkes No 54 tentang Pengujian dan Kalibrasi Alat Kesehatan
Kepmenkes No 605/Menkes/SK/VII/2008 tentang Standar BLK dan BBLK
Kepmenkes 1267/Menkes/SK/XII/2004 tentang Standar Pelayanan Laboratorium Dinas Kesehatan Kabupaten/Kota"
1.02.02.2.01.0004	Pembangunan Rumah Dinas Tenaga Kesehatan	Terbangunnya Rumah Dinas Tenaga Kesehatan	Jumlah Rumah Dinas Tenaga Kesehatan yang Dibangun	Unit	"Pembangunan Rumah Dinas Tenaga Kesehatan adalah pengembangan Rumah Dinas baru Tenaga Kesehatan sesuai standar  

Permenkes no.43 tahun 2019 tentang Pusat Kesehatan Masyarakat"
1.02.02.2.01.0008	Rehabilitasi dan Pemeliharaan Rumah Sakit	Tersedianya Sarana, Prasarana dan Alat Kesehatan yang Telah Dilakukan Program Rehabilitasi dan Pemeliharaan Oleh Rumah Sakit	Jumlah Sarana, Prasarana dan Alat Kesehatan yang Telah Dilakukan Program Rehabilitasi dan Pemeliharaan Oleh Rumah Sakit	Unit	"Rehabilitasi rumah sakit adalah memperbaiki bangunan rumah sakit yang telah rusak sebagian dengan maksud menggunakan sesuai dengan fungsi tertentu baik arsitektur maupun struktur bangunan gedung tetap atau tidak berubah.

Pemeliharaan rumah sakit adalah suatu kegiatan untuk melakukan pengelolaan bangunan, prasarana, dan alat kesehatan rumah sakit secara promotif, inspeksi, preventif, dan korektif agar tetap berfungsi.

Rehabilitasi dan pemeliharaan rumah sakit adalah  rehabilitasi dan pemeliharaan rumah sakit yang ditingkatkan  sarana, prasarana, alat kesehatan, dan SDM agar sesuai standar.

Permenkes No 14 Tahun 2021 tentang standar kegiatan usaha dan produk pada penyelengaran perizinan berusaha berbasis resiko sektor kesehatan, 
Permenkes No 54 tentang Pengujian dan Kalibrasi Alat Kesehatan
Perdirjentyankes tentang pedoman pengelolaan sarana dan prasarana alat kesehatan rumah sakit"
1.02.02.2.01.0009	Rehabilitasi dan Pemeliharaan Puskesmas	Tersedianya Sarana, Prasarana dan Alat Kesehatan yang Telah Dilakukan Rehabilitasi dan Pemeliharaan oleh Puskesmas	Jumlah Sarana, Prasarana dan Alat Kesehatan yang Telah Dilakukan Rehabilitasi dan Pemeliharaan Oleh Puskesmas	Unit	"Rehabilitasi Puskesmas  adalah memperbaiki bangunan Puskesmas yang telah rusak sebagian dengan maksud menggunakan sesuai dengan fungsi tertentu baik arsitektur maupun struktur bangunan gedung tetap atau tidak berubah.

Rehabilitasi UPKD/K adalah memperbaiki bangunan Unit Pelayanan Kesehatan Desa/ Kelurahan yang telah rusak sebagian dengan maksud menggunakan sesuai dengan fungsi tertentu baik arsitektur maupun struktur bangunan gedung tetap atau tidak berubah.

Pemeliharaan Puskesmas adalah suatu kegiatan untuk melakukan pengelolaan bangunan, prasarana, dan alat kesehatan Puskesmas secara promotif, inspektif, preventif, dan korektif agar tetap berfungsi.

Pemeliharaan UPKD/K adalah suatu kegiatan untuk melakukan pengelolaan bangunan, prasarana, dan alat kesehatan Unit Pelayanan Kesehatan Desa/Kelurahan secara promotif, inspektif, preventif, dan korektif agar tetap berfungsi.

Rehabilitasi dan pemeliharaan Puskesmas adalah  rehabilitasi dan pemeliharaan Puskesmas yang ditingkatkan  sarana, prasarana, alat kesehatan, dan SDM agar sesuai standar.

Rehabilitasi dan pemeliharaan UPKD/K adalah  rehabilitasi dan pemeliharaan Unit Pelayanan Kesehatan Desa/ Kelurahan yang ditingkatkan  sarana, prasarana, alat kesehatan, dan SDM agar sesuai standar.

Permenkes no.43 tahun 2019 tentang  Pedoman Pengelolaan Sarana, Prasarana dan Alat Kesehatan di Puskesmas"
1.02.02.2.01.0010	Rehabilitasi dan Pemeliharaan Fasilitas Kesehatan Lainnya	Tersedianya Sarana , Prasarana dan Alat Kesehatan yang Telah Dilakukan Rehabilitasi dan Pemeliharaan oleh Fasilitas Kesehatan Lainnya	Jumlah Sarana , Prasarana dan Alat Kesehatan yang Telah Dilakukan Rehabilitasi dan Pemeliharaan oleh Fasilitas Kesehatan Lainnya	Unit	"Rehabilitasi fasilitas kesehatan lainnya adalah memperbaiki bangunan yang telah rusak sebagian dengan maksud menggunakan sesuai dengan fungsi tertentu baik arsitektur maupun struktur bangunan gedung tetap atau tidak berubah.

Pemeliharaan fasilitas kesehatan lainnya adalah suatu kegiatan untuk melakukan pengelolaan bangunan dan prasarana secara promotif, inspektif, preventif, dan korektif agar tetap berfungsi.

Rehabilitasi dan pemeliharaan fasilitas kesehatan lainnya adalah  rehabilitasi dan pemeliharaan Fasilitas kesehatan berupa Laboratorium Kesehatan Masyarakat, Instalasi Farmasi, Unit Tranfusi Darah dan Fasilitas Kesehatan Tradisional yang ditingkatkan sarana, prasarana, alat kesehatan  dan SDM agar sesuai standar.

1. Permenkes No 14 Tahun 2021 tentang standar kegiatan usaha dan produk pada penyelengaran perizinan berusaha berbasis resiko sektor kesehatan, PP No 47 tahun 2021 tentang perumasakitan , PP No 5 Tahun 2021 tentang perizinan berusaha berbasis resiko
2. Permenkes No 15 Tahun 2018 tentang Penyelenggaraan Pelayanan Kesehatan Tradisional Komplementer
3. Permenkes No. 91 Tahun 2015 tentang Standar Pelayanan Tranfusi Darah
4. Permenkes No 54 tentang Pengujian dan Kalibrasi Alat Kesehatan
5. Kepmenkes No 605/Menkes/SK/VII/2008 tentang Standar BLK dan BBLK
6. Kepmenkes 1267/Menkes/SK/XII/2004 tentang Standar Pelayanan Laboratorium Dinas Kesehatan Kabupaten/Kota
7. PP No. 16 tahun 2021 tentang Bangunan Gedung
8. UU No 17 Tahun 2023 Tentang Kesehatan"
1.02.02.2.01.0014	Pengadaan Alat Kesehatan/Alat Penunjang Medik Fasilitas Pelayanan Kesehatan	Tersedianya Alat Kesehatan/Alat Penunjang Medik Fasilitas Pelayanan Kesehatan	Jumlah Alat Kesehatan/Alat Penunjang Medik Fasilitas Pelayanan Kesehatan yang Disediakan	Unit	"Alat kesehatan adalah instrumen, aparatus, mesin dan/atau implan yang tidak mengandung obat yang digunakan untuk mencegah, mendiagnosis, menyembuhkan dan meringankan penyakit, merawat orang sakit, memulihkan kesehatan pada manusia, dan/atau membentuk struktur dan memperbaiki fungsi tubuh. 

Alat penunjang medik fasilitas pelayanan kesehatan adalah alat, aparatus, mesin yang membantu fungsi pelayanan medis, antara lain seperti peralatan di instalasi rumah duka, instalasi laundry,  dan instalasi gizi. 

Pengadaan Alat Kesehatan/Alat Penunjang Medik Fasilitas Layanan Kesehatan adalah pengadaan alat kesehatan dan alat penunjang medik yang dibutuhkan fasilitas pelayanan kesehatan untuk menjalankan fungsinya sesuai standar dan memberikan layanan unggulan. 

1. PP No 47 tahun 2021 tentang perumasakitan, 
2. Permenkes No. 43 Tahun 2019 Tentang Puskesmas, 
3. Permenkes No. 3 Tahun 2020 tentang Klasifikasi dan perijinan rumah sakit
4. PP No. 66 tahun 2014 tentang Kesling
5. Permenkes No. 492 tahun 2010 tentang Persyaratan kualitas air minum
6. Permenkes 736 tahun 2010 tentang Tata Laksana Pengawasan Kualitas Air Minum 
7. Permenkes No. 1098 tahun 2010 tentang Higiene sanitasi restoran/rumah makan
8. Permenkes no. 1077 tahun 2011 tentang penyelenggaraan udara dalam rumah"
1.02.02.2.01.0015	Pengadaan dan Pemeliharaan Alat Kalibrasi	Terlaksananya Penyediaan dan Pemeliharaan Alat Pengujian dan Kalibrasi pada Unit Pemeliharaan Fasilitas Kesehatan Regional/Regional Maintainance Center	Jumlah Penyediaan dan Pemeliharaan Alat Uji dan Kalibrasi Pada Unit Pemeliharaan Fasilitas Kesehatan Regional/Regional Maintainance Center	Unit	"Pengadaan dan Pemeliharaan Alat Kalibrasi adalah penyediaan dan pemeliharaan Alat Pengujian dan Kalibrasi pada Unit Pemeliharaan Fasilitas Kesehatan Regional/Regional Maintainance Center. Alat kalibrasi adalah alat yang digunakan untuk mengukur, menguji, dan mengoreksi keluaran alat/mesin/instalasi tertentu dibandingkan dengan standar dan proses koreksi akurasi hasil keluaran alat tertentu tadi menjadi sesuai standar.

Dasar Hukum:
1.	Undang-Undang Nomor 17 tahun 2023 tentang Kesehatan
2.	Peraturan Pemerintah Nomor 28 tahun 2024 tentang Peraturan Pelaksanaan Undang-Undang Nomor 17 Tahun 2023 tentang Kesehatan
3.	Peraturan Menteri Kesehatan Nomor 17 Tahun 2024 tentang Perubahan Kedua Atas Peraturan Menteri Kesehatan Nomor 14 Tahun 2021 Tentang Standar Kegiatan Usaha Dan Produk Pada Penyelenggaraan Perizinan Berusaha Berbasis Risiko Sektor Kesehatan
4.	Peraturan Menteri Kesehatan Nomor 2 Tahun 2023 tentang Pelaksanaan PP 66 tahun 2014 tentang Kesehatan Lingkungan
5.	Peraturan Menteri Kesehatan Nomor 19 Tahun 2024 Tentang Puskesmas
6.	Peraturan Menteri Kesehatan Nomor 54 tentang Pengujian dan Kalibrasi Alat Kesehatan"
1.02.02.2.01.0020	Pemeliharaan Rutin dan Berkala Alat Kesehatan/Alat Penunjang Medik Fasilitas Pelayanan Kesehatan	Terpeliharanya Alat Kesehatan/Alat Penunjang Medik Fasilitas Layanan Kesehatan Sesuai Standar	Jumlah Alat Kesehatan/Alat Penunjang Medik Fasilitas Layanan Kesehatan yang Terpelihara Sesuai Standar	Unit	"Pemeliharaan Rutin dan Berkala adalah pemeliharaan yang dilaksanakan secara rutin sepanjang tahun. Pemeliharaan Berkala adalah pemeliharaan yang dilaksanakan secara periodik berkala pada jangka waktu tertentu dalam satu tahun.
 Alat Kesehatan Fasilitas Layanan Kesehatan adalah instrumen, aparatus, mesin dan/atau implan yang tidak mengandung obat yang digunakan untuk mencegah, mendiagnosis, menyembuhkan dan meringankan penyakit, merawat orang sakit, memulihkan kesehatan pada manusia, dan/atau membentuk struktur dan memperbaiki fungsi tubuh. Alat Penunjang Medik Fasilitas Pelayanan Kesehatan adalah adalah alat, aparatus, mesin yang membantu fungsi pelayanan medis, antara lain seperti peralatan di instalasi rumah duka, instalasi laundry, dan instalasi gizi. Pemeliharaan rutin dan berkala alat kesehatan/alat penunjang medik fasilitas pelayanan kesehatan adalah pemeliharaan  yang dilaksanakan sepanjang tahun atau periodik tertentu dalam kurun satu tahun pada alat kesehatan dan alat penunjang medis di fasilitas pelayanan kesehatan untuk menjaga fungsi, keamanan dan terjaganya keluaran fungsi alat sesuai standar. 

PP No 47 tahun 2021 tentang perumasakitan, Permenkes No. 43 Tahun 2019 Tentang Puskesmas, Permenkes No. 3 Tahun 2020 tentang Klasifikasi dan perijinan rumah sakit
Pedoman pengelolaan pemeliharaan Fasilitas Kesehatan Regional / Regional Maintenance Center
Pedoman pemeliharaan Alat Puskesmas"
1.02.02.2.01.0023	Pengadaan Obat, Bahan Habis Pakai, Bahan Medis Habis Pakai,, Vaksin, Makanan dan Minuman di Fasilitas Kesehatan	Tersedianya Obat, Bahan Habis Pakai, Bahan Medis Habis Pakai, Vaksin, Makanan dan Minuman  di Fasilitas Kesehatan	Jumlah Obat, Bahan Habis Pakai, Bahan Medis Habis Pakai, Vaksin, Makanan dan Minuman di Fasilitas Kesehatan  yang disediakan	Paket	"Pengadaan Obat, Bahan Habis Pakai, Bahan Medis Habis Pakai, Vaksin, Makanan dan Minuman ke Fasilitas Kesehatan adalah serangkaian kegiatan pengadaan Obat, Bahan Habis Pakai, Bahan Medis Habis Pakai, Vaksin, Makanan dan Minuman ke Fasilitas Kesehatan 

Makanan dan Minuman adalah bahan makanan atau minuman yang dikonsumsi untuk memenuhi kecukupan gizi sesuai standar dengan tujuan untuk meningkatkan, memelihara dan memperbaiki status gizi

Alat Kesehatan adalah instrumen, aparatus, mesin dan/atau implan yang tidak mengandung obat yang digunakan untuk mencegah, mendiagnosis, menyembuhkan dan meringankan penyakit, merawat orang sakit, memulihkan kesehatan pada manusia, dan/atau membentuk struktur dan memperbaiki fungsi tubuh.

Obat adalah bahan atau paduan bahan, termasuk produk biologi yang digunakan untuk mempengaruhi atau menyelidiki sistem fisiologi atau keadaan patologi dalam rangka penetapan diagnosis, pencegahan, penyembuhan, pemulihan, peningkatan kesehatan dan kontrasepsi
untuk manusia.

Bahan Habis Pakai adalah reagen dan atau alat pendukung Utama lainnya yang ditujukan untuk penggunakan sekali pakai dalam pengujian parameter yang diatur dalam peraturan perundang undangan 

Bahan Medis Habis Pakai adalah alat kesehatan yang ditujukan untuk penggunaan sekali pakai (single use) yang daftar produknya diatur dalam peraturan perundang-undangan

Vaksin adalah produk biologi yang berisi antigen berupa mikroorganisme yang sudah mati atau masih hidup yang dilemahkan, masih utuh atau bagiannya, atau berupa toksin mikroorganisme yang telah diolah menjadi toksoid atau protein rekombinan, yang ditambahkan dengan zat lainnya, yang bila diberikan kepada seseorang akan menimbulkan kekebalan spesifik secara aktif terhadap penyakit tertentu.
 
Perpres RI No. 12 Tahun 2021 tentang Perubahan atas Perpres No 16 Tahun 2018 tentang Pengadaan Barang/Jasa Pemerintah,  KMK No. 1426/Menkes/SK/XI/2002 tentang Pedoman Pengelolaan Obat Publik dan Perbekalan Kesehatan"
1.02.02.2.01.0024	Pengelolaan Pelayanan Kesehatan Dasar Melalui Pendekatan Keluarga	Terlaksananya Pendekatan Keluarga yang Diawali Tahapan Kunjungan Keluarga	Jumlah Keluarga yang Sudah Dikunjungi dan Diintervensi Masalah Kesehatannya oleh Tenaga Kesehatan Puskesmas	Keluarga	"Pendekatan keluarga adalah pelaksanaan kunjungan keluarga oleh tenaga kesehatan puskesmas  bersama kader  dan intervensi masalah kesehatan dasar yang dilakukan oleh tenaga kesehatan Puskesmas

Permenkes No 39 tahun 2016 Tentang Pedoman Penyelenggaraan Program Indonesia Sehat Dengan Pendekatan Keluarga"
1.02.02.2.01.0026	Distribusi  Alat Kesehatan, Obat, Bahan Habis Pakai, Bahan Medis Habis Pakai, Vaksin, Makanan dan Minuman ke Fasilitas Kesehatan	Terlaksananya  distribusi  Alat Kesehatan, Obat,Bahan Habis Pakai, Bahan Medis Habis Pakai, Vaksin, Makanan dan Minuman   ke Fasilitas Kesehatan	Jumlah distribusi  Alat Kesehatan, Obat, Bahan Habis Pakai, Bahan Medis Habis Pakai, Vaksin, Makanan ke Fasilitas Kesehatan	Paket	"Distribusi  Alat Kesehatan, Obat, Bahan Habis Pakai, Bahan Medis Habis Pakai, Vaksin, Makanan dan Minuman ke Fasilitas Kesehatan adalah serangkaian kegiatan penyaluran Alat Kesehatan, Obat, Bahan Habis Pakai, Bahan Medis Habis Pakai, Vaksin, Makanan dan Minuman ke Fasilitas Kesehatan dengan memperhatikan tata cara pendistribusian yang baik

Makanan dan Minuman adalah bahan makanan atau minuman yang dikonsumsi untuk memenuhi kecukupan gizi sesuai standar dengan tujuan untuk meningkatkan, memelihara dan memperbaiki status gizi

Alat Kesehatan adalah instrumen, aparatus, mesin dan/atau implan yang tidak mengandung obat yang digunakan untuk mencegah, mendiagnosis, menyembuhkan dan meringankan penyakit, merawat orang sakit, memulihkan kesehatan pada manusia, dan/atau membentuk struktur dan memperbaiki fungsi tubuh.

Obat adalah bahan atau paduan bahan, termasuk produk biologi yang digunakan untuk mempengaruhi atau menyelidiki sistem fisiologi atau keadaan patologi dalam rangka penetapan diagnosis, pencegahan, penyembuhan, pemulihan, peningkatan kesehatan dan kontrasepsi
untuk manusia.

Bahan Habis Pakai adalah reagen dan atau alat pendukung Utama lainnya yang ditujukan untuk penggunakan sekali pakai dalam pengujian parameter yang diatur dalam peraturan perundang undangan 

Bahan Medis Habis Pakai adalah alat kesehatan yang ditujukan untuk penggunaan sekali pakai (single use) yang daftar produknya diatur dalam peraturan perundang-undangan

Vaksin adalah produk biologi yang berisi antigen berupa mikroorganisme yang sudah mati atau masih hidup yang dilemahkan, masih utuh atau bagiannya, atau berupa toksin mikroorganisme yang telah diolah menjadi toksoid atau protein rekombinan, yang ditambahkan dengan zat lainnya, yang bila diberikan kepada seseorang akan menimbulkan kekebalan spesifik secara aktif terhadap penyakit tertentu.

PP No 47 tahun 2016 tentang Fasilitas pelayanan kesehatan
KMK No. 1426/Menkes/SK/XI/2002 tentang Pedoman Pengelolaan Obat Publik dan Perbekalan Kesehatan
PP No 72 Tahun 1998 Tentang Pengamanan sediaan farmasi dan alat kesehatan"
1.02.02.2.02.0001	Pengelolaan Pelayanan Kesehatan Ibu Hamil	Terkelolanya Pelayanan Kesehatan Ibu Hamil Sesuai Standar	Jumlah Ibu Hamil yang Mendapatkan Pelayanan Kesehatan Sesuai Standar	Orang	"Pelayanan Kesehatan Ibu Hamil adalah setiap kegiatan dan/atau serangkaian kegiatan pelayanan kesehatan yang diberikan oleh tenaga kesehatan / non kesehatan kepada ibu sejak masa konsepsi hingga melahirkan pada fasilitas pelayanan kesehatan.

Fasilitas Pelayanan Kesehatan adalah suatu alat dan/atau tempat yang digunakan untuk menyelenggarakan upaya pelayanan kesehatan, baik promotif, preventif, kuratif maupun rehabilitatif yang dilakukan oleh pemerintah, pemerintah daerah, dan/atau masyarakat.

Tenaga Kesehatan adalah setiap orang yang mengabdikan diri dalam bidang kesehatan serta memiliki pengetahuan dan/atau keterampilan melalui pendidikan di bidang kesehatan yang untuk jenis tertentu memerlukan kewenangan untuk melakukan upaya kesehatan

Jenis Belanja untuk jenis pelayanan dasar SPM kesehatan mengikuti Permenkes No 4 Tahun 2019

1)   UU 36 tahun 2014 tentang Tenaga Kesehatan
2)  PMK No 4 tahun 2019 tentang standar teknis pemenuhan mutu pelayanan dasar pada standar pelayanan minimal bidang kesehatan
3) Permenkes No 43 tahun 2019 tentang pusat kesehatan masyarakat atau puskesmas
4) Peraturan Menteri Kesehatan Nomor 21 Tahun 2021 tentang Pelayanan Kesehatan Masa Sebelum Hamil, Masa Hamil, Persalinan, dan Masa sesudah Melahirkan, Penyelenggaraan Pelayanan Kontrasepsi, serta Pelayanan Kesehatan Seksual"
1.02.02.2.02.0002	Pengelolaan Pelayanan Kesehatan Ibu Bersalin	Terkelolanya Pelayanan Kesehatan Ibu Bersalin Sesuai Standar	Jumlah Ibu Bersalin yang Mendapatkan Pelayanan Kesehatan Sesuai Standar	Orang	"Pelayanan Kesehatan Ibu bersalin adalah  setiap kegiatan dan/atau serangkaian kegiatan pelayanan kesehatan sesuai standar  yang dilakukan oleh  tenaga kesehatan   yang ditujukan pada ibu sejak dimulainya persalinan hingga 6 (enam) jam sesudah melahirkan.

Jenis Belanja untuk jenis pelayanan dasar SPM kesehatan mengikuti Permenkes No 4 Tahun 2019

1) PMK No 4 tahun 2019 tentang standar teknis pemenuhan mutu pelayanan dasar pada standar pelayanan minimal bidang kesehatan
2)  Permenkes No 43 tahun 2019 tentang pusat kesehatan masyarakat atau puskesmas
3) Peraturan Menteri Kesehatan Nomor 21 Tahun 2021 tentang Pelayanan
Kesehatan Masa Sebelum Hamil, Masa Hamil, Persalinan, dan Masa
sesudah Melahirkan, Penyelenggaraan Pelayanan Kontrasepsi, serta
Pelayanan Kesehatan Seksual"
1.02.02.2.02.0003	Pengelolaan Pelayanan Kesehatan Bayi Baru Lahir	Terkelolanya Pelayanan Kesehatan Bayi Baru Lahir Sesuai Standar	Jumlah Bayi Baru Lahir yang Mendapatkan Pelayanan Kesehatan Sesuai Standar	Orang	"Pengelolaan Pelayanan Kesehatan bayi baru lahir adalah setiap kegiatan/rangkaian kegiatan pelayanan kesehatan sesuai standar  oleh tenaga kesehatan yang diberikan kepada bayi baru lahir 0-28 hari  yang mendapatkan pelayanan sesuai standar paling sedikit tiga kali dengan distribusi waktu 1 kali pada 6-48 jam, 1 kali pada hari ke 3 – hari ke 7, dan 1 kali pada hari ke 8 – hari ke 28 setelah lahir.

Bayi baru lahir  adalah bayi lahir hidup yang berusia 0 – 28 hari

Jenis Belanja untuk jenis pelayanan dasar SPM kesehatan mengikuti Permenkes No 4 Tahun 2019

1) PMK No 4 tahun 2019 tentang standar teknis pemenuhan mutu pelayanan dasar pada standar pelayanan minimal bidang kesehatan
2)  Permenkes No 43 tahun 2019 tentang pusat kesehatan masyarakat atau puskesmas
3) Peraturan Menteri Kesehatan Nomor 21 Tahun 2021 tentang Pelayanan
Kesehatan Masa Sebelum Hamil, Masa Hamil, Persalinan, dan Masa
sesudah Melahirkan, Penyelenggaraan Pelayanan Kontrasepsi, serta
Pelayanan Kesehatan Seksual
4) Peraturan Menteri Kesehatan Nomor 25 Tahun 2014 tentang Upaya Pelayanan Kesehatan Anak"
1.02.02.2.02.0004	Pengelolaan Pelayanan Kesehatan Balita	Terkelolanya Pelayanan Kesehatan Balita Sesuai Standar	Jumlah Balita yang Mendapatkan Pelayanan Kesehatan Sesuai Standar	Orang	"Pelayanan Kesehatan balita adalah setiap kegiatan dan/atau serangkaian kegiatan pelayanan oleh tenaga kesehatan/non kesehatan kepada balita pada fasilitas pelayanan kesehatan
 

Balita adalah adalah anak umur 0 bulan sampai dengan 59 bulan

Jenis Belanja untuk jenis pelayanan dasar SPM kesehatan mengikuti Permenkes No 4 Tahun 2019"
1.02.02.2.02.0005	Pengelolaan Pelayanan Kesehatan pada Usia Pendidikan Dasar	Terkelolanya Pelayanan Kesehatan pada Usia Pendidikan Dasar Sesuai Standar	Jumlah Anak Usia Pendidikan Dasar yang Mendapatkan Pelayanan Kesehatan Sesuai Standar	Orang	"Pengelolaan Pelayanan Kesehatan pada usia pendidikan dasar adalah upaya pelayanan kesehatan melipuit upaya promotif, preventif dan kuratif sesuai standar yang diberikan  kepada kelompok usia pendidikan dasar  

Jenis Belanja untuk jenis pelayanan dasar SPM kesehatan mengikuti Permenkes No 4 Tahun 2019

1) PMK No 4 tahun 2019 tentang standar teknis pemenuhan mutu pelayanan dasar pada standar pelayanan minimal bidang kesehatan
2)  Permenkes No 43 tahun 2019 tentang pusat kesehatan masyarakat atau puskesmas
3) Peraturan Menteri Kesehatan Nomor 21 Tahun 2021 tentang Pelayanan
Kesehatan Masa Sebelum Hamil, Masa Hamil, Persalinan, dan Masa
sesudah Melahirkan, Penyelenggaraan Pelayanan Kontrasepsi, serta
Pelayanan Kesehatan Seksual
4) Peraturan Menteri Kesehatan Nomor 25 Tahun 2014 tentang Upaya Pelayanan Kesehatan Anak"
1.02.02.2.02.0006	Pengelolaan Pelayanan Kesehatan pada Usia Produktif	Terlaksananya Pelayanan Kesehatan Usia Produktif Sesuai Standar	Jumlah Penduduk Usia Produktif yang Mendapatkan Pelayanan Kesehatan Sesuai Standar	Orang	"Pengelolaan Pelayanan Kesehatan pada Usia Produktif adalah serangkaian kegiatan yang ditujukan untuk peningkatan sumber daya kesehatan, pengelolaan upaya promotif, preventif (deteksi dini penyakit dan lain-lain), kuratif dan rehabilitatif, serta monitoring dan evaluasi pelaksanaan pengelolaan pelayanan kesehatan pada Usia Produktif
Usia Produktif adalah orang yang berusia 15 tahun sampai dengan usia 59 tahun.

Jenis Belanja untuk jenis pelayanan dasar SPM kesehatan mengikuti Permenkes No 4 Tahun 2019

PP no 61 tahun 2014  tentang kesehatan reproduksi
Permenkes  no 21 tahun 2021 tentang Pelayanan kesehatan masa sebelum hamil, masa hamil, persalianan, dan masa sesudah malahirkan, penyelenggaraan pelayanan kontrasepsi, serta pelayananan kesehatan seksual .
Permenkes No 4 tahun 2019 tentang standar teknis pemenuhan mutu pelayanan dasar pada standar pelayanan minimal bidang kesehatan
Permenkes no 34 tahun 2015 tentang penanggulangan kanker payudara dan kanker leher rahim 
Permenkes no 29 tahun 2019 tentang perubahan Permenkes no 34 tahun 2015 tentang penanggulangan kanker payudara dan kanker leher rahim"
1.02.02.2.02.0007	Pengelolaan Pelayanan Kesehatan pada Usia Lanjut	Terlaksananya Pengelolaan Pelayanan Kesehatan Usia Lanjut Sesuai Standar	Jumlah Penduduk Usia Lanjut yang Mendapatkan Pelayanan Kesehatan Sesuai Standar	Orang	"Pengelolaan Pelayanan Kesehatan pada Usia Lanjut adalah upaya pelayanan kesehatan   yang meliputi upaya promotif, peventif, kuratif dan rehabilitatif sesuai standar yang diberikan kepada kelompok usia 60 tahun ke atas  

Jenis Belanja untuk jenis pelayanan dasar SPM kesehatan mengikuti Permenkes No 4 Tahun 2019

1) UU No 36 tahun 2009 tentang Kesehatan
2) PP No 61 tahun 2014  tentang kesehatan Reproduksi
3) Permenkes  No 21 tahun 2021 tentang Pelayanan kesehatan masa sebelum hamil, masa hamil, persalianan, dan masa sesudah malahirkan, penyelenggaraan pelayanan kontrasepsi, serta pelayananan kesehatan seksual .
4) Permenkes No 4 tahun 2019 tentang standar teknis pemenuhan mutu pelayanan dasar pada standar pelayanan minimal bidang kesehatan"
1.02.02.2.02.0008	Pengelolaan Pelayanan Kesehatan Penderita Hipertensi	Terlaksananya Pengelolaan Pelayanan Kesehatan Penderita Hipertensi Sesuai Standar	Jumlah Penderita Hipertensi yang Mendapatkan Pelayanan Kesehatan Sesuai Standar	Orang	"Pengelolaan Pelayanan Kesehatan Penderita Hipertensi adalah serangkaian kegiatan yang ditujukan untuk peningkatan sumber daya kesehatan, pengelolaan upaya promotif, preventif, kuratif dan rehabilitatif, serta monitoring dan evaluasi pelaksanaan pengelolaan pelayanan kesehatan Penderita Hipertensi sesuai standar
Penderita Hipertensi adalah orang yang di dignosa Hipertensi oleh dokter atau petugas kesehatan yang diberi kewenangan untuk menegakkan diagnosa.

Jenis Belanja untuk jenis pelayanan dasar SPM kesehatan mengikuti Permenkes No 4 Tahun 2019

PMK No 4 tahun 2019 tentang standar teknis pemenuhan mutu pelayanan dasar pada standar pelayanan minimal bidang kesehatan"
1.02.02.2.02.0009	Pengelolaan Pelayanan Kesehatan Penderita Diabetes Melitus	Terlaksananya Pengelolaan Pelayanan Kesehatan Penderita Diabetes Melitus Sesuai Standar	Jumlah Penderita Diabetes Melitus yang Mendapatkan Pelayanan Kesehatan Sesuai Standar	Orang	"Pengelolaan Pelayanan Kesehatan Penderita Diabetes Melitus adalah serangkaian kegiatan yang ditujukan untuk peningkatan sumber daya kesehatan, pengelolaan upaya promotif, preventif, kuratif dan rehabilitatif, serta monitoring dan evaluasi pelaksanaan pengelolaan pelayanan kesehatan Penderita Diabetes Melitus.
Penderita Diabetes  Melitus adalah orang yang di dignosa Diabetes Melitus oleh dokter atau petugas kesehatan yang diberikan kewenangan untuk menegakkan diagnosa.

Jenis Belanja untuk jenis pelayanan dasar SPM kesehatan mengikuti Permenkes No 4 Tahun 2019

PMK No 4 tahun 2019 tentang standar teknis pemenuhan mutu pelayanan dasar pada standar pelayanan minimal bidang kesehatan"
1.02.02.2.02.0010	Pengelolaan Pelayanan Kesehatan Orang dengan Gangguan Jiwa Berat	Terlaksananya Pengelolaan Pelayanan Kesehatan Orang dengan Gangguan Jiwa Berat Sesuai Standar	Jumlah Orang yang Mendapatkan Pelayanan Kesehatan Orang dengan Gangguan Jiwa Berat Sesuai Standar	Orang	"Pelayanan Kesehatan Orang dengan Gangguan Jiwa Berat adalah upaya pelayanan kesehatan meliputi promotive, preventif , kuratif dan rehabilitative sesuai standar yang diberikan kepada penderita gangguan jiwa berat

Orang Dengan Gangguan Jiwa   disingkat ODGJ adalah orang yang mengalami gangguan dalam pikiran, perilaku, dan perasaan yang termanifestasi dalam bentuk sekumpulan gejala dan/atau perubahan perilaku yang bermakna, serta dapat menimbulkan penderitaan dan hambatan dalam menjalankan fungsi orang sebagai manusia.

Jenis Belanja untuk jenis pelayanan dasar SPM kesehatan mengikuti Permenkes No 4 Tahun 2019

 1) UU Nomor 18 Tahun 2014 tentang Kesehatan Jiwa
2) PMK No 4 tahun 2019 tentang standar teknis pemenuhan mutu pelayanan dasar pada standar pelayanan minimal bidang kesehatan"
1.02.02.2.02.0011	Pengelolaan Pelayanan Kesehatan Orang Terduga Tuberkulosis	Terlaksananya Pengelolaan Pelayanan Kesehatan Bagi Orang Terduga Tuberkulosis Sesuai Standar	Jumlah Orang Terduga Menderita Tuberkulosis yang Mendapatkan Pelayanan Sesuai Standar	Orang	"Pelayanan Kesehatan Orang Terduga Tuberkulosis adalah Setiap orang terduga Tuberkulosis (TBC) mendapatkan pelayanan kesehatan sesuai standar.Pemerintah Kabupaten/Kota wajib memberikan pelayanan kesehatan sesuai standar kepada orang terduga TBC di wilayah kerja Kabupaten/Kota tersebut dalam kurun waktu satu tahun. Pelayanan orang terduga TBC sesuai standar bagi orang terduga TBC meliputi : 
1) Pemeriksaan klinis 
2) Pemeriksaan penunjang 
3) Edukasi

Mekanisme Pelayanan :
1) Penetapan sasaran orang terduga TBC menggunakan data orang yang kontak erat dengan penderita TBC dan di tetapkan oleh Kepala Daerah. 
2) Pelayanan orang terduga TBC  melalui pemeriksaan orang dengan gejala TBC yang datang ke Fasyankes dan terintegrasi dengan pelayanan kesehatan lainnya serta penemuan secara aktif melalui pelacakan dan pemeriksaan  skrining secara massal terutama pada kelompok rentan dan berisikodan skrining pada kondisi situasi khusus
3) Pemeriksaan klinis Pelayanan klinis terduga TBC dilakukan minimal 1 kali dalam setahun, adalah pemeriksaan gejala dan tanda 
4) Pemeriksaan penunjang, adalah pemeriksaan dahak dan/atau bakteriologis dan/atau radiologis 
5) Edukasi perilaku berisiko dan pencegahan penularan. 
6) Melakukan rujukan jika diperlukan

Jenis Belanja untuk jenis pelayanan dasar SPM kesehatan mengikuti Permenkes No 4 Tahun 2019

PMK No 4 tahun 2019 tentang standar teknis pemenuhan mutu pelayanan dasar pada standar pelayanan minimal bidang kesehatan"
1.02.02.2.02.0012	Pengelolaan Pelayanan Kesehatan Orang dengan Risiko Terinfeksi HIV	Terlaksananya Pengelolaan Pelayanan bagi Orang Terduga HIV Sesuai Standar	Jumlah Orang Terduga Menderita HIV yang Mendapatkan Pelayanan Sesuai Standar	Orang	"Skrining orang dengan risiko terinfeksi virus yang melemahkan sistem kekebalan tubuh manusia adalah pemeriksaan HIV terhadap populasi berisiko agar orang tersebut dapat mengetahui status terinfeksi HIV nya secara dini.

Jenis Belanja untuk jenis pelayanan dasar SPM kesehatan mengikuti Permenkes No 4 Tahun 2019

PMK No 4 tahun 2019 tentang standar teknis pemenuhan mutu pelayanan dasar pada standar pelayanan minimal bidang kesehatan"
1.02.02.2.02.0013	Pengelolaan Pelayanan Kesehatan bagi Penduduk pada Kondisi Kejadian Luar Biasa (KLB)	Terlaksananya Pengelolaan Pelayanan Kesehatan bagi Penduduk pada Kondisi Kejadian Luar Biasa (KLB) Sesuai Standar	Jumlah Dokumen Hasil Pengelolaan Pelayanan Kesehatan bagi Penduduk pada Kondisi Kejadian Luar Biasa (KLB) Sesuai Standar	Dokumen	"Pelayanan kesehatan bagi setiap orang yang terdiagnosis penyakit penyebab KLB dan orang yang berisiko (orang yang mempunyai risiko tertular penyakit penyebab KLB) pada situasi KLB (Kriteria KLB sesuai dengan Peraturan Menteri Kesehatan Nomor 1501 Tahun 2010) sesuai dengan jenis penyakit dan/atau keracunan pangan yang menyebabkan KLB. 
Adapun pelaksanaan layanan kesehatan pada situasi KLB adalah:
a)	Penemuan kasus dan identifikasi faktor risiko melalui penyelidikan epidemiologis
b)	Pelaksanaan surveilans penyakit pada penduduk berisiko
c)	pengendalian Faktor risiko lingkungan (penyebab/sumber penyakit)
d)	Penatalaksanaan penderita pada kasus konfirmasi, probable dan suspek yang mencakup kegiatan pemeriksaan, pengobatan, perawatan dan isolasi penderita, termasuk tindakan karantina sesuai standar yang telah ditetapkan
e)	Promosi kesehatan dan komunikasi risiko
f)	Pencegahan penularan dan pengebalan/peningkatan imunitas sesuai dengan jenis penyakit
g)	Penanganan jenazah, jika diperlukan
h)	Pemusnahan penyebab penyakit, jika diperlukan
i)	Upaya penanggulangan kesehatan masyarakat lainnya, jika diperlukan antara lain meliburkan sekolah dan/atau menutup fasilitas umum untuk sementara waktu, dan lainnya. 

-	Undang-Undang Nomor 17 Tahun 2023 tentang Kesehatan
-	Peraturan Menteri Kesehatan Nomor 1501 Tahun 2010 tentang Jenis Penyakit Menular Tertentu yang dapat Menimbulkan Wabah dan Upaya Penanggulangan"
1.02.02.2.02.0014	Pengelolaan Pelayanan Kesehatan bagi Penduduk Terdampak Krisis Kesehatan Akibat Bencana dan/atau Berpotensi Bencana	Terlaksananya Pengelolaan Pelayanan Kesehatan bagi Penduduk Terdampak Krisis Kesehatan Akibat Bencana dan/atau Berpotensi Bencana Sesuai Standar	Jumlah Dokumen Hasil Pengelolaan Pelayanan Kesehatan bagi Penduduk Terdampak Krisis Kesehatan Akibat Bencana dan/atau Berpotensi Bencana Sesuai Standar	Dokumen	"Pengelolaan Pelayanan Kesehatan bagi Penduduk Terdampak Krisis Kesehatan Akibat Bencana dan/Atau Berpotensi Bencana adalah upaya pengelolaan krisis kesehatan di kabupaten/kota melalui kegiatan sebagai berikut:
a. Pada saat Pra Krisis Kesehatan berupa edukasi pengurangan risiko krisis kesehatan bagi penduduk yang tinggal di wilayah berpotensi bencana di kabupaten/
b. Pada Saat Tanggap Darurat Krisis Kesehatan berupa pelayanan kesehatan di kabupaten/kota yang ditujukan untuk merespon seluruh kondisi kedaruratan secara cepat dan tepat, guna menyelamatkan nyawa, mencegah kecacatan lebih lanjut dan mengurangi angka kesakitan dengan memperhatikan kepentingan kelompok rentan yang meliputi :  
a) Mendapatkan layanan medis dasar dan layanan rujukan bila diperlukan.
b) Mendapatkan layanan pencegahan penyakit menular dan penyehatan lingkungan.
c) Mendapatkan layanan gizi  
d) Mendapatkan layanan kesehatan reproduksi 
e) Mendapatkan	layanan	dukungan kesehatan	jiwa dan 
f) Mendapatkan edukasi kesehatan

Penduduk Terdampak Krisis Kesehatan  adalah penduduk yang mendapatkan akibat/dampak krisis kesehatan suatu bencana yang terdiri darierdampak itu jumlah korban (meniggal,luka ringan, luka berat) ditambah pengungsi  ditambah penduduk yang tidak menjadi korban dan tidak mengungsi tapi ikut terdampak dari bencana tersebut.

Permenkes No 75 Tahun 2019 tentang penanggulangan krisis kesehatan"
1.02.02.2.02.0015	Pengelolaan Pelayanan Kesehatan Gizi Masyarakat	Terlaksananya Pengelolaan Pelayanan Kesehatan Gizi Masyarakat	Jumlah Dokumen Hasil Pengelolaan Pelayanan Kesehatan Gizi Masyarakat	Dokumen	"Pelayanan Gizi Masyarakat adalah rangkaian kegiatan untuk memenuhi kebutuhan gizi perorangan dan masyarakat melalui upaya pencegahan, peningkatan, penyembuhan, dan pemulihan yang dilakukan di masyarakat dan fasilitas pelayanan kesehatan. 

Angka Kecukupan Gizi adalah suatu nilai acuan kecukupan rata-rata zat gizi setiap hari bagi semua orang menurut golongan umur, jenis kelamin, ukuran tubuh, aktivitas fisik untuk mencapai derajat kesehatan yang optimal. 

 Tenaga Gizi adalah setiap orang yang telah lulus pendidikan di bidang gizi sesuai ketentuan peraturan perundangan-undangan. 

Fasilitas Pelayanan Kesehatan adalah suatu alat dan/atau tempat yang digunakan untuk menyelenggarakan upaya pelayanan kesehatan, baik promotif, preventif, kuratif maupun rehabilitatif yang dilakukan oleh Pemerintah, pemerintah daerah, dan/atau masyarakat.

1) UU No 36 tahun 2009 tentang Kesehatan
2) Permenkes No. 23 Tahun 2014 tentang Upaya perbaikan gizi. 
3) Permenkes  Nomor 41 Tahun 2014 tentang Pedoman Gizi Seimbang 
4) Permenkes  Nomor 28 Tahun 2019 tentang Angka Kecukupan Gizi Yang Dianjurkan Untuk Masyarakat Indonesia
5) Permenkes  Nomor 29 Tahun 2019 tentang Penanggulangan Masalah Gizi Bagi Anak Akibat Penyakit"
1.02.02.2.02.0016	Pengelolaan Pelayanan Kesehatan Kerja dan Olahraga				
1.02.02.2.02.0017	Pengelolaan Pelayanan Kesehatan Lingkungan	Terlaksananya Pengelolaan Pelayanan Kesehatan Lingkungan	Jumlah Dokumen Hasil Pengelolaan Pelayanan Kesehatan Lingkungan	Dokumen	"Kesehatan Lingkungan adalah upaya pencegahan penyakit dan/atau gangguan kesehatan dari faktor risiko lingkungan untuk mewujudkan kualitas lingkungan yang sehat baik dari aspek fisik, kimia, biologi, maupun sosial yang memungkinkan setiap orang mencapai derajat kesehatan yang setinggi-tingginya.

Pengelolaan Pelayanan Kesehatan Lingkungan adalah Pelaksanaan koordinasi, pembinaan, pemantauan dan evaluasi kegiatan penyehatan lingkungan dalam rangka pencegahan dan penanggulangan penyakit

Dasar Hukum:
1) Peraturan Pemerintah Nomor 28 Tahun 2024 tentang Peraturan Pelaksanaan Undang-Undang Nomor 17 Tahun 2023 tentang Kesehatan
2) Peraturan Menteri Kesehatan Nomor  2 Tahun 2023 tentang Peraturan Pelaksanaan Peraturan Pemerintah Nomor 66 Tahun 2014 tentang Kesehatan Lingkungan
3) Peraturan Menteri Kesehatan Nomor 17 Tahun 2024 tentang Perubahan Kedua Atas Peraturan Menteri Kesehatan Nomor 14 Tahun 2021 Tentang Standar Kegiatan Usaha Dan Produk Pada Penyelenggaraan Perizinan Berusaha Berbasis Risiko Sektor Kesehatan
4) Peraturan Menteri Kesehatan Nomor 7 Tahun 2019 tentang Kesehatan Lingkungan Rumah Sakit
5) Peraturan Menteri Kesehatan Nomor 41 Tahun 2019 tentang Penghapusan dan Penarikan Alat Kesehatan Bermerkuri di Fasyankes
6) Peraturan Menteri Kesehatan Nomor 3 Tahun 2014 tentang Sanitasi Total Berbasis Masyarakat
7) Peraturan Bersama Mendagri dan Menkes Nomor 34 Tahun 2005 Nomor 1138/MENKES/PB/VIII/2005 tentang Penyelenggaraan Kabupaten/Kota Sehat
8) Permen LHK P.56/Menlhk-Sekjen/2015 tentang Tata Cara dan Persyaratan Teknis Pengelolaan Limbah B3 dari FASYANKES"
1.02.02.2.02.0018	Pengelolaan Pelayanan Promosi Kesehatan	Terlaksananya Pengelolaan Pelayanan Promosi Kesehatan	Jumlah Dokumen Hasil Pengelolaan Pelayanan Promosi Kesehatan	Dokumen	"Pengelolaan Pelayanan Promosi Kesehatan  adalah pelayanan kesehatan yang meliputi kegiatan advokasi kesehatan, penggalangan kemitraan, pemberdayaan masyarakat di berbagai tatanan, peningkatan peran serta masyarakat dan lintas sektor dan pelaksanan KIE Kesehatan.

1) Permenkes No.8 Th. 2019 Tentang Pemberdayaan Masyarakat Bidang Kesehatan, 
2) Permenkes No.74 Tahun 2015 tentang Upaya Peningkatan dan Pencegahan Penyakit
3) Keputusan Menteri Kesehatan No.:1114/MENKES/SK/VIII/2005 Tentang Pedoman Pelaksanaan Promosi Kesehatan di Daerah
4) KMK  
N0.:  HK.01.07/MENKES/9846/2020
tentang Panduan Pemberdayaan Masyarakat dalam Pencegahandan Pengendalian Conovarius Disease 2019 (Covid-19) di Desa/Kelurahan dan Rukun Warga/Rukun Tetangga"
1.02.02.2.02.0019	Pengelolaan Pelayanan Kesehatan Tradisional, Akupuntur, Asuhan Mandiri, dan Tradisional Lainnya	Terkelolanya Pelayanan Kesehatan Tradisional, Akupuntur, Asuhan Mandiri dan Tradisional Lainnya	Jumlah Dokumen Hasil Pengelolaan Pelayanan Kesehatan Tradisional, Akupuntur, Asuhan Mandiri dan Tradisional Lainnya	Dokumen	"Pelayanan Kesehatan Tradisional adalah pengobatan dan/atau perawatan dengan cara dan obat yang mengacu pada pengalaman dan keterampilan turun temurun secara empiris yang dapat dipertanggungjawabkan dan diterapkan sesuai dengan norma yang berlaku di masyarakat.


1. UU Mo 36 tahun 2009 tentang kesehatan
2. UU No. 36 tahun 2014 tentang Tenaga Kesehatan
3. PP No. 103 Tahun 2014 tentang Pelayanan Kesehatan Tradisional
4. PP no 47 tahun 2016 tentang Fasilitas pelayanan kesehatan 
5. Permenkes No. 9 Tahun 2016 tentang Upaya Pengembangan Kestrad Melalui Asuhan Mandiri Pemanfaatan TOGA dan Keterampilan
6. Permenkes No 61 Tahun 2016 tentang Pelayanan Kesehatan Tradisional Empiris
7. Permenkes No. 37 Tahun 2017 tentang Pelayanan Kesehatan Tradisional Integrasi
8. Permenkes No. 15 Tahun 2018 tentang Pelayanan Kesehatan Tradisional Komplementer"
1.02.02.2.02.0020	Pengelolaan Surveilans Kesehatan	Terlaksananya Pengelolaan Surveilans Kesehatan	Jumlah Dokumen Hasil Pengelolaan Surveilans Kesehatan	Dokumen	"Surveilans adalah kegiatan yang di mulai dari pengumpulan data, pengolahan, analisis  data dan interpretasi yang menjadi satu informasi sebagai bahan pengambilan kebijakan. Surveilans Kesehatan Lingkungan merupakan salah satu sasaran dari penyelenggaraan, Surveilans Kesehatan. Diantara surveilans kesehatan lingkungan adalah Surveilans Kualitas Air Minum Rumah Tangga (SKAMRT) dan Surveilans Kualitas Udara Dalam Ruang (SKUDR).  SKAMRT dilaksanakan sebagai kegiatan rutin pengawasan kualitas air minum di tingkat rumah tangga yang dilaksanakan oleh Dinas Kesehatan Kabupaten/Kota dan Puskesmas, sebagai bagian dari pemantauan akses air minum dimasyarakat, pemantauan dampak kesehatan masyarakat, peningkatan kapasitas masyarakat untuk mengolah air minum sebelum dikonsumsi serta perbaikan sarana air minum dirumah tangga. SKUDR dan Dampak Kesehatan Masyarakat merupakan studi menggunakan pendekatan cross sectional untuk memperoleh gambaran tentang kualitas udara dalam ruang dan dampak kesehatan masyarakat. Sasaran kegiatan adalah rumah tangga. Kegiatan dilaksanakan oleh puskesmas dan dinas kesehatan kabupaten/kota. 

1.	Peraturan Menteri Kesehatan Nomor 45 Tahun 2014 tentang Penyelenggaraan Surveilans Kesehatan
2.	Peraturan Pemerintah Nomor 66 Tahun 2014 tentang Kesehatan Lingkungan
3.	Peraturan Menteri Kesehatan Nomor 32 Tahun 2017 tentang Standar Baku Mutu Kesehatan Lingkungan dan Persyaratan Kesehatan Air untuk Keperluan Higiene Sanitasi, Kolam Renang, Solus per Aqua, dan Pemandian Umum
4.	Peraturan Menteri Kesehatan Nomor 41 Tahun 2019 tentang Penghapusan dan Penarikan Alat Kesehatan Bermerkuri di Fasyankes
5.	Peraturan Menteri Kesehatan Nomor 3 Tahun 2014 tentang STBM 
6.	 Peraturan Menteri Kesehatan Nomor 736 Tahun 2010 tentang Tata Laksana Pengawasan Kualitas Air Minum
7.	Peraturan Menteri Kesehatan Nomor 492 Tahun 2010 tentang Persyaratan Kualitas Air Minum"
1.02.02.2.02.0021	Pengelolaan Pelayanan Kesehatan Orang dengan Masalah Kesehatan Jiwa (ODMK)				
1.02.02.2.02.0025	Pelayanan Kesehatan Penyakit Menular dan Tidak Menular				
1.02.02.2.02.0026	Pengelolaan Jaminan Kesehatan Masyarakat	Terlaksananya Pengelolaan Jaminan Kesehatan Masyarakat	Jumlah Dokumen Hasil Pengelolaan Jaminan Kesehatan Masyarakat	Dokumen	"Jaminan Kesehatan Masyarakat adalah jaminan perlindungan untuk pelayanan kesehatan secara menyeluruh (komprehensif) mencakup pelayanan promotif, preventif serta kuratif dan rehabilitatif yang diberikan secara berjenjang bagi masyarakat/peserta yang iurannya di bayar oleh Pemerintah.

Perpres No. 82 tahun 2018 tentang Jaminan Kesehatan"
1.02.02.2.02.0028	Pengambilan dan Pengiriman Spesimen Penyakit Potensial KLB ke Laboratorium Rujukan/Nasional				
1.02.02.2.02.0029	Penyelenggaraan Kabupaten/Kota Sehat	Terselenggaranya Kabupaten/Kota Sehat	Jumlah Dokumen Hasil Penyelenggaraan Kabupaten/Kota Sehat	Dokumen	"Kabupaten/Kota Sehat adalah Jumlah kabupaten/kota dengan capaian nilai minimal 70% untuk setiap tatanan KKS

Kabupaten/Kota Sehat merupakan suatu kondisi kabupaten/kota yang bersih, nyaman, aman dan sehat untuk dihuni penduduk, yang dicapai melalui terselenggaranya penerapan beberapa tatanan dan kegiatan yang terintegrasi yang disepakati masyarakat dan pemerintah daerah.


Dasar Peraturannya :  Peraturan Bersama Menteri Dalam Negeri dan Menteri Kesehatan Nomor 34 TAHUN 2005 Nomor: 1138/MENKES/PB/VIII/2005 Tentang Penyelenggaraan Kabupaten/ Kota Sehat"
1.02.02.2.02.0033	Operasional Pelayanan Puskesmas	Tersedianya Operasional Pelayanan Puskesmas	Jumlah Dokumen Operasional Pelayanan Puskesmas	Dokumen	"Operasional Pelayanan Puskesmas adalah segala kegiatan yang dilakukan Puskesmas dalam menyelenggarakan pelayanan kesehatan dan manajemen bisnis Puskesmas dalam pengelolaan Upaya Kesehatan Perseorangan dan Upaya Kesehatan Masyarakat dan pembinaan Upaya Kesehatan Berbasis Masyarakat.

Permenkes No 43 Tahun 2019 tentang puskesmas"
1.02.02.2.02.0034	Operasional Pelayanan Fasilitas Kesehatan Lainnya	Tersedianya Operasional Pelayanan Fasilitas Kesehatan Lainnya	Jumlah Dokumen Operasional Pelayanan Fasilitas Kesehatan Lainnya	Dokumen	"Operasional Pelayanan Fasilitas Kesehatan Lainnya adalah segala kegiatan yang dilakukan Fasilitas Pelayanan Kesehatan lainnya dalam menyelenggarakan pelayanan kesehatan dan manajemen bisnis Fasilitas Pelayanan Kesehatan lainnya. Fasilitas Kesehatan Lainnya dalam hal ini dapat berupa laboratorium kesehatan daerah, instalasi farmasi, Institusi Penguji Fasilitas Kesehatan,Unit Tranfusi Darah, dan pelayanan kesehatan tradisional.

Permenkes No 14 Tahun 2021 tentang standar kegiatan usaha dan produk pada penyelengaran perizinan berusaha berbasis resiko sektor kesehatan, 
PP No 5 Tahun 2021 tentang perizinan berusaha berbasis resiko
Permenkes No 15 Tahun 2018 tentang Penyelenggaraan Pelayanan Kesehatan Tradisional Komplementer
Permenkes No. 91 Tahun 2015 tentang Standar Pelayanan Tranfusi Darah
Permenkes No 54 tentang Pengujian dan Kalibrasi Alat Kesehatan
Kepmenkes No 605/Menkes/SK/VII/2008 tentang Standar BLK dan BBLK
Kepmenkes 1267/Menkes/SK/XII/2004 tentang Standar Pelayanan Laboratorium Dinas Kesehatan Kabupaten/Kota"
1.02.02.2.02.0038	Penyediaan dan Pengelolaan Sistem Penanganan Gawat Darurat Terpadu (SPGDT)	Tersedia dan Terkelolanya Public Safety Center (PSC 119) yang Terintegrasi Dengan Rumah Sakit Dalam Satu Sistem Penanganan Gawat Darurat Terpadu (SPGDT)	Jumlah Public Safety Center (PSC 119) Tersediaan, Terkelolaan dan Terintegrasi Dengan Rumah Sakit Dalam Satu Sistem Penanganan Gawat Darurat Terpadu (SPGDT)	Unit	"Penyediaan dan Pengelolaan Sistem Penanganan Gawat Darurat Terpadu (SPGDT) adalah  penyediaan dan pengelolaan Public Safety  center  (PSC 119) yang terintegrasi dengan Rumah sakit dalam satu Sistem Penanganan Gawat Darurat Terpadu (SPGDT).

Permenkes no 19 tahun 2016 ttg Sistem Penanggulanagan Gawat Darurat Terpadu 
Permenkes No 47 tahun 2018 ttg Pelayanan Kegawatdaruratan, 
Kepdirjen Yankes No HK.02.02/I/1791/2021 tantang Pedoman Penyelenggaraan Pusat Pelayanan Keselamatan Terpadu  Public Safety Center (PSC) 119
Pelayanan Kegawatdaruratan"
1.02.02.2.02.0040	Pengelolaan pelayanan kesehatan orang dengan Tuberkulosis	Terlaksananya pengelolaan pelayanan kesehatan orang dengan tuberkulosis	Jumlah orang dengan Tuberkulosis yang mendapatkan pelayanan kesehatan sesuai standar	Orang	"Pengelolaan penuntasan TBC mencakup pembentukan Tim Percepatan Penanggulangan TBC dan penyusunan Rencana Aksi Daerah.  
Program penuntasan TBC  meliputi : upaya promosi dan edukasi serta terbetuknya desa siaga TBC, pencegahan, skrining, penegakkan diagnostik, pengobatan serta dukungan sosial bagi penderita TBC.

 Kegiatan Program meliputi : 
 - Perencanaan (penetapan sasaran, koordinasi perencanaan);
 - Pelaksanaan (koordinasi pelaksanaan program  bersama LP/LS, Advokasi kepada pemerintah daerah, biaya distribusi logistik , biaya transportasi spesimen  antar kab/kota maupun fasyankes, dan pencatatan 
 - Advokasi (Kemitraan aktif dengan pihak eksternal, partisipasi komunitas);
 - KIE (Media KIE , Kampanye, sosialisasi baik masyarakat umum maupun yang berisiko);
 - Monitoring ( monitoring cakupan program);
 - Evaluasi (Evaluasi cakupan program ) 
 - Peningkatan kapasitas SDM 
 - Dukungan kegiatan operasional meliputi kerjasama dengan komunitas dan kader 
- Penyediaan logistik : BMHP untuk penuntasan TBC

Semua Belanja pengadaan/ penyediaan/ pelaksanaan: BMHP, Obat, Alat, Biaya Operasional untuk melaksanakan promosi, pencegahan, melayani orang dengan Tuberkulosis (telah didiagnosa dan selama masih menderita Tuberkulosis); sejak pendataan/ surveilance, pelaksanaan pemeriksaan fisik dan laboratorium, sampai dengan  dialokasikan pada Sub-Kegiatan ini (termasuk hibah Pemerintah Daerah kepada Lembaga Non-Pemerintah Berbadan hukum yang melaksanaan kegiatan membantu Pemda mencapai target pelayanan pada orang  dengan/pasien tuberculosis (bukan orang terduga tuberculosis)

1. PP Nomor  2 Tahun 2018 ttg Standar Pelayanan Minimal
2. Perpres Nomor 67 tahun 2021 tentang penanggulangan TBC 
3. Permendagri Nomor 59 Tahun 2021 ttg Penerapan Standar Pelayanan Minimal 
4. Permenkes Nomor 6 tahun 2024 ttg Standar Pelayanan Minimal bidang Kesehatan
5. Perpres Nomor 67 tahun 2021 tentang penanggulangan TBC"
1.02.02.2.02.0041	Pengelolaan pelayanan kesehatan orang dengan HIV (ODHIV)	Terlaksananya pengelolaan pelayanan kesehatan orang dengan HIV (ODHIV)	Jumlah orang dengan HIV (ODHIV) yang mendapatkan pelayanan kesehatan sesuai standar	Orang	"Kegiatan penuntasan HIV AIDS dan PIMS meliputi: promosi dan pencegahan, penemuan kasus, pengobatan dan dukungan sosial .  
 
Pengelolaan Program HIV AIDS dan PIMS meliputi : upaya promosi dan edukasi, pencegahan, skrining, penegakkan diagnostik, pengobatan HIV dan IMS serta pemantauan pengobatan bagi ODHIV.
 Kegiatan Program meliputi : 
 - Perencanaan (penetapan sasaran, koordinasi perencanaan);
 - Pelaksanaan (koordinasi pelaksanaan program  bersama LP/LS, Advokasi kepada pemerintah daerah, biaya distribusi logistik , biaya transportasi spesimen  antar kab/kota maupun fasyankes, pencatatan 
 - Advokasi (Kemitraan aktif dengan pihak eksternal, partisipasi komunitas);
 - KIE (Media KIE , Kampanye, sosialisasi baik masyarakat umum maupun yang berisiko);
 - Monitoring ( monitoring cakupan program);
 - Evaluasi (Evaluasi cakupan program ) 
 - Peningkatan kapasitas SDM untuk Fasyankes dalam upaya pencegahan, deteksi dini, pengobatan dan dukungan lainnya terkait HIV dan IMS
 - Dukungan kegiatan operasional meliputi kerjasama dengan komunitas dan kader terkait penjangkauan, kasus mangkir berobat, serta inovasi dalam upaya peningkatan capaian program
- Penyediaan logistik : BMHP (skrining, penegakkan diagnostik , pemeriksaan lanjutan seperti CD4 dan Viral Load), komoditas pencegahan, penyediaan obat IO dan IMS serta kebutuhan alat kesehatan pendukung program)

Semua Belanja pengadaan/penyediaan/pelaksanaan: BMHP, Obat, Alat, Biaya Operasional untuk melaksanakan promosi, pencegahan, melayani orang dengan HIV/AIDS (ODHA)/telah didiagnosa dan selama masih menderita HIV/ sejak pendataan/ surveilance, pelaksanaan pemeriksaan fisik dan laboratorium, sampai dengan  dialokasikan pada Sub-Kegiatan ini (termasuk hibah Pemerintah Daerah kepada Lembaga Non-Pemerintah Berbadan hukum yang melaksanaan kegiatan membantu Pemda mencapai target pelayanan pada orang  dengan HIV / pasien AIDS

1. PP Nomor  2 Tahun 2018 ttg Standar Pelayanan Minimal
2. Permendagri Nomor 59 Tahun 2021 ttg Penerapan Standar Pelayanan Minimal 
3. Permenkes Nomor 6 tahun 2024 ttg Standar Pelayanan Minimal bidang Kesehatan
4. Permenkes 22 Tahun 2023 tentang Penanggulangan HIV AIDS  dan Infeksi Menular Seksual
5. Kepmenkes No. Hk.01.07/MENKES/90/2019 ttg PNPK HIV
6. Surat Edaran No. HK.02.02/I/154/2018 tentang Penatalaksanaan Orang Dengan HIV AIDS (ODHA) untuk Eliminasi HIV AIDS tahun 2030"
1.02.02.2.02.0042	Pengelolaan pelayanan kesehatan Malaria	Terlaksananya pengelolaan pelayanan kesehatan Malaria	Jumlah orang yang mendapatkan pelayanan kesehatan malaria	Orang	"Semua Belanja pengadaan/penyediaan/pelaksanaan: BMHP, Obat, Alat, Biaya Operasional untuk melaksanakan promosi, pencegahan, melayani orang dengan Malaria (sejak berisiko sampai didiagnosa dan selama masih menderita Malaria); sejak pendataan/ surveilance, pelaksanaan pemeriksaan fisik dan laboratorium, sampai dengan  dialokasikan pada Sub-Kegiatan ini (termasuk hibah Pemerintah Daerah kepada Lembaga Non-Pemerintah Berbadan hukum yang melaksanaan kegiatan membantu Pemda mencapai target pelayanan pada pencegahan dan pengendalian malaria)

1. UU Kesehatan nomor 17 tahun 2023 tentang Kesehatan
2. Permenkes nomor 22 tahun 2022 tentang penanggulangan malaria
3. Permenkes nomor 1501 tahun 2010 tentang jenis penyakit menular tertentu yang dapat menimbulkan wabah dan upaya penanggulangan    
4. Rencana Aksi Nasional Percepatan Eliminasi Malaria Tahun 2020-2026
5. Peta Jalan Eliminasi Malaria dan Pencegahan Penularan Kembali di Indonesia Tahun 2025-2045"
1.02.02.2.02.0043	Pengelolaan Kawasan tanpa rokok	Terlaksananya penerapan kawasan tanpa rokok	Jumlah tatanan kawasan tanpa rokok yang tidak ditemukan aktifitas merokok	Tatanan	"Pengelolaan Kawasan tanpa rokok adalah upaya pencegahan konsumsi merokok melalui penetapan kawasan tanpa rokok yang meliputi kegiatan:
a. melakukan penyusunan penetapan kebijakan kawasan tanpa rokok di wilayah Kabupaten/Kota, kelurahan/desa, Dusun, RW/RT ;
b. menyusun rencana aksi implementasi kebijakan kawasan tanpa 
c. melaksanakan rencana aksi implementasi kawasan tanpa  dan
d. monitoring dan evaluasi pelaksanaan implementasi kawasan tanpa rokok.

Kawasan tanpa rokok merupakan ruangan atau area yang dinyatakan dilarang untuk kegiatan merokok atau kegiatan menjual, memproduksi, mengiklankan di dalam maupun luar ruang, dan mempromosikan produk tembakau dan rokok elektronik.
Undang-Undang Nomor 17 Tahun 2023, dan PP 28 Tahun 2024  tentang Peraturan Pelaksanaan Undang-Undang Nomor 17 Tahun 2023 tentang Kesehatan"
1.02.02.2.02.0045	Koordinasi dan Sinkronisasi  Penerapan SPM Bidang Kesehatan  Kabupaten/Kota	Terkoordinasi dan Tersinkronisasinya Penerapan SPM Bidang Kesehatan  Kabupaten/Kota	Jumlah dokumen hasil Koordinasi dan Sinkronisasi Penerapan SPM Bidang Kesehatan Kabupaten/Kota	Dokumen	"Koordinasi Penerapan SPM Bidang Kesehatan  Kab/Kota adalah upaya penguatan implementasi SPM bidang kesehatan Kab/Kota 

Sinkronisasi Penerapan SPM Bidang Kesehatan Kab/Kota adalah upaya penyelarasan pemenuhan  SPM bidang kesehatan kab/kota (Pelayanan data dan informasi serta pembiayaan)

PP No 2 tahun 2018 tentang SPM
Permendagri 59 tahun 2021 tetang Penerapan SPM 
Permenkes No 4 tahun 2019 tentang standar teknis pemenuhan mutu pelayanan dasar pada standar pelayanan minimal bidang kesehatan"
1.02.02.2.02.0046	Pengelolaan upaya kesehatan Ibu dan Anak	Terlaksananya pengelolaan upaya Kesehatan Ibu dan Anak	Jumlah dokumen hasil pengelolaan upaya kesehatan ibu dan anak	Dokumen	"Pengelolaan upaya Kesehatan Ibu dan anak  adalah  upaya yang dilakukan terkait  serangkaian kegiatan yang dilakukan secara terpadu, terintegrasi dan berkesinambungan untuk memelihara dan meningkatkan derajat kesehatan ibu dan anak (dalam bentuk pencegahan penyakit, deteksi dini, penatalakasanaan  penyakit, dan pemulihan kesehatan untuk kegiatan pelayanan Non SPM). 
Ruang lingkup kesehatan ibu meliputi masa Sebelum Hamil, Masa Hamil, Persalinan, dan Masa Sesudah Melahirkan, Penyelenggaraan Pelayanan Kontrasepsi, pelayanan Kesehatan Seksual, Buku KIA Bayi Kecil
Anak adalah seseorang yang sampai berusia 18 Tahun, termasuk anak yang masih dalam kandungan. 

Permenkes 25 tahun 2014 Tentang upaya kesehatan anak
Permenkes 21 tahun 2021 Tentang Pelayanan Kesehatan Masa Sebelum Hamil, Masa Hamil, Persalinan, dan Masa Sesudah Melahirkan, Penyelenggaraan Pelayanan Kontrasepsi, serta Pelayanan Kesehatan Seksual"
1.02.02.2.02.0048	Pengelolaan Layanan Imunisasi	Terlaksananya Pengelolaan Layanan Imunisasi	Jumlah Dokumen Hasil Pengelolaan Layanan Imunisasi	Dokumen	"Pengelolaan pelayanan imunisasi mencakup pembiayaan perencanaan, pelaksanaan, pengembangan, monitoring dan evaluasi program imunisasi. 
 
 Pengelolaan program imunisasi mencakup imunisasi rutin (pemberian pelayanan imunisasi pada bayi, baduta, balita, anak usia sekolah, dan wanita usia subur), imunisasi kejar, imunisasi tambahan (imunisasi kampanye, Pekan Imunisasi Nasional, imunisasi dalam rangka ORI, crash program) dan pemberian pelayanan imunisasi di daerah sulit (SOS). 
 
 Kegiatan program imunisasi meliputi :
 - Perencanaan (pendataan sasaran, pelacakan, penetapan sasaran, koordinasi perencanaan);
 - Pelaksanaan (koordinasi, sosialisasi pelaksanaan program imunisasi, biaya distribusi vaksin & logistik penunjang, pemeliharaan rantai dingin vaksin, pencatatan pelaporan)
 - Advokasi (kemitraan aktif dengan pihak eksternal, partisipasi komunitas)
 - KIE (Media KIE Program Imunisasi)
 - Peningkatan kapasitas (pelatihan, workshop, OJT, webinar, orientasi, pemberdayaan kader)
 - Monitoring cakupan program imunisasi (supervisi, bimbingan teknis, pendampingan, asistensi teknis)
 - Evaluasi (verifikasi & validasi data, survey cakupan program imunisasi, EVM). 
 
 Edukasi terhadap masyarakat dan tenaga kesehatan juga menjadi fokus, dengan pemantauan cakupan vaksinasi, keamanan vaksin, dan evaluasi program sebagai elemen-elemen pengukuran kesuksesan, dan pemanfaatan teknologi informasi kesehatan turut menjadi aspek penting dalam pengelolaan ini, memastikan program imunisasi berjalan efisien, efektif, dan berkelanjutan"
1.02.02.2.02.0050	Pengelolaan Pelayanan Kesehatan Haji	Terlaksananya Pengelolaan Pelayanan Kesehatan Haji	Jumlah dokumen hasil Pengelolaan Pelayanan Kesehatan Haji	Dokumen	"Pelayanan Kesehatan Haji adalah upaya kesehatan dalam bentuk kuratif dan rehabilitatif, dilakukan kepada Jemaah Haji pada seluruh tahap penyelenggaraan ibadah haji. 

PP No 08 Tahun 2022 Tentang koordinasi penyelenggaraan ibadah haji Permenkes 15 Tahun 2016 tentang Petunjuk teknis pemeriksaan dan pembinaan kesehatan haji Permenkes 62 tahun 2016 Tentang Penyelenggaraan kesehatan haji"
1.02.02.2.03.0002	Pengelolaan Sistem Informasi Kesehatan	Terlaksananya Pengelolaan Sistem Informasi Kesehatan	Jumlah Dokumen Hasil Pengelolaan Sistem Informasi Kesehatan	Dokumen	"Sistem Informasi Kesehatan adalah seperangkat tatanan yang meliputi data, informasi, indikator, prosedur, perangkat, teknologi, dan sumber daya manusia yang saling berkaitan dan dikelola secara terpadu untuk mengarahkan tindakan atau keputusan yang berguna dalam mendukung pembangunan kesehatan.

Permenkes Nomor 92 Tahun 2014 Tentang Penyelenggaraan Komunikasi Data Dalam Sistem Informasi Kesehatan Terintegrasi
Permenkes Nomor 24 Tahun 2022 Tentang Rekam medis 
Permenkes Nomor 18/2022 Tentang Satu data bidang kesehatan"
1.02.02.2.04.0001	Pengendalian dan Pengawasan serta Tindak Lanjut Pengawasan Perizinan Rumah Sakit Kelas C, D dan Fasilitas Pelayanan Kesehatan Lainnya	Tersedianya Rumah Sakit Kelas C, D dan Fasilitas Pelayanan Kesehatan yang Dikendalikan, Diawasi dan Ditindaklanjuti Perizinannya	Jumlah Rumah Sakit Kelas C, D dan Fasilitas Pelayanan Kesehatan yang Dikendalikan, Diawasi dan Ditindaklanjuti Perizinannya	Unit	"Pengawasan terhadap perizinan berusaha dilakukan terhadap pemenuhan standar dan kewajiban rumah sakit dalam bentuk pengawasan rutin dan pengawasan insidental ang dilakukan oleh Kementerian Kesehatan, Pemerintah Daerah provinsi, Pemerintah Daerah kabupaten/kota sesuai dengan tugas pokok dan fungsi masing-masing.

Pengendalian Perizinan Rumah Sakit Kelas C dan D dan Fasilitas Pelayanan Kesehatan adalah dilakukan oleh Pemerintah Daerah Provinsi.
Pengawasan Perizinan Rumah Sakit Kelas C dan D dan Fasilitas Pelayanan Kesehatan adalah Pemerintah Daerah Provinsi dan dapat melibatkan Pemerintahkan Pusat atau Pemerintah Daerah Kabupaten/Kota atau  oragnisasi profesi atau asosiasi perimahsakitan sesuai dengan tugas dan fungsi masing-masing
Tindak Lanjut Perizinan Rumah Sakit Kelas C, D dan Fasilitas Pelayanan Kesehatan adalah hasil laporan terhadap pemenuhan perizinan rumah sakit dan standar mutu pelayanan rumah sakit 

- PP 47 Tahun 2021 tentang Penyelenggaraan Bidang Perumahsakitan 
- PP 5 Tahun 2021 terkait Penyelenggaraan Perizinan Berusaha Berbasis Risiko 
- Permenkes no 14 tahun 2021 tentang Standar Kegiatan Usaha dan Produk pada Penyelenggaraan Perizinan Berusaha Berbasis Risiko Sektor Kesehatan"
1.02.02.2.04.0003	Peningkatan Mutu Pelayanan Fasilitas Kesehatan	Terlaksananya Peningkatan Mutu Pelayanan Fasilitas Kesehatan yang Dilakukan Pengukuran Indikator Nasional Mutu (INM)	Jumlah Fasilitas Kesehatan yang Dilakukan Pengukuran Indikator Nasional Mutu (INM) Pelayanan kesehatan	Unit	"Peningkatan Mutu Pelayanan Fasilitas Kesehatan adalah pengukuran fasilitas pelayanan kesehatan dengan Indikator Nasional Mutu (INM) pelayanan kesehatan dan Pelaporan Insiden Keselamatan Pasen (IKP).
Mutu Pelayanan Kesehatan adalah tingkat layanan kesehatan untuk individu dan masyarakat yang dapat meningkatkan luaran kesehatan yang optimal, diberikan sesuai dengan standar pelayanan, dan perkembangan ilmu pengetahuan terkini, serta untuk memenuhi hak dan kewajiban pasien.

Permenkes No. 12 tahun 2020 tentang Akreditasi RS 
Permenkes Nomor 34 Tahun 2022 tentang Akreditasi Pusat Kesehatan Masyarakat, Klinik, Laboratorium Kesehatan, Unit Transfusi Darah, Tempat  Praktik Mandiri Dokter dan Tempat Praktik Mandiri Dokter Gigi 
Permenkes Nomor 30 tahun 2022 tentang Indikator Nasional Mutu Pelayanan Kesehatan Tempat Praktik Mandiri Dokter dan Dokter Gigi, Klinik, Pusat Kesehatan Masyarakat, Rumah Sakit, Laboratorium Kesehatan dan Unit Transfusi Darah"
1.02.02.2.04.0004	Penyiapan Perumusan dan Pelaksanaan Pelayanan Kesehatan Rujukan	Terlaksananya Penyiapan Perumusan dan Pelayanan Kesehatan Rujukan	Jumlah Dokumen Hasil Penyiapan Perumusan dan Pelaksanaan Pelayanan Kesehatan Rujukan	Dokumen	"Penyiapan Perumusan dan Pelaksanaan Pelayanan Kesehatan Rujukan adalah semua persiapan, perencanaan dalam penyusunan rumusan kebijakan dan pelaksanaan pelayanan kesehatan rujukan baik upaya kesehatan yang bersifat perseorangan maupun masyarakat.
Pelayanan Kesehatan Rujukan adalah pelayanan kesehatan perseorangan yang bersifat spesialistik atau sub spesialistik

Permenkes no 19 tahun 2016 ttg Sistem Penanggulanagan Gawat Darurat Terpadu dan Permenkes No 47 tahun 2018 ttg Pelayanan Kegawatdaruratan"
1.02.03.2.02.0001	Perencanaan dan Distribusi serta Pemerataan Sumber Daya Manusia Kesehatan				
1.02.03.2.02.0002	Pemenuhan Kebutuhan Sumber Daya Manusia Kesehatan Sesuai Standar				
1.02.03.2.02.0003	Pembinaan dan Pengawasan Sumber Daya Manusia Kesehatan	Terlaksananya Pembinaan dan Pengawasan Sumber Daya Manusia Kesehatan	Jumlah Dokumen Hasil Pembinaan dan Pengawasan Sumber Daya Manusia Kesehatan	Dokumen	"Pembinaan Sumber Daya Manusia Kesehatan adalah upaya penjagaan dan pemeliharaan mutu SDMK  dalam rangka upaya kesehatan perorangan  dan upaya kesehatan masyarakat

Pengawasan Sumber Daya Manusia Kesehatan adalah upaya penjaminan dan pengendalian mutu SDMK dalam rangka upaya kesehatan perorangan  dan upaya kesehatan masyarakat

PP No 67 tahun 2019 tentang tata kelola nakes, 
Undang-undang No 36 tahun 2014, Tentang Tenaga Kesehatan
Undang-undang  No 36 Tahun 2009, Tentang kesehatan"
1.02.03.2.03.0001	Pengembangan Mutu dan Peningkatan Kompetensi Teknis Sumber Daya Manusia Kesehatan Tingkat Daerah Kabupaten/Kota	Terlaksananya Pengembangan Mutu dan Peningkatan Kompetensi Teknis Sumber Daya Manusia Kesehatan Tingkat Daerah Kabupaten/Kota	Jumlah Sumber Daya Manusia Kesehatan Tingkat Daerah Kabupaten/Kota yang Ditingkatkan Mutu dan Kompetensinya	Orang	"Peningkatan Kompetensi SDMK adalah upaya yang meliputi pelatihan sumber daya manusia Kesehatan untuk memenuhi kebutuhan pembangunan Kesehatan

Peningkatan Kualifikasi SDMK adalah upaya yang meliputi Pendidikan sumber daya manusia Kesehatan untuk memenuhi kebutuhan pembangunan Kesehatan

Sumber daya manusia kesehatan adalah tenaga kesehatan (termasuk tenaga kesehatan strategis) dan tenaga pendukung/penunjang kesehatan yang terlibat dan bekerja serta mengabdikan dirinya dalam upaya dan manajemen kesehatan

Tenaga Kesehatan dikelompokkan ke dalam: 
a. tenaga medis (Dokter, Dokter Gigi, Dokter Spesialis, Dokter Gigi Spesialis); 
b. tenaga psikologi  
c. tenaga  Keperawatan
d. tenaga  Kebidanan
e. tenaga kefarmasian(Apoteker, Tenaga Teknis Kepfarmasian); 
f. tenaga kesehatan masyarakat (Epidemiolog Kesehatan, Tenaga Promosi Kesehatan dan Ilmu Prilaku, Pembimbing Kesehatan Kerja, Tenagan Administrasi dan Kebijakan Kesehatan, Tenaga Biostatistik dan Kependudukan, Tenaga Kesehatan Reproduksi dan Keluarga);
g. tenaga kesehatan lingkungan ( Tenaga Sanitasi Lingkungan, Entomolog Kesehatan, Mikrobiolog Kesehatan); 
h. tenaga gizi (Nutrisionis dan Dietisien); 
i. tenaga keterapian fisik (fisioterafis, Okupasi Terafis, Terafis Wicara, Akupuntur) ; 
i. tenaga keteknisian medis (perekam medis dan informasi Kesehatan, Teknik kardiovaskuler, teknisi pelayanan darah, refraksionis optisien/optometris, teknisi gigi, penata anestesi, terapis gigi dan mulut, audiologis); 
k. tenaga teknik biomedika  (radiografer, elektromedis, ahli teknologi laboratorium medik, fisikawan medik, radioterapis, ortotik prostetik); 
l. tenaga kesehatan tradisional (tenaga Kesehatan tradisional ramuan, tenaga Kesehatan tradisional keterampilan); dan 
m. tenaga kesehatan lain (ditetapkan oleh Menteri).

PP no 67 tahun 2019 tentang tata kelola nakes, Undang-undang Nakes No 36 tahun 2014, Undang-undang kesehatan No 36 Tahun 2009,"
1.02.04.2.03.0001	Pengendalian dan Pengawasan serta Tindak Lanjut Pengawasan Sertifikat Produksi Pangan Industri Rumah Tangga dan Nomor P-IRT sebagai Izin Produksi, untuk Produk Makanan Minuman Tertentu yang Dapat Diproduksi oleh Industri Rumah Tangga	Terlaksananya Pengendalian dan Pengawasan serta Tindak Lanjut Pengawasan Sertifikat Produksi Pangan Industri Rumah Tangga dan Nomor P-IRT sebagai Izin Produksi, untuk Produk Makanan Minuman Tertentu yang Dapat Diproduksi oleh Industri Rumah Tangga	Jumlah Dokumen Hasil Pengendalian dan Pengawasan serta Tindak Lanjut Pengawasan Sertifikat Produksi Pangan Industri Rumah Tangga dan Nomor P-IRT sebagai Izin Produksi, untuk Produk Makanan Minuman Tertentu yang Dapat Diproduksi oleh Industri Rumah Tangga	Dokumen	"Industri Rumah Tangga Pangan (IRTP) adalah perusahaan pangan yang memiliki tempat usaha di tempat tinggal dengan peralatan pengolahan pangan manual hingga semi otomatis

Sertifikat  Pemenuhan Komitmen Produksi Pangan Olahan Industri Rumah Tangga yang selanjutnya disebut SPP-IRT adalah jaminan tertulis yang diberikan oleh pemerintah daerah Kabupaten/Kota terhadap Pangan olahan Produksi IRTP di wilayah kerjanya yang telah memenuhi persyaratan penerbitan SPP-IRT dalam rangka peredaran P-IRT.

Pengendalian dan pengawasan merupakan  serangkaian proses pengawasan terhadap pemenuhan komitmen dari  pelaku usaha yang diberi waktu 3-6 bulan berupa penyelenggaraan penyuluhan keamanan pangan, pemeriksaan sarana IRTP dan pemeriksaan terhadap label dan iklan pangan.

Tindak lanjut pengawasan merupakan serangkaian proses berupa kaji ulang SPP-IRT yang terbit dan sosialisasi SPP-IRT  terhadap pelaku usaha


- PP No. 5 Tahun 2021 tentang Penyelenggaraan Perizinan Berusaha Berbasis Risiko
- Peraturan BPOM Nomor 22 Tahun 2018 Tentang Pedoman Pemberian Sertifikat Produksi Pangan Industri Rumah Tangga
- Peraturan BPOM Nomor 10 Tahun 2021 Tentang Standar Kegiatan Usaha dan Produk Pada Penyelenggaraan Perizinan Berusaha Berbasis Risiko Sektor Obat Dan Makanan
- Peraturan Menteri Dalam Negeri Nomor 41 Tahun 2018 Tentang Peningkatan Koordinasi Pembinaan Dan Pengawasan Obat Dan Makanan Di Daerah"
1.02.04.2.04.0001	Pengendalian dan Pengawasan serta Tindak Lanjut Pengawasan Penerbitan Sertifikat Laik Higiene Sanitasi Tempat Pengelolaan Makanan (TPM) antara lain Jasa Boga, Rumah Makan/Restoran dan Depot Air Minum (DAM)	Terlaksananya Pengendalian dan Pengawasan serta Tindak Lanjut Pengawasan Penerbitan Sertifikat Laik Higiene Sanitasi Tempat Pengelolaan Makanan (TPM) antara lain Jasa Boga, Rumah Makan/Restoran dan Depot Air Minum (DAM)	Jumlah Dokumen Hasil Pengendalian dan Pengawasan serta Tindak Lanjut Pengawasan Penerbitan Sertifikat Laik Higiene Sanitasi Tempat Pengelolaan Makanan (TPM) antara lain Jasa Boga, Rumah Makan/Restoran dan Depot Air Minum (DAM)	Dokumen	"Tempat Pengelolaan Pangan (TPP) adalah adalah sarana produksi untuk menyiapkan, mengolah, mengemas, menyimpan, menyajikan dan/atau mengangkut pangan olahan siap saji baik yang bersifat komersial maupun nonkomersial seperti  jasa boga/katering, rumah makan/restoran, gerai pangan jajanan, gerai pangan jajanan keliling, sentra gerai pangan jajanan/kantin, dapur gerai pangan jajanan,  TPP tertentu dan Depot Air Minum (DAM)               

 Sertifikat Laik Higiene Sanitasi yang selanjutnya disingkat SLHS adalah bukti tertulis keamanan pangan untuk pemenuhan standar baku mutu dan persyaratan kesehatan pangan olahan siap saji. 
Jenis TPP wajib memiliki Sertifikat Laik Higiene Sanitasi
(SLHS) adalah Jasaboga/Katering, Restoran, TPP tertentu dan Depot Air Minum

Jasa boga/katering adalah Tempat Pengelolaan Pangan (TPP) yang produknya siap dikonsumsi bagi umum di luar tempat usaha atas dasar pesanan dan tidak melayani makan di tempat usaha (dine in).

 Restoran adalah TPP yang produknya siap dikonsumsi bagi umum di dalam tempat usaha/melayani makan di tempat (dine in) serta melayani pesanan di luar tempat usaha.

TPP Tertentu adalah TPP yang produknya memiliki umur simpan satu sampai kurang dari tujuh hari pada suhu ruang.

Depot Air Minum yang selanjutnya disebut DAM adalah usaha industri yang melakukan proses pengolahan air baku menjadi air minum dalam bentuk curah dan menjual langsung kepada konsumen

Permenkes No 14 Tahun 2021 Tentang Standar Kegiatan Usaha dan Produk pada Penyelenggaraan Perizinan Berusaha Berbasis Resiko sektor kesehatan
Permenkes No 2 Tahun 2013 Tentang kejadian luar biasa keracunan pangan"
1.02.05.2.01.0001	Peningkatan Upaya Promosi Kesehatan, Advokasi, Kemitraan dan Pemberdayaan Masyarakat	Terlaksananya Peningkatan Upaya Promosi Kesehatan, Advokasi, Kemitraan dan Pemberdayaan Masyarakat	Jumlah Dokumen Promosi Kesehatan, Advokasi, Kemitraan dan Pemberdayaan Masyarakat	Dokumen	"Promosi Kesehatan  adalah kegiatan atau upaya peningkatan derajat kesehatan masyarakat melalui advokasi kesehatan, penggalangan kemitraan, pemberdayaan masyarakat di berbagai tatanan, peningkatan peran serta masyarakat dan lintas sektor dan pelaksanan Komunikasi Informasi Edukasi Kesehatan.

Upaya Advokasi Kesehatan tingkat kabupaten adalah  upaya yang dilakukan untuk mempengaruhi para penentu kebijakan atau pengambil keputusan ditingkat kabupaten untuk membuat kebijakan publik yang mendukung peningkatan kesehatan masyarakat   

Pemberdayaan masyarakat dan lintas sektor tingkat daerah kabupaten/kota adalah  upaya untuk menumbuhkan kesadaran, kemauan dan kemampuan kelompok masyarakat dan lintas sektor tingkat kabupaten/kota agar dapat secara mandiri dalam memikirkan, memutuskan dan melakukan sesuatu yang tepat untuk memecahkan masalah kesehatan dengan kemampuan dan sumber daya yang dimiliki  

Salah satu pemberdayaan yang dilaksanakan adalah pemberdayaan peran lintas sektor tingkat daerah provinsi dalam mempersiapkan pokja PPAS (Perumahan Permukiman Air Minum dan Sanitasi) atau pokja PKP (Perumahan Kawasan Permukiman) di tingkat pemerintah kabupaten/kota agar memiliki kapasitas dalam pelaksanaan EHRA (Environmental Health Risk Assesment) sebagai alat dalam penyusunan Strategi Sanitasi Kab/ Pelaksanaan advokasi percepatan Stop Buang Air Besar Sembarangan dan pilar-pilar Sanitasi Total Berbasis Masyarakat (STBM) lainnya dan air minum sanitasi aman.

1.	Instruksi Presiden Nomor 1 Tahun 2017 tentang Gerakan Masyarakat Hidup Sehat
2.	Undang-Undang Nomor 17 tahun 2023 tentang Kesehatan
3.	Peraturan Pemerintah Nomor 28 Tahun 2024 Tentang Peraturan Pelaksanaan Undang-Undang Nomor 17 Tahun 2023 Tentang Kesehatan
4.	Peraturan Menteri Kesehatan Nomor 8 Tahun 2019 Tentang Pemberdayaan Masyarakat Bidang Kesehatan 
5.	Peraturan Menteri Kesehatan Nomor 74 Tahun 2015 tentang Upaya Peningkatan dan Pencegahan Penyakit 
6.	Keputusan Menteri Kesehatan Nomor :1114/MENKES/SK/VIII/2005 Tentang Pedoman Pelaksanaan Promosi Kesehatan di Daerah
7.	Peraturan Menteri Perencanaan Pembangunan Nasional/Kepala Bappenas Nomor 11 Tahun 2017 tentang Pedoman Umum Pelaksanaan Gerakan Masyarakat Hidup Sehat
8.	Peraturan Menteri Kesehatan Nomor 8 Tahun 2019 tentang Pedoman Pelaksanaan Dan Pembinaan Pemberdayaan Masyarakat Bidang Kesehatan 
9.	Peraturan Menteri Kesehatan Nomor 3 Tahun 2014 ttg STBM
10.	Peraturan Menteri Kesehatan Nomor 2 Tahun 2023 tentang Pelaksanaan PP 66 tahun 2014 tentang Kesehatan Lingkungan
11.	Peraturan Menteri Kesehatan Nomor 19 Tahun 2024 Tentang Puskesmas
12.	Roadmap Stop Buang Air besar Sembarangan tahun 2022 – 2030
13.	Roadmap Cuci Tangan Pakai Sabun tahun 2022 - 2030"
1.02.05.2.02.0001	Penyelenggaraan Promosi Kesehatan dan Gerakan Hidup Bersih dan Sehat	Terselenggaranya Promosi Kesehatan dan Gerakan Hidup Bersih dan Sehat	Jumlah Dokumen Hasil Penyelenggaraan Promosi Kesehatan dan Gerakan Hidup Bersih dan Sehat	Dokumen	"Penyelenggaraan Promosi Kesehatan dan Perilaku Hidup Bersih dan Sehat adalah  Upaya  memelihara dan meningkatkan derajat kesehatan dengan mengutamakan upaya promotif dan preventif dengan membudayakan perilaku hidup bersih dan sehat .

Perilaku Hidup Bersih dan Sehat  adalah   semua perilaku yang dilakukan atas kesadaran sehingga anggota keluarga atau keluarga dapat menolong dirinya sendiri di bidang kesehatan dan berperan aktif dalam kegiatan-kegiatan kesehatan di masyarakat


1)Instruksi Presiden Nomor 1 Tahun 2017 tentang Gerakan Masyarakat Hidup Sehat 
2) Permenkes No.8 Th. 2019 Tentang Pemberdayaan Masyarakat Bidang Kesehatan, 
3) Permenkes No.74 Tahun 2015 tentang Upaya Peningkatan dan Pencegahan Penyakit
4) Keputusan Menteri Kesehatan No.:1114/MENKES/SK/VIII/2005 Tentang Pedoman Pelaksanaan Promosi Kesehatan di Daerah
5) Peraturan Menteri Perencanaan Pembangunan Nasional/Kepala Bappenas Nomor
11 Tahun 2017 tentang Pedoman Umum Pelaksanaan Gerakan Masyarakat Hidup

6) Permenkes No.65 Tahun 2013 Tentang Pedoman pelaksanaan dan pembinaan Pemberdayaan masyarakat bidang kesehatan,
7)  Permenkes No 43 tahun 2019 tentang pusat kesehatan masyarakat atau puskesmas
8) PP No. 66 Tahun 2014 tentang Kesehatan Lingkungan
9) Permenkes No. 3 Tahun 2014 tentang STBM
10) Permenkes No. 492 Tahun 2010 tentang Persyaratan Kualitas Air Minum
11) Permenkes 736 Tahun 2010 tentang Tata Laksana Pengawasan Kualitas Air Minum"
1.02.05.2.03.0001	Bimbingan Teknis dan Supervisi Pengembangan dan Pelaksanaan Upaya Kesehatan Bersumber Daya Masyarakat (UKBM)	Terlaksananya Bimbingan Teknis dan Supervisi Upaya Kesehatan Bersumber Daya Masyarakat (UKBM)	Jumlah Dokumen Hasil Bimbingan Teknis dan Supervisi Upaya Kesehatan Bersumber Daya Masyarakat (UKBM)	Dokumen	"Bimtek dan Supervisi UKBM adalah pembinaan, pendampingan dan pemantauan  secara berkala dalam rangka penguatan atas penyelenggaraan UKBM  

Upaya Kesehatan Bersumber Daya Masyarakat (UKBM) adalah wahana pemberdayaan masyarakat bidang kesehatan yang dibentuk atas dasar kebutuhan masyarakat, dikelola oleh, dari, untuk, dan bersama masyarakat, dengan pembinaan sektor kesehatan, lintas sektor dan pemangku kepentingan terkait lainnya.


Peraturan pemerintah No 66 Tahun 2014 tentang kesehatan lingkungan
Instruksi Presiden Nomor 1 Tahun 2017 tentang Gerakan Masyarakat Hidup Sehat 
Permenkes No.8 Th. 2019 Tentang Pemberdayaan Masyarakat Bidang Kesehatan, 
Permenkes No.74 Tahun 2015 tentang Upaya Peningkatan dan Pencegahan Penyakit
Keputusan Menteri Kesehatan No.:1114/MENKES/SK/VIII/2005 Tentang Pedoman Pelaksanaan Promosi Kesehatan di Daerah
Peraturan Menteri Perencanaan Pembangunan Nasional/Kepala Bappenas Nomor 11 Tahun 2017 tentang Pedoman Umum Pelaksanaan Gerakan Masyarakat Hidup 
Permenkes no 71 tahun 2015 tentang penanggulangan Penyakit Tidak Menular
Peraturan bersama permandagri dan menkes no 34 tahun 2005 nomor 1138 Menkes PBVIII 2005 tentang penyelenggaraan kab kota sehat

Road Map PKAM 2020 2030
Road Map SBS 2022 2030"
1.02.01.2.01.0006	Koordinasi dan Penyusunan Laporan Capaian Kinerja dan Ikhtisar Realisasi Kinerja SKPD				
1.02.01.2.01.0007	Evaluasi Kinerja Perangkat Daerah				
1.02.01.2.02.0001	Penyediaan Gaji dan Tunjangan ASN				
1.02.01.2.02.0003	"Pelaksanaan Penatausahaan dan

Pengujian/Verifikasi Keuangan SKPD"				
1.02.01.2.02.0005	Koordinasi dan Penyusunan Laporan Keuangan Akhir Tahun SKPD				
1.02.01.2.03.0005	Rekonsiliasi dan Penyusunan Laporan Barang Milik Daerah pada SKPD				
1.02.01.2.05.0005	Monitoring, Evaluasi, dan Penilaian Kinerja Pegawai				
1.02.01.2.05.0009	Pendidikan dan Pelatihan Pegawai Berdasarkan Tugas dan Fungsi				
1.02.01.2.06.0002	Penyediaan Peralatan dan Perlengkapan Kantor				
1.02.01.2.06.0004	Penyediaan Bahan Logistik Kantor				
1.02.01.2.07.0005	Pengadaan Mebel				
1.02.01.2.07.0010	Pengadaan Sarana dan Prasarana Gedung Kantor atau Bangunan Lainnya				
1.02.01.2.07.0011	Pengadaan Sarana dan Prasarana Pendukung Gedung Kantor atau Bangunan Lainnya				
1.02.01.2.08.0002	Penyediaan Jasa Komunikasi, Sumber Daya Air dan Listrik				
1.02.01.2.08.0004	Penyediaan Jasa Pelayanan Umum Kantor				
1.02.01.2.09.0001	Penyediaan Jasa Pemeliharaan, Biaya Pemeliharaan, dan Pajak Kendaraan Perorangan Dinas atau Kendaraan Dinas Jabatan				
1.02.01.2.09.0002	Penyediaan Jasa Pemeliharaan, Biaya Pemeliharaan, Pajak dan Perizinan Kendaraan Dinas Operasional atau Lapangan				
1.02.01.2.09.0006	Pemeliharaan Peralatan dan Mesin Lainnya				
1.02.01.2.09.0008	Pemeliharaan Aset Tak Berwujud				
1.02.01.2.09.0009	Pemeliharaan/Rehabilitasi Gedung Kantor dan Bangunan Lainnya				
1.02.01.2.09.0010	Pemeliharaan/Rehabilitasi Sarana dan Prasarana Gedung Kantor atau Bangunan Lainnya				
1.02.01.2.10.0001	Pelayanan dan Penunjang Pelayanan BLUD				
1.03.02.2.01.0075	Pembinaan dan Pemberdayaan Kelembagaan Pengelolaan SDA Kewenangan Kabupaten/Kota	Kelembagaan Pengelolaan SDA Kewenangan Kabupaten/Kota yang mendapatkan Pembinaan dan Pemberdayaan	Jumlah Lembaga Pengelolaan SDA Kewenangan Kabupaten/Kota yang Dibina dan Diberdayakan	Lembaga	Meliputi TKPSDA WS dan Dewan SDA Provinsi
1.03.02.2.01.0127	Penyusunan Rencana Teknis dan Dokumen Lingkungan Hidup untuk Konstruksi Air Tanah dan Air Baku	Tersusunnya Rencana Teknis dan Dokumen Lingkungan Hidup untuk Konstruksi Air Tanah dan Air Baku	Jumlah Dokumen Rencana Teknis dan Dokumen Lingkungan Hidup untuk Konstruksi Air Tanah dan Air Baku yang Disusun	Dokumen	Sub kegiatan Penyusunan Rencana Teknis dan Dokumen Lingkungan Hidup untuk Konstruksi Air Tanah dan Air Baku mencakup penyusunan FS, desain, LARAP, penyusunan UKL/UPL dan AMDAL
1.03.02.2.02.0002	Pembangunan Jaringan Irigasi Permukaan	Terbangunnya Jaringan Irigasi Permukaan	Panjang Jaringan Irigasi Permukaan yang Dibangun	KM	...
1.03.02.2.02.0008	Peningkatan Jaringan Irigasi Permukaan	Meningkatnya Jaringan Irigasi Permukaan	Panjang Jaringan Irigasi Permukaan yang Ditingkatkan	KM	...
1.03.02.2.02.0014	Rehabilitasi Jaringan Irigasi Permukaan	Terehabilitasinya Jaringan Irigasi Permukaan	Panjang Jaringan Irigasi Permukaan yang Direhabilitasi	KM	...
1.03.02.2.02.0021	Operasi dan Pemeliharaan Jaringan Irigasi Permukaan	Beroperasi dan Terpeliharanya Jaringan Irigasi Permukaan	Panjang Jaringan Irigasi Permukaan yang Dioperasikan dan Dipelihara	KM	...
1.03.02.2.02.0044	Operasional Kelembagaan Pengelola Irigasi	Terfasilitasinya operasional kegiatan Pengelola Irigasi	Jumlah Lembaga Pengelola Irigasi yang beroperasi	Lembaga	Meliputi operasional pengaturan, pelaksanaan, pemantauan, dan evaluasi untuk menjamin ketertiban kelembagaan pengelolaan irigasi
1.03.02.2.02.0050	Penyusunan Dukungan Teknis bidang Irigasi dan Rawa	Tersusunnya Dukungan Teknis bidang Irigasi dan Rawa	Jumlah Dukungan Teknis bidang Irigasi dan Rawa yang Disusun	Dokumen	"Penyusunan dukungan teknis berupa dokumen perencanaan yang akan digunakan sebagai acuan dalam pelaksanaan konstruksi irigasi dan rawa, yang meliputi:
 1. Studi Potensi, studi kelayakan
 2. Detail desain
 3. Dokumen penanganan dampak sosial atas pengadaan tanah (LARAP)
 4. Dokumen lingkungan, dapat berupa AMDAL, UKL/UPL, atau SPPL"
1.03.03.2.01.0024	Pembinaan dan Pemberdayaan Masyarakat dalam Pengelolaan dan Pengembangan Sistem Penyediaan Air Minum (SPAM)	Masyarakat yang mendapatkan Pembinaan dan Pemberdayaan dalam Pengelolaan dan Pengembangan Sistem Penyediaan Air Minum (SPAM)	Jumlah Masyarakat yang dibina dan diberdayakan dalam Pengelolaan dan Pengembangan Sistem Penyediaan Air Minum (SPAM)	Orang	Pembinaan dan Pemberdayaan Masyarakat dalam Pemanfaatan SPAM  melalui kegiatan fasilitasi, penyuluhan, advokasi, pelatihan sosialisasi dan/atau kegiatan lainnya.
1.03.03.2.01.0025	Penyusunan Rencana, Kebijakan, Strategi dan Teknis Sistem Penyediaan Air Minum (SPAM)	Tersusunnya Rencana, Kebijakan, Strategi dan Teknis Sistem Penyediaan Air Minum (SPAM)	Jumlah Dokumen Rencana, Kebijakan, Strategi dan Teknis Sistem Penyediaan Air Minum (SPAM) yang disusun	Dokumen	"Penyusunan Rencana, Kebijakan, Strategi dan Teknis Sistem Penyediaan Air Minum (SPAM) mencakup:
1.  Peraturan Daerah, Peraturan Kepala Daerah, Surat Keputusan, dan Surat Edaran Bidang Air Minum
2.  Kebijakan dan Strategi Daerah (Jakstrada) Air Minum
3   Rencana Induk Sistem Penyediaan Air Minum (RISPAM)
4.  Rencana Pengamanan Air Minum (RPAM) Jaringan Perpipaan (JP) dan Bukan Jaringan Perpipaan (BJP)  
5. Readiness Criteria untuk konstruksi Sistem Penyediaan Air Minum (SPAM) Kabupaten/Kota mengacu pada SE DJCK No 45 Tahun 2024 perihal Prosedur Penyiapan Readiness Criteria Dalam Penyusunan Program dan Anggaran Direktorat Jenderal Cipta Karya.
6. Pelaporan Data SPM Air Minum yang meliputi: Identifikasi Kebutuhan, Upaya Pemenuhan dan Capaian SPM Air Minum"
1.03.03.2.01.0026	Peningkatan Sistem Penyediaan Air Minum (SPAM) Jaringan Perpipaan	Meningkatnya Kapasitas Sistem Penyediaan Air Minum (SPAM) Jaringan Perpipaan	Kapasitas Sistem Penyediaan Air Minum (SPAM) Jaringan Perpipaan yang ditingkatkan	Liter/Detik	"Peningkatan Sistem Penyediaan Air Minum (SPAM) Jaringan Perpipaan mencakup:
1. Peningkatan Kapasitas Unit Air  dan/atau
2. Peningkatan Kapasitas Produksi"
1.03.03.2.01.0028	Pembangunan Sistem Penyediaan Air Minum (SPAM) Jaringan Perpipaan	Terbangunnya Sistem Penyediaan Air Minum (SPAM) Jaringan Perpipaan	Kapasitas Sistem Penyediaan Air Minum (SPAM) Jaringan Perpipaan yang dibangun	Liter/Detik	"Pembangunan Sistem Penyediaan Air Minum (SPAM) Jaringan Perpipaan mencakup Pembangunan:
1. Unit Air Baku
2. Unit Produksi
3. Unit Distribusi
4. Unit Pelayanan"
1.03.03.2.01.0029	Operasi dan Pemeliharaan Sistem Penyediaan Air Minum (SPAM)	Beroperasi dan Terpeliharanya Sistem Penyediaan Air Minum (SPAM)	Jumlah Sistem Penyediaan Air Minum (SPAM) yang Dioperasikan dan Dipelihara	Unit	"Operasi dan Pemeliharaan SPAM Kab/Kota merupakan kegiatan untuk memastikan operasional SPAM Kab/Kota tetap berjalan yang dilakukan oleh Pemerintah Kab/Kota

Operasi dan Pemeliharaan Sistem Penyediaan Air Minum (SPAM) mencakup:
1. Pengalokasian dana operasional SPAM
2. Pembentukan Lembaga Pengelola SPAM
3. Pemanfaatan Infrastruktur 
4. Manajemen Mutu
5. Manajemen Asset"
1.03.03.2.01.0032	Perluasan Sistem Penyediaan Air Minum (SPAM) Jaringan Perpipaan	Sistem Penyediaan Air Minum (SPAM) Jaringan Perpipaan yang mendapatkan Perluasan	Jumlah Sambungan Rumah yang terlayani oleh perluasan Sistem Penyediaan Air Minum (SPAM) Jaringan Perpipaan	SR	"Perluasan Sistem Penyediaan Air Minum (SPAM) Jaringan Perpipaan mencakup penambahan: 
1. Unit Distribusi
2. Unit Pelayanan (SR)"
1.03.05.2.01.0022	Pembangunan Sistem Pengelolaan Air Limbah Domestik (SPALD) Terpusat Skala Permukiman				
1.03.05.2.01.0040	Pembinaan dan Pemberdayaan Masyarakat dalam Pengembangan Sistem Pengelolaan Air Limbah Domestik (SPALD)				
1.03.08.2.01.0017	Pengubahsuaian Bangunan Gedung untuk Kepentingan Strategis Daerah Kabupaten/Kota	Bangunan Gedung untuk Kepentingan Strategis Daerah Kabupaten/Kota yang mendapatkan Pengubahsuaian	Jumlah Bangunan Gedung untuk Kepentingan Strategis Daerah Kabupaten/Kota yang Diubahsuaikan	Bangunan Gedung	"Pengubahsuaian adalah upaya penyesuaian kinerja Bangunan Gedung agar memenuhi standar teknis Bangunan Gedung. 

Sub Kegiatan Pengubahsuaian dapat digunakan juga untuk Bangunan Gedung Hijau dan Bangunan Gedung Cerdas."
1.03.08.2.01.0018	Pemeliharaan, Perawatan, dan Pemeriksaan Berkala Bangunan Gedung untuk Kepentingan Strategis Daerah Kabupaten/Kota				
1.03.08.2.01.0021	Pembangunan, Pemanfaatan,  Pelestariaan dan Pembongkaran Bangunan Gedung untuk Kepentingan Strategis Daerah Kabupaten/Kota				
1.03.08.2.01.0022	Pembinaan dan Pengawasan Penyelenggaraan Bangunan Gedung				
1.03.08.2.01.0023	Penyelenggaraan Penerbitan Persetujuan Bangunan Gedung (PBG), Sertifikat Laik Fungsi (SLF), Surat Bukti Kepemilikan Bangunan Gedung (SBKBG),  Rencana Teknis Pembongkaran Bangunan Gedung (RTB),  Tim Profesi Ahli (TPA), Tim Penilai Teknis (TPT), Penilik, dan Pendataan Bangunan Gedung melalui SIMBG	Terselenggaranya Penerbitan Persetujuan Bangunan Gedung (PBG), Sertifikat Laik Fungsi (SLF), Surat Bukti Kepemilikan Bangunan Gedung (SBKBG),  Rencana Teknis Pembongkaran Bangunan Gedung (RTB), Tim Profesi Ahli (TPA), Tim Penilai Teknis (TPT), Penilik, dan Pendataan Bangunan Gedung melalui SIMBG	Jumlah Penerbitan Persetujuan Bangunan Gedung (PBG), Sertifikat Laik Fungsi (SLF), Surat Bukti Kepemilikan Bangunan Gedung (SBKBG),  Rencana Teknis Pembongkaran Bangunan Gedung (RTB), Tim Profesi Ahli (TPA), Tim Penilai Teknis (TPT), Penilik, dan Pendataan Bangunan Gedung melalui SIMBG	Dokumen	"- Persetujuan Bangunan Gedung yang selanjutnya disingkat PBG adalah perizinan yang diberikan kepada pemilik Bangunan Gedung untuk membangun baru, mengubah, memperluas, mengurangi, dan/atau merawat Bangunan Gedung sesuai dengan standar teknis Bangunan Gedung. Dokumen PBG terdiri dari Permohonan PBG, Permohonan PBG yang diproses, Permohonan PBG yang disetujui, dan Permohonan PBG yang ditolak.
 
- Sertifikat Laik Fungsi Bangunan Gedung yang selanjutnya disingkat SLF adalah sertifikat yang diberikan oleh Pemerintah Daerah untuk menyatakan kelaikan fungsi Bangunan Gedung sebelum dapat dimanfaatkan. Dokumen SLF terdiri dari Permohonan SLF, Permohonan SLF yang diproses, Permohonan SLF yang disetujui, dan Permohonan SLF yang ditolak.
 
- Surat Bukti Kepemilikan Bangunan Gedung yang selanjutnya disingkat SBKBG adalah surat tanda bukti hak atas status kepemilikan Bangunan Gedung. Dokumen SBKBG terdiri dari Permohonan SBKBG, Permohonan SBKBG yang diproses, Permohonan SBKBG yang disetujui, dan Permohonan SBKBG yang ditolak.

SBKBG diterbitkan oleh Dinas Teknis dalam bentuk 1 (satu) dokumen dan dibuat pada kertas berwarna biru dengan ukuran 21,5 cm x 33 cm. Kertas biru sebagaimana dimaksud pada merupakan kertas berharga nonuang yang diproduksi oleh Badan Usaha Milik Negara yang ditunjuk oleh  Pemerintah Republik Indonesia untuk mencetak produk  dokumen sekuriti atau kertas berharga nonuang. 

Mekanisme Penerbitan SBKBG sebagaimana diatur dalam Permen PUPR No. 12 Tahun 2024 tentang Surat Bukti Kepemilikan Bangunan Gedung
 
- Rencana Teknis Pembongkaran Bangunan Gedung yang selanjutnya disingkat RTB adalah dokumen yang berisi hasil identilikasi kondisi terbangun Bangunan Gedung dan lingkungannya, metodologi pembongkaran, mitigasi risiko pembongkaran, gambar rencana teknis Pembongkaran, dan jadwal pelaksanaan pembongkaran. Dokumen RTB terdiri dari Permohonan RTB, Permohonan RTB yang diproses, Permohonan RTB yang disetujui, dan Permohonan RTB yang ditolak.
Mekanisme Penyusunan dan Penetapan RTB sebagaimana diatur dalam PP No. 16 Tahun 2021 
  
 Tim Profesi Ahli yang selanjutnya disingkat TPA adalah tim yang terdiri atas profesi ahli yang ditunjuk oleh Pemerintah Daerah kabupaten/kota untuk memberikan pertimbangan teknis dalam Penyelenggaraan Bangunan Gedung.
 
 Tim Penilai Teknis yang selanjutnya disingkat TPT adalah tim yang dibentuk oleh pemerintah Daerah kabupaten/kota yang terdiri atas instansi terkait penyelenggara Bangunan Gedung untuk memberikan pertimbangan teknis dalam proses penilaian dokumen rencana teknis Bangunan Gedung dan RTB berupa rumah tinggal tunggal 1 (satu) lantai dengan luas paling banyak 72 m2 (tujuh puluh dua meter persegi) dan rumah tinggal tunggal 2 (dua) lantai dengan luas lantai paling banyak 90 m2 (sembilan puluh meter persegi) serta pemeriksaan dokumen permohonan SLF perpanjangan.
 
 Penilik Bangunan Gedung yang selanjutnya disebut Penilik adalah orang perseorangan yang memiliki kompetensi dan diberi tugas oleh pemerintah pusat atau Pemerintah Daerah sesuai dengan kewenangannya untuk melakukan inspeksi terhadap Penyelenggaraan Bangunan Gedung.
 
 Pendataan adalah kegiatan pengumpulan data suatu Bangunan Gedung oleh pemerintah pusat atau pemerintah daerah yang dilakukan secara bersama
 dengan proses PBG, proses SLF, dan pembongkaran Bangunan Gedung, serta mendata dan mendaftarkan Bangunan Gedung yang telah ada.
 
 Penerbitan PBG meliputi penetapan nilai retribusi daerah yang ditetapkan oleh Pemerintah Daerah kabupaten/kota.
 
 Sub kegiatan Penyelenggaraan Penerbitan Persetujuan Bangunan Gedung (PBG), Sertifikat Laik Fungsi (SLF), Surat Bukti Kepemilikan Bangunan Gedung (SBKBG), Rencana Teknis Pembongkaran Bangunan Gedung (RTB), Tim Profesi Ahli (TPA), Tim Penilai Teknis (TPT), Penilik, dan Pendataan Bangunan Gedung melalui SIMBG dapat digunakan juga untuk Bangunan Gedung Hijau dan Bangunan Gedung Cerdas."
1.03.10.2.01.0028	Pengelolaan Leger Jalan	Terkelolanya Leger Jalan	Jumlah Dokumen Leger Jalan yang Dikelola	Dokumen	"1. Pengelolaan Leger Jalan meliputi Pembuatan, Penetapan, Penyimpanan, Pemeliharaan, Pemantauan, Pemutakhiran dan Penggantian Leger.
2. Pembuatan leger jalan meliputi kegiatan untuk mewujudkan leger jalan dalam bentuk kartu dan digital dengan susunan sesuai dengan yang ditetapkan.
3. Penetapan leger jalan meliputi kegiatan pengesahan leger jalan yang telah disiapkan oleh penyelenggara jalan sesuai kewenangannya.
4. Pemantauan leger jalan meliputi kegiatan pengamatan, pencatatan, dan pengkajian dokumen untuk mengetahui perubahan yang terjadi pada ruas jalan yang telah dibuat leger jalan sebelumnya.
5. Pemutakhiran leger jalan meliputi kegiatan untuk mengubah data dan/atau gambar leger jalan yang telah ada karena terjadi perubahan.
6. Penyimpanan dan pemeliharaan meliputi kegiatan untuk menjaga agar leger jalan sesuai dengan umur yang ditetapkan.
7. Penggantian leger jalan meliputi kegiatan untuk mengganti leger jalan yang rusak."
1.03.10.2.01.0029	Penyusunan Rencana, Kebijakan, Strategi dan Teknis Pengembangan Jaringan Jalan serta Perencanaan Teknis Penyelenggaraan Jalan dan Jembatan	Tersusunnya Rencana, Kebijakan, Strategi dan Teknis Pengembangan Jaringan Jalan serta Perencanaan Teknis Penyelenggaraan Jalan dan Jembatan	Jumlah Dokumen Rencana, Kebijakan, Strategi dan Teknis Pengembangan Jaringan Jalan serta Perencanaan Teknis Penyelenggaraan Jalan dan Jembatan yang Disusun	Dokumen	"Perencanaan teknis Penyelenggaraan Jalan dan Jembatan merupakan kegiatan penyusunan dokumen rencana teknis yang berisi gambaran produk yang ingin diwujudkan.
 Perencanaan teknis jalan minimal memenuhi:
 a. Ruang manfaat jalan, ruang milik jalan, dan ruang pengawasan 
 b. Dimensi 
 c. Muatan sumbu terberat, volume lalu lintas, dan 
 d. Persyaratan geometrik 
 e. Konstruksi 
 f. Konstruksi bangunan 
 g. Perlengkapan 
 h. Ruang  dan
 i. Kelestarian lingkungan hidup."
1.03.10.2.01.0043	Survey Kondisi Jalan/Jembatan	Jalan/Jembatan yang mendapatkan Survey Kondisi	Panjang Jalan/Jembatan yang Disurvey Kondisinya	KM	"Survei pengumpulan data kondisi jaringan jalan terdiri atas:
  1. Survei inventori jaringan jalan meliputi survei deskripsi ruas jalan, titik referensi lokasi, survei inventori penampang melintang jalan dan survei inventori konstruksi/pemeliharaan 
  2. Survei profil memanjang (IRI/ketidakrataan jalan);
  3. Survei kondisi perkerasan 
  4. Survei kekuatan struktur perkerasan 
  5. Survei lalu lintas harian
  6. Survei lereng 
  7. Survei kondisi drainase
  8. Survei lokasi titik rawan kecelakaan (blackspot) dan
  9. Survei untuk mengukur defleksi jalan."
1.03.10.2.01.0049	Pelebaran Jembatan	Terlaksananya Pelebaran Jembatan	Panjang  jembatan yang dilebarkan	Meter	Kegiatan penambahan lajur lalu lintas pada jembatan dan alokasi kebutuhan ruang untuk pengamanan jembatan.
1.03.10.2.01.0051	Pemeliharaan Rutin Jalan	Terlaksananya Pemeliharaan Rutin Jalan	Panjang Jalan yang Dipelihara Secara Rutin	KM	"Pemeliharaan rutin adalah kegiatan merawat serta memperbaiki kerusakan-kerusakan yang terjadi pada ruas-ruas jalan dengan kondisi pelayanan mantap. Pemeliharaan rutin terdiri atas kegiatan pemeliharaan rutin jalan, pemeliharaan rutin kondisi jalan, dan pemeliharaan preventif.
 
 Pemeliharaan rutin jalan dilakukan terhadap bagian jalan yang tidak berkaitan langsung dengan perkerasan. Lingkup kegiatan pemeliharaan rutin jalan dapat berupa pekerjaan:
 a. Pemeliharaan/pembersihan bahu 
 b. Pemeliharaan sistem drainase (dengan tujuan untuk memelihara fungsi dan untuk memperkecil kerusakan pada struktur atau permukaan jalan dan harus dibersihkan terus menerus dari lumpur, tumpukan kotoran, dan sampah);
 c. Pemeliharaan/pembersihan 
 d. Pemeliharaan pemotongan tumbuhan/tanaman liar (rumput-rumputan, semak belukar, dan pepohonan) di dalam ruang milik jalan
 e. Pemeliharaan bangunan pelengkap
 f. Pemeliharaan perlengkapan jalan
 g. Grading operation/Reshaping atau pembentukan kembali permukaan untuk perkerasan jalan tanpa penutup dan jalan tanpa perkerasan.
 h. Perbaikan minor marka jalan.
 i. Perbaikan minor lainnya.
 
 Pemeliharaan rutin kondisi jalan dilakukan pada seluruh bagian jalan termasuk pemeliharaan permukaan perkerasan. Lingkup kegiatan pemeliharaan rutin kondisi jalan dapat berupa pekerjaan:
 a. penutupan lubang (patching potholes)
 b. penutupan dan/atau pengisian retak (crack sealing, crack filling),
 c. perbaikan tepi perkerasan
 d. Untuk jalan tidak berpenutup aspal/ beton semen dapat dilakukan penggarukan, penambahan, dan pencampuran kembali material (ripping and reworking existing layers) pada saat pembentukan kembali permukaan.
 
 Pemeliharaan Preventif jalan adalah penanganan yang dilakukan pada ruas jalan yang karena pengaruh cuaca / lalu lintas mengalami kerusakan lebih luas sehingga perlu dilakukan pencegahan, sesuai kondisi setempat. Lingkup kegiatan pemeliharaan preventif dapat berupa pekerjaan:
 a. Aspal Peremaja (Binder rejuvenation: Fog Seal)
 b. Penutupan retak (Crack Sealing)
 c. Pengisian Retak (Crack Filling)
 d. Burda/Burtu (Spray Bitumen Chip Seal)
 e. Laburan Aspal (Spray Bitumen Sand Seal)
 f. Latasir (Sand Sheet) 
 g. Bubur Aspal Emulsi (Emulsified Asphalt Slurry Seal)
 h. Mikro aspal emulsi modifikasi polimer (micro surfacing)
 i. Lapis Tipis Beton Aspal LTBA (Ultra-Thin Asphalt and Thin Stone Matrix Asphalt)
 j. Penanganan dengan 30 mm Asphalt"
1.03.10.2.01.0055	Rehabilitasi Jalan	Terlaksananya Rehabilitasi Jalan	Panjang Jalan yang Direhabilitasi	KM	"Rehabilitasi jalan adalah kegiatan penanganan pencegahan terjadinya kerusakan yang luas dan setiap kerusakan yang tidak diperhitungkan dalam desain, yang berakibat menurunnya kondisi kemantapan pada bagian/tempat tertentu dari suatu ruas jalan dengan kondisi rusak ringan, agar penurunan kondisi kemantapan tersebut dapat dikembalikan pada kondisi kemantapan sesuai dengan rencana. Rehabilitasi Jalan dibagi atas dua, rehabilitasi minor dan rehabilitasi mayor jalan.

Lingkup kegiatan rehabilitasi mayor (Structural Overlay) dapat berupa pekerjaan:
a. Dilakukan pada ruas jalan yang dalam kondisi rusak ringan dan ruas jalan yang semula ditangani melalui pemeliharaan rutin namun karena suatu sebab mengalami kerusakan yang tidak diperhitungkan, yang berakibat menurunnya kondisi menjadi kondisi rusak 
b. Penyiapan tanah dasar dan pekerjaan galian/ 
c. Pekerjaan struktur 
d. Pelapisan ulang dengan lapisan aspal tebal 50 mm / 60 mm / 70 mm / 80 mm / 100 mm / 120 mm / 150 
e. Pada perkerasan kaku dilakukan pelapisan Lapisan Aspal Beton 40mm/ 100 mm, pelapisan lapisan beton (bounded/unbounded) 100 mm, dan sebelum pelapisan pekerjaan rehabilitasi minor yang diperlukan harus 
e. Untuk jalan tidak berpenutup aspal/ beton semen dapat dilakukan penggarukan, penambahan, dan pencampuran kembali material (ripping and reworking existing layers) pada saat pembentukan kembali 
f. Perbaikan/ pembuatan 
g. Perbaikan/ penggantian perlengkapan 
h. Perbaikan bangunan pelengkap dan bahu 
i. Penambalan lubang dan 
j. Pemeliharaan/ pembersihan Rumija.

Lingkup kegiatan rehabilitasi minor (Functional Overlay) dapat berupa pekerjaan:
a. Dilakukan pada ruas jalan yang dalam kondisi rusak 
b. Penyiapan tanah dasar dan pekerjaan galian/ 
c. Pekerjaan struktur 
d. Pelapisan ulang dengan lapisan aspal tebal 50 mm / 60 mm / 70 mm / 80 
e. Pada perkerasan kaku dilakukan penanganan sesuai kondisi dengan: Partial Depth Repair (Penambalan Dangkal Perkerasan Beton Semen Bersambung Tanpa Tulangan), Full  Dept  Repair  (Penambalan  Penuh  Perkerasan Beton Semen Bersambung Tanpa Tulangan), Diagonal   Stitch   of   Concrete   Slab   (Penjahitan Melintang Pada Pemeliharaan Perkerasan Beton), Slab  Stabilisation  (Penstabilan  dan  Pengembalian Elevasi Pelat Beton/Injeksi), Dowel Bar Retrofit (Penambahan Penyaluran Beban Pada Perkerasan Beton Semen);
e. Untuk jalan tidak berpenutup aspal/ beton semen dapat dilakukan penggarukan, penambahan, dan pencampuran kembali material (ripping and reworking existing layers) pada saat pembentukan kembali 
f. Perbaikan/ pembuatan 
g. Perbaikan/ penggantian perlengkapan 
h. Perbaikan bangunan pelengkap dan bahu 
i. Penambalan lubang dan pemarkaan.&"
1.03.10.2.01.0056	Pemeliharaan Berkala Jalan	Terlaksananya Pemeliharaan Berkala Jalan	Panjang Jalan yang Dipelihara Secara Berkala	KM	"Pemeliharaan berkala jalan adalah kegiatan penanganan terhadap setiap kerusakan yang diperhitungkan dalam desain agar penurunan kondisi Jalan dapat dikembalikan pada kondisi kemantapan sesuai dengan rencana. Pemeliharaan berkala terdiri atas kegiatan rehabilitasi mayor dan rehabilitasi minor.
  
  Lingkup kegiatan rehabilitasi mayor (Structural Overlay) dapat berupa pekerjaan:
  a. Dilakukan pada ruas jalan yang dalam kondisi rusak ringan dan ruas jalan yang semula ditangani melalui pemeliharaan rutin namun karena suatu sebab mengalami kerusakan yang tidak diperhitungkan, yang berakibat menurunnya kondisi menjadi kondisi rusak 
  b. Penyiapan tanah dasar dan pekerjaan galian/ 
  c. Pekerjaan struktur 
  d. Pelapisan ulang dengan lapisan aspal tebal 50 mm / 60 mm / 70 mm / 80 mm / 100 mm / 120 mm / 150 
  e. Pada perkerasan kaku dilakukan pelapisan Lapisan Aspal Beton 40mm/ 100 mm, pelapisan lapisan beton (bounded/unbounded) 100 mm, dan sebelum pelapisan pekerjaan rehabilitasi minor yang diperlukan harus 
  e. Untuk jalan tidak berpenutup aspal/ beton semen dapat dilakukan penggarukan, penambahan, dan pencampuran kembali material (ripping and reworking existing layers) pada saat pembentukan kembali 
  f. Perbaikan/ pembuatan 
  g. Perbaikan/ penggantian perlengkapan 
  h. Perbaikan bangunan pelengkap dan bahu 
  i. Penambalan lubang dan 
  j. Pemeliharaan/ pembersihan Rumija.
  
  Lingkup kegiatan rehabilitasi minor (Functional Overlay) dapat berupa pekerjaan:
  a. Dilakukan pada ruas jalan yang dalam kondisi rusak 
  b. Penyiapan tanah dasar dan pekerjaan galian/ 
  c. Pekerjaan struktur 
  d. Pelapisan ulang dengan lapisan aspal tebal 50 mm / 60 mm / 70 mm / 80 
  e. Pada perkerasan kaku dilakukan penanganan sesuai kondisi dengan: Partial Depth Repair (Penambalan Dangkal Perkerasan Beton Semen Bersambung Tanpa Tulangan), Full Dept Repair (Penambalan Penuh Perkerasan Beton Semen Bersambung Tanpa Tulangan), Diagonal Stitch of Concrete Slab (Penjahitan Melintang Pada Pemeliharaan Perkerasan Beton), Slab Stabilisation (Penstabilan dan Pengembalian Elevasi Pelat Beton/Injeksi), Dowel Bar Retrofit (Penambahan Penyaluran Beban Pada Perkerasan Beton Semen);"
1.03.10.2.01.0057	Penggantian Jembatan	Terlaksananya Penggantian Jembatan	Panjang Jembatan yang dilakukan penggantian	Meter	Kegiatan mengatasi kerusakan jembatan kendaran ataupun jembatan pejalan kaki (jembatan gantung) dengan mengganti jembatan baik bangunan atas dan/atau seluruh bangunan bawah
1.03.10.2.01.0058	Rehabilitasi Jembatan	Terlaksananya Rehabilitasi Jembatan	Panjang  Jembatan yang Direhabilitasi	Meter	Kegiatan penanganan besar dan pengembalian kondisi sesuai umur rencana terhadap setiap kerusakan berat atau parah, akibat menurunnya kondisi pada suatu bagian tertentu struktur jembatan kendaran ataupun jembatan pejalan kaki (jembatan gantung)
1.03.10.2.01.0059	Rekonstruksi Jalan	Terlaksananya Rekonstruksi Jalan	Panjang Jalan yang Direkonstruksi	KM	"Rekonstruksi adalah peningkatan struktur yang merupakan kegiatan penanganan untuk dapat meningkatkan kemampuan bagian ruas jalan yang dalam kondisi rusak berat agar bagian jalan tersebut mempunyai kondisi mantap kembali sesuai dengan umur rencana yang ditetapkan. Lingkup kegiatan rekonstruksi jalan sebagai berikut:
a. Perbaikan seluruh struktur perkerasan, drainase, bahu jalan, tebing, dan 
b. Peningkatan kekuatan struktur berupa pelapisan ulang perkerasan dan bahu jalan sesuai umur rencananya 
c. Penggantian slab beton sedikitnya 20% dari slab yang ada
d. Perbaikan perlengkapan 
e. Perbaikan bangunan  dan
f. Pemeliharaan/pembersihan rumaja.&"
1.03.10.2.01.0060	Pengawasan Penyelenggaraan Jalan Kewenangan Kabupaten/Kota dan Desa	Terawasinya Penyelenggaraan Jalan Kewenangan Kabupaten/Kota dan Desa	Panjang Jalan/Jembatan Kewenangan Kabupaten/Kota yang Penyelenggaraannya Diawasi	KM	Pengawasan Penyelenggaraan Jalan/Jembatan adalah kegiatan yang dilakukan untuk mewujudkan tertib kegiatan pengaturan, pembinaan, dan preservasi/ pembangunan Jalan/ Jembatan.
1.03.10.2.01.0061	Pemeliharaan Berkala Jembatan	Terlaksananya Pemeliharaan Berkala Jembatan	Panjang  Jembatan yang Dipelihara Secara Berkala	Meter	"Kegiatan penanganan terhadap setiap kerusakan yang diperhitungkan dalam desain berdasarkan umur layan elemen atau kerusakan agar penurunan kondisi jembatan kendaran ataupun jembatan pejalan kaki (jembatan gantung) dapat dikembalikan pada kondisi kemantapan sesuai dengan rencana. Lingkup pekerjaan pemeliharaan berkala jembatan dapat terdiri atas kegiatan:
1.  Kegiatan pemeliharaan berkala yang terencana, mencakup hal-hal:
      a. Pengecatan ulang
      b. Penggantian lapisan permukaan
      c.  Penggantian lantai kayu
      d. Penggantian kayu jalur roda kendaraan 
      e. Pembersihan jembatan secara keseluruhan
      f. Pemeliharaan peletakan dan landasan
      g. Penggantian expansion joint
2.  Perbaikan sederhana, mencakup hal-hal:
      a. Penggantian bagian-bagian kecil dan elemen yang kecil
      b. Perbaikan tiang dan sandaran
      c. Perawatan bagian-bagian yang bergerak
      d. Perkuatan bagian yang struktural
      e. Perbaikan tebing yang longsor dan terkena erosi
      f.  Perbaikan bangunan pengaman yang sederhana"
1.03.10.2.01.0069	Pembangunan Jembatan	Terlaksananya Pembangunan Jembatan	Panjang  jembatan yang dibangun	Meter	Pembangunan prasarana penghubung antar dua jalan yang terpisah karena kondisi geografi, baik berupa jembatan kendaraan ataupun jembatan pejalan kaki (jembatan gantung). Kegiatan pembangunan jembatan dapat berupa kegiatan pembangunan jembatan baru dan kegiatan duplikasi jembatan. Kegiatan duplikasi jembatan merupakan kegiatan untuk menambah kepasitas lalu lintas jalan dengan pembangunan jembatan berdampingan pada lokasi jembatan eksisting.
1.03.11.2.01.0011	Pembinaan dan Peningkatan Kapasitas Kelembagaan Jasa Konstruksi	Kelembagaan Jasa Konstruksi yang mendapatkan Pembinaan dan Peningkatan Kapasitas	Jumlah Lembaga Jasa Konstruksi yang Dibina dan Ditingkatkan Kapasitasnya	Lembaga	"1. Kegiatan Pembinaan dan Peningkatan Kapasitas Kelembagaan Konstruksi mencakup:
a. Penyelenggaraan 
b. Sosialisasi atau 
c. Rapat  dan
d. Pembinaan masyarakat jasa konstruksi.
e. Pelatihan dengan target group SDM di badan usaha, asosiasi, usaha orang perseorangan.
2. Lembaga-lembaga yang dibina atau ditingkatkan kapasitasnya meliputi OPD Kabupaten/Kota, asosiasi, Perguruan Tinggi, Badan Usaha Jasa Konstruksi."
1.03.12.2.01.0005	Pelaksanaan Persetujuan Substansi RTRW Kabupaten/Kota	Terpenuhinya dokumen administrasi dan penyempurnaan dokumen hasil evaluasi dan masukan pada forum lintas sektor dalam rangka penerbitan persetujuan substansi	Jumlah surat persetujuan substansi RTRW Kabupaten/Kota	Dokumen	Pemenuhan dokumen administrasi yang telah disesuaikan dengan hasil evaluasi dan masukan pada forum lintas sektor sehingga dapat diproses penerbitan persetujuan substansi
1.03.12.2.01.0006	Pelaksanaan Persetujuan Substansi RDTR Kabupaten/Kota	Terpenuhinya dokumen administrasi dan penyempurnaan dokumen hasil evaluasi dan masukan pada forum lintas sektor dalam rangka penerbitan persetujuan substansi	Jumlah dokumen administrasi persetujuan substansi RDTR Kabupaten/Kota	Dokumen	Pemenuhan dokumen administrasi yang telah disesuaikan dengan hasil evaluasi dan masukan pada forum lintas sektor sehingga dapat diproses penerbitan persetujuan substansi (Pasal 85 PP 21 Tahun 2021 dan Permen ATR/Ka.BPN 11 Tahun 2021)
1.03.12.2.01.0013	Sosialisasi Kebijakan dan Peraturan Perundang-Undangan Bidang Penataan Ruang	Terlaksananya sosialisasi kebijakan dan peraturan perundang-undangan bidang penataan ruang.	Jumlah laporan sosialisasi kebijakan dan peraturan perundang-undangan bidang penataan ruang.	Laporan	Pelaksanaan kegiatan dalam rangka memberikan pemahaman kepada pemangku kepentingan tentang substansi pengaturan bidang penataan ruang melalui tatap muka/media elektronik/media cetak/media lainnya
1.03.12.2.02.0005	Penyusunan RDTR Kabupaten/Kota	Tersedianya materi teknis dan ranperkada RDTR Kabupaten/Kota sesuai dengan pedoman	Jumlah materi teknis dan ranperkada RDTR Kabupaten/Kota	Dokumen	Penyusunan materi teknis dan ranperda RDTR Kabupaten/Kota merujuk pada Permen ATR/Ka BPN 11 Tahun 2021 Lampiran I Tata Cara Penyusunan dan Muatan RDTR Kabupaten/Kota. Jangka waktu penyusunan dibatasi paling lama 8 bulan, terhitung sejak pelaksanaan penyusunan RDTR.
1.03.12.2.03.0005	Pelaksanaan Sinkronisasi Program Pemanfaatan Ruang	Tersedianya dokumen Sinkronisasi Program Pemanfaatan Ruang	Jumlah dokumen sinkronisasi program pemanfaatan ruang	Dokumen	"Pelaksanaan sinkronisasi program pentaan ruang dilakukan dengan menyelaraskan indikasi program utama dalam rencana tata ruang dengan program sektoral dan kewilayahan dalam dokumen rencana pembangunan secara terpadu. Dokumen sinkronisasi program pemanfaatan ruang terdiri dari jangka menengah (5 tahunan) dan jangka pendek (1 tahunan).

(Pasal 144 dan Pasal 145 PP 21 Tahun 2021, Permen ATR/Ka BPN 15 Tahun 2021)"
1.03.12.2.04.0004	Koordinasi Pelaksanaan Penataan Ruang	Pelaksanaan Koordinasi Pelaksanaan Penataan Ruang	Jumlah Dokumen Koordinasi Pelaksanaan Penataan Ruang	Dokumen	"Pelaksanaan koordinasi penataan ruang diantaranya melalui Forum Penataan Ruang Daerah 
(Permen ATR Nomor 9 Tahun 2022)"
1.03.01.2.01.0006	Koordinasi dan Penyusunan Laporan Capaian Kinerja dan Ikhtisar Realisasi Kinerja SKPD				
1.03.01.2.02.0001	Penyediaan Gaji dan Tunjangan ASN				
1.03.01.2.02.0003	"Pelaksanaan Penatausahaan dan

Pengujian/Verifikasi Keuangan SKPD"				
1.03.01.2.05.0009	Pendidikan dan Pelatihan Pegawai Berdasarkan Tugas dan Fungsi				
1.03.01.2.06.0002	Penyediaan Peralatan dan Perlengkapan Kantor				
1.03.01.2.06.0004	Penyediaan Bahan Logistik Kantor				
1.03.01.2.07.0006	Pengadaan Peralatan dan Mesin Lainnya				
1.03.01.2.07.0011	Pengadaan Sarana dan Prasarana Pendukung Gedung Kantor atau Bangunan Lainnya				
1.03.01.2.08.0002	Penyediaan Jasa Komunikasi, Sumber Daya Air dan Listrik				
1.03.01.2.08.0004	Penyediaan Jasa Pelayanan Umum Kantor				
1.03.01.2.09.0001	Penyediaan Jasa Pemeliharaan, Biaya Pemeliharaan, dan Pajak Kendaraan Perorangan Dinas atau Kendaraan Dinas Jabatan				
1.03.01.2.09.0002	Penyediaan Jasa Pemeliharaan, Biaya Pemeliharaan, Pajak dan Perizinan Kendaraan Dinas Operasional atau Lapangan				
1.03.01.2.09.0010	Pemeliharaan/Rehabilitasi Sarana dan Prasarana Gedung Kantor atau Bangunan Lainnya				
1.04.02.2.01.0002	Identifikasi Lahan-Lahan Potensial sebagai Lokasi Relokasi Perumahan	Tersusunnya Dokumen Data Lahan Potensial Sebagai Lokasi Relokasi Perumahan	Jumlah Dokumen Data Identifikasi Lahan yang Potensial Sebagai Lokasi Relokasi Perumahan	Dokumen	Penyusunan dokumen pemetaan lahan potensial yang aman/memiliki tingkat risiko bencana rendah sesuai dengan peta rawan bencana daerah dan sesuai dengan peruntukan lahannya berdasarkan peta pola pemanfaatan ruang serta mempertimbangkan aspek ekonomi dan sosial. Lahan potensial adalah lahan yang akan dimanfaatkan sebagai lokasi relokasi perumahan akibat bencana atau terkena relokasi program pemerintah.
1.04.02.2.01.0003	Pengumpulan Data Rumah Korban Bencana Kejadian Sebelumnya yang Belum Tertangani	Tersusunnya Dokumen Data Rumah Korban Bencana Kabupaten/Kota Kejadian Sebelumnya yang Belum Tertangani	Jumlah Dokumen Data Rumah Korban Bencana Kabupaten/Kota Kejadian Sebelumnya yang Belum Tertangani	Dokumen	Data rumah terkena bencana yang dimaksud adalah data rumah yang belum tertangani pada tahun sebelumnya sampai dengan n-3. Perlu dilakukan verifikasi kolaborasi penanganan/pengumpulan data dengan BPBD.
1.04.02.2.01.0009	Identifikasi Perumahan di Lokasi Rawan Bencana Kabupaten/Kota	Tersusunnya Dokumen Data Rumah di Lokasi Rawan Bencana Kabupaten/Kota	Jumlah Dokumen Data Rumah di Lokasi Rawan Bencana Kabupaten/Kota	Dokumen	"Identifikasi perumahan di lokasi rawan bencana adalah penyusunan dokumen data yang paling sedikit memuat lokasi, jumlah rumah, luas dan kondisi rumah di lokasi rawan bencana.
Lokasi rawan bencana adalah lokasi yang dipetakan berdasarkan peta rawan bencana daerah yang dioverlay dengan peta sebaran perumahan."
1.04.02.2.02.0010	Sosialisasi tentang Mekanisme Penggantian Hak atas Tanah dan/atau Bangunan	Tersosialisasinya Mekanisme Penggantian Hak atas Tanah dan/atau Bangunan	Jumlah Orang yang Mengikuti Sosialisasi Tentang Mekanisme Penggantian Hak atas Tanah dan/atau Bangunan	Orang	Mekanisme Penggantian Hak Atas Tanah dan/atau Bangunan adalah tata cara pelaksanaan fasilitasi Penggantian Hak Atas Tanah dan/atau Bangunan kepada penerima layanan yang telah terverifikasi.
1.04.02.2.03.0011	Pembangunan Rumah Khusus beserta PSU bagi Masyarakat yang Terkena Relokasi Program Kabupaten/Kota	Terbangunnya Rumah Khusus beserta PSU bagi Masyarakat yang Terkena Relokasi Progaram Kabupaten/Kota	Jumlah Rumah Khusus beserta PSU bagi Masyarakat yang Terkena Relokasi Program Kabupaten/Kota	Unit Rumah	Penyediaan rumah khusus adalah  pembangunan rumah khusus yang berbentuk rumah tunggal dan rumah deret dengan tipologi berupa rumah tapak atau rumah panggung berserta prasarana, sarana, dan utilitas umum. Penerima manfaat adalah masyarakat yang terkena dampak program pembangunan pemerintah kabupaten/kota, yang merupakan masyarakat yang harus meninggalkan tempat tinggal asalnya akibat dampak program atau kegiatan pembangunan pemerintah kabupaten/kota.
1.04.03.2.01.0004	Koordinasi dan Sinkronisasi Penyelenggaraan Kawasan Permukiman	Terlaksananya Koordinasi dan Sinkronisasi Penyelenggaraan Kawasan Permukiman	Jumlah Laporan Hasil Koordinasi dan Sinkronisasi Penyelenggaraan Kawasan Permukiman	Laporan	Aktivitas meliputi koordinasi dengan pemerintah pusat dan/atau pemerintah provinsi yang terkait dengan pembangunan dan pengembangan kawasan permukiman termasuk penanganan kumuh. Mulai dari perencanaan hingga penerapan, termasuk kesesuaian terhadap perizinan, standar teknis, dan kelaikan fungsi dari bangunan, prasarana, sarana, dan utilitas serta advokasi kebijakan dan pendampingan penyelenggaraan peningkatan kualitas dan pencegahan berkembangnya perumahan kumuh dan permukiman kumuh. Koordinasi dapat horisontal dan vertikal yang meliputi stakeholder pemerintah/swasta/masyarakat
1.04.03.2.02.0008	Penyusunan/Review/Legalisasi Kebijakan Bidang PKP	Tersusun/Tereview/Terlegalisasinya Kebijakan Bidang PKP	Jumlah Dokumen Kebijakan Bidang PKP yang Tersusun/Tereview/Terlegalisasi	Dokumen	Kebijakan Bidang PKP antara lain adalah Dokumen RKP, RP3KP, Perda Kumuh, Dokumen RP2KPKP, Dokumen RP2KPKPK, SK Kumuh, Kajian Kemudahan Perizinan dan Non Perizinan untuk Pembangunan Perumahan, Kajian Insentif Pajak untuk Pembangunan Perumahan, ketentuan lingkungan hunian berimbang, dan dokumen lain yang mendukung pembangunan dan pengembangan bidang perumahan dan kawasan permukiman. Aktivitas di dalamnya meliputi kegiatan penyusunan, review, legalisasi, sampai dengan sosialisasi/diseminasi, dengan melibatkan partisipasi penyandang disabilitas dan Organisasi Penyandang Disabilitas (OPDis)
1.04.03.2.03.0002	Perbaikan Rumah Tidak Layak Huni	Terlaksananya Perbaikan Rumah Tidak Layak Huni	Jumlah Rumah Tidak Layak Huni yang Diperbaiki	Unit Rumah	"Perbaikan Rumah Tidak Layak Huni sehingga memenuhi 4 Kriteria Rumah Layak Huni. Termasuk pendukung: Fasilitasi kemitraan antara pengembang, komunitas, perbankan dan lembaga lainnya.

Dalam pelaksanaan subkegiatan harus disertai pendampingan oleh Tenaga Pendamping untuk memastikan bantuan tepat sasaran, tepat waktu, dan pembangunan rumah sesuai dengan ketentuan teknis."
1.04.03.2.03.0004	Koordinasi dan Sinkronisasi Pengendalian Penyelenggaraan Pemugaran/Peremajaan Permukiman Kumuh	Terlaksananya Koordinasi dan Sinkronisasi Pengendalian Penyelenggaraan Pemugaran/Peremajaan Permukiman Kumuh	Jumlah Laporan Hasil Koordinasi dan Sinkronisasi Pengendalian Penyelenggaraan Pemugaran/Peremajaan Permukiman Kumuh	Laporan	Dilakukan dalam rangka mempertahankan dan menjaga kualitas kawasan permukiman kumuh yang telah dipugar/diremajakan secara berkelanjutan.
1.04.03.2.03.0007	Pendataan dan Verifikasi Penyelenggaraan Kawasan Permukiman Kumuh	Terlaksananya Pendataan dan Verifikasi Kawasan Permukiman Kumuh	Jumlah Dokumen Data Permukiman Kumuh yang Terverifikasi	Dokumen	Pendataan, pemutakhiran, dan verifikasi data lokasi dan deliniasi kawasan permukiman kumuh, warga by name by address, jumlah dan kondisi rumah, serta prasarana, sarana, dan utilitas umum di kawasan permukiman kumuh
1.04.03.2.03.0009	Pelaksanaan Peremajaan Kawasan Permukiman Kumuh	Terlaksananya Peremajaan Kawasan Permukiman Kumuh	Luas Kawasan Permukiman Kumuh yang Diremajakan	Ha	Peremajaan dilakukan melalui perombakan dan penataan mendasar secara menyeluruh meliputi rumah dan Prasarana, Sarana, dan Utilitas Umum Perumahan dan Permukiman dengan terlebih dahulu menyediakan tempat tinggal sementara bagi masyarakat terdampak. Pola penanganan ini dilakukan pada kawasan permukiman kumuh sesuai dengan kewenangan yang memiliki klasifikasi kekumuhan berat dan sedang dengan status tanah legal. Digunakan untuk mengakomodir layanan sbb: (1) Sosialisasi terhadap masyarakat terdampak, (2) Biaya pembongkaran bangunan eksisting, (3) Penyusunan Rencana Tapak (Site Plan) dan Detail Engineering Design (DED), (4)Perencanaan Konsolidasi Tanah. (5) Revitalisasi rumah susun, (6) Studi kelayakan proyek dan pemenuhan perizinan termasuk Dokumen Lingkungan, (7) Koordinasi dalam proses Sertifikasi tanah, (8) Penyediaan kompensasi bagi masyarakat, serta (9) Perombakan dan Penataan Rumah dan PSU, dalam rangka Peremajaan Kawasan Permukiman Kumuh dengan Luas Kurang dari 10 (Sepuluh) Ha.
1.04.04.2.01.0001	Perbaikan Rumah Tidak Layak Huni untuk Pencegahan Terhadap Tumbuh dan Berkembangnya Permukiman Kumuh di Luar Kawasan Permukiman Kumuh dengan Luas di Bawah 10 (Sepuluh) Ha	Terlaksananya Perbaikan Rumah Tidak Layak Huni untuk Pencegahan Terhadap Tumbuh dan Berkembangnya Permukiman Kumuh di Luar Kawasan Permukiman Kumuh dengan Luas di Bawah 10 (Sepuluh) Ha	Jumlah Rumah Tidak Layak Huni untuk Pencegahan Terhadap Tumbuh dan Berkembangnya Permukiman Kumuh di Luar Kawasan Permukiman Kumuh dengan Luas di Bawah 10 (Sepuluh) Ha yang Diperbaiki	Unit Rumah	"Perbaikan Rumah Tidak Layak Huni sehingga memenuhi 4 Kriteria Rumah Layak Huni dalam rangka pencegahan kumuh daerah.

Dalam pelaksanaan subkegiatan harus disertai pendampingan oleh Tenaga Pendamping untuk memastikan bantuan tepat sasaran, tepat waktu, dan pembangunan rumah sesuai dengan ketentuan teknis."
1.04.05.2.01.0003	Koordinasi dan Sinkronisasi dalam rangka Penyediaan Prasarana, Sarana, dan Utilitas Umum Perumahan	Terlaksananya Koordinasi dan Sinkronisasi dalam rangka Penyediaan Prasarana, Sarana, dan Utilitas Umum Perumahan	Jumlah Laporan Hasil Koordinasi dan Sinkronisasi dalam rangka Penyediaan Prasarana, Sarana, dan Utilitas Umum Perumahan	Laporan	Kegiatan koordinasi dan sinkronisasi dalam perencanaan, penyediaan/perbaikan, pemrograman dan penganggaran dalam pemenuhan standar, serah terima, pemeliharaan dan pengelolaan PSU perumahan.
1.04.05.2.01.0010	Verifikasi dan Penyerahan PSU Perumahan dari Pengembang	Terlaksananya Verifikasi dan Penyerahan PSU Perumahan dari Pengembang	Jumlah Laporan Hasil Serah Terima PSU Perumahan yang Terverifikasi dari Pengembang	Laporan	Kegiatan pemeriksaan lahan, penilaian kondisi fisik PSU, dan penyiapan dokumen administrasi, proses serah terima aset, pencatatan BMD, pelaporan.
1.04.05.2.01.0012	Penyediaan Prasarana, Sarana, dan Utilitas Umum di Perumahan	Tersedianya Prasarana, Sarana, dan Utilitas Umum di Perumahan	Jumlah Lokasi Perumahan yang Disediakan Prasarana, Sarana, dan Utilitas Umum	Lokasi	"Kegiatan survey dan pemeriksaan kondisi eksisting, pematangan lahan, perencanaan dan DED, pengadaan barang/jasa, pelaksanaan konstruksi pembangunan PSU perumahan, serah terima. Dalam pelaksanaan subkegiatan ini dapat dilakukan fasilitasi pendampingan peningkatan PSU di lokasi permukiman yang memanfaatkan Dana CSR.

PSU Perumahan adalah PSU yang melayani satu lingkungan perumahan yang terintegrasi dengan sistem atau jaringan perkotaan. Yang termasuk PSU Perumahan adalah 1) Prasarana perumahan antara lain: a. jaringan jalan, b. jaringan saluran pembuangan air hujan atau drainase, c. penyediaan air minum, d. saluran pembuangan air limbah atau sanitasi, dan e. prasarana dan sarana 2) Sarana perumahan antara lain: a. sarana perniagaan, b. sarana pelayanan umum, c. sarana pendidikan, d. sarana peribadatan, e. sarana sosial, f. sarana rekreasi dan olah raga, g. sarana tempat bermain, h. sarana pertamanan dan ruang terbuka, dan i. sarana 3) Utilitas perumahan antara lain: a. jaringan listrik, b. jaringan air, c. jaringan gas, d. jaringan telekomunikasi, e. jaringan, f. pemadam kebakaran, dan g. sarana penerangan jalan umum. Perumahan adalah kawasan dengan jumlah rumah sekurang-kurangnya 15 (lima belas) sampai dengan 1000 (seribu) rumah."
1.04.06.2.01.0001	Koordinasi dan Sinkronisasi Penerbitan Sertifikasi dan Registrasi Pengembang Perumahan dengan Kualifikasi Kecil	Terlaksananya Koordinasi dan Sinkronisasi Penerbitan Sertifikasi dan Registrasi Pengembang Perumahan dengan Kualifikasi Kecil	Jumlah Laporan Hasil Koordinasi dan Sinkronisasi Penerbitan Sertifikasi dan Registrasi Pengembang Perumahan dengan Kualifikasi Kecil	Laporan	"Aktivitas meliputi pembinaan kepada pengembang perumahan dengan kualifikasi kecil, pendataan asosiasi dan pengembang perumahan, pemantauan pembangunan perumahan (kualitas bangunan) yang dibangun pengembang dan aktivitas lain yang mendukung koordinasi dan sinkronisasi penerbitan sertifikasi dan registrasi pengembang perumahan dengan kualifikasi kecil.

Sertifikasi pengembang perumahan adalah proses penilaian atas kemampuan usaha di bidang pembangunanan perumahan dan kawasan permukiman.
Registrasi asosiasi pengembang perumahan adalah pencatatan dan pemberian tanda registrasi kepada asosiasi pengembang perumahan yang telah dinyatakan terakreditasi."
1.04.01.2.01.0006	Koordinasi dan Penyusunan Laporan Capaian Kinerja dan Ikhtisar Realisasi Kinerja SKPD				
1.04.01.2.01.0007	Evaluasi Kinerja Perangkat Daerah				
1.04.01.2.02.0001	Penyediaan Gaji dan Tunjangan ASN				
1.04.01.2.02.0003	"Pelaksanaan Penatausahaan dan

Pengujian/Verifikasi Keuangan SKPD"				
1.04.01.2.06.0002	Penyediaan Peralatan dan Perlengkapan Kantor				
1.04.01.2.06.0004	Penyediaan Bahan Logistik Kantor				
1.04.01.2.07.0011	Pengadaan Sarana dan Prasarana Pendukung Gedung Kantor atau Bangunan Lainnya				
1.04.01.2.08.0002	Penyediaan Jasa Komunikasi, Sumber Daya Air dan Listrik				
1.04.01.2.08.0004	Penyediaan Jasa Pelayanan Umum Kantor				
1.04.01.2.09.0002	Penyediaan Jasa Pemeliharaan, Biaya Pemeliharaan, Pajak dan Perizinan Kendaraan Dinas Operasional atau Lapangan				
1.04.01.2.09.0010	Pemeliharaan/Rehabilitasi Sarana dan Prasarana Gedung Kantor atau Bangunan Lainnya				
2.10.10.2.01.0001	Koordinasi dan Sinkronisasi Perencanaan Penggunaan Tanah	Terlaksananya Kegiatan Koordinasi dan Sinkronisasi Perencanaan Penggunaan Tanah dalam 1 (Satu) Kabupaten/Kota	Jumlah Laporan Koordinasi dan Sinkronisasi Perencanaan Penggunaan Tanah dalam 1 (Satu) Kabupaten/Kota	Laporan	"1. Pemerintah Daerah memberikan data usulan potensi lokasi indikatif kepada Kementerian/Lembaga yang mempunyai tugas dan fungsi penataan penggunaan tanah.

2. Pemerintah Daerah menindaklanjuti hasil rekomendasi dari Kementerian/Lembaga yang mempunyai tugas dan fungsi  penataan penggunaan tanah.

3. Koordinasi dan Sinkronisasi Perencanaan Penggunaan Tanah lingkup Kecamatan dalam 1 (satu) Kabupaten/Kota"
2.11.02.2.01.0002	Pengendalian Pelaksanaan RPPLH Kabupaten/Kota	Tersedianya Dokumen Telaahan Kebijakan yang Telah Mengakomodir RPPLH Kabupaten/Kota	Jumlah Dokumen Telaahan Kebijakan yang Telah Mengakomodir RPPLH Kabupaten/Kota	Dokumen	Pemda melakukan kajian telaahan terhadap RPPLH yang telah disusun untuk menjadi rujukan/rekomendasi dalam penyusunan kebijakan, rencana, proyek, program dan dokumen/kebijakan daerah lainnya sesuai dengan kewenangannya
2.11.02.2.01.0003	Penetapan RPPLH Kabupaten/Kota	RPPLH kabupaten/kota yang ditetapkan	Dokumen RPPLH kabupaten/kota yang di tetapkan	Dokumen	proses kegiatan penetapan RPPLH hingga Perda disahkan
2.11.02.2.01.0006	Penyusunan RPPLH Kabupaten/Kota	RPPLH  kabupaten/kota yang disusun	jumlah dokumen RPPLH di kabupaten/kota  yang berisi arahan/muatan RPPLH kabupaten/kota dan mengakomodir arahan RPPLH Provinsi	Dokumen	"Penyusunan muatan/analisis RPPLH, terdiri dari rencana tentang: 
a. Pemanfaatan dan/atau pencadangan sumber daya 
b. Pemeliharaan dan perlindungan kualitas dan/atau fungsi lingkungan 
c. Pengendalian, pemantauan, serta pendayagunaan dan pelestarian sumber daya  dan
d. adaptasi dan mitigasi terhadap perubahan iklim."
2.11.02.2.02.0002	Pembuatan dan Pelaksanaan KLHS RPJPD/RPJMD	Tersusunnya KLHS RPJPD/RPJMD Kabupaten/Kota	Jumlah Dokumen KLHS RPJPD/RPJMD Kabupaten/Kota yang Disusun	Dokumen	Proses pembuatan dan pelaksanaan KLHS RPJPD/RPJMD dimulai n-1 dan selesai sebelum Rancangan Awal RPJPD/RPJMD Pembuatan dan Pelaksanaan KLHS RPJPD/ RPJMD terdiri dari : 1. Pembentukan Tim pembuat KLHS RPJPD/ RPJMD 2. Pengkajian Pembangunan Berkelanjutan 3. Perumusan Skenario Pembangunan Berkelanjutan 4. Penjaminan kualitas , pendokumentasian dan validasi KLHS RPJPD/RPJMD 5. verifikasi pengintegrasian KLHS RPJPD/RPJMD ke dalam dokumen RPJPD/RPJMD
2.11.03.2.01.0001	Koordinasi, Sinkronisasi, dan Pelaksanaan Pencegahan Pencemaran Lingkungan Hidup Dilaksanakan Terhadap Media Tanah, Air, Udara, dan Laut	Tersusunnya Dokumen Uji Kualitas Lingkungan Hidup Dilaksanakan Terhadap Media Tanah, Air, Udara, dan Laut	Jumlah Dokumen Uji Kualitas Lingkungan Hidup Dilaksanakan Terhadap Media Tanah, Air, Udara, dan Laut	Dokumen	Melakukan uji kualitas lingkungan (udara, air, air laut, tutupan lahan). Yang akan di tinjut dengan penyusunan dokumen indikator kualitas lingkungan (IKLH & IKLHD)
2.11.03.2.01.0002	Koordinasi, Sinkronisasi dan Pelaksanaan Pengendalian Emisi Gas Rumah Kaca, Mitigasi dan Adaptasi Perubahan Iklim	Terlaksananya Koordinasi, Sinkronisasi dan Pelaksanaan Pengendalian Emisi Gas Rumah Kaca, Mitigasi dan Adaptasi Perubahan Iklim	Jumlah Dokumen Hasil Koordinasi dan Sinkronisasi Inventarisasi Gas Rumah Kaca dari Sektor Lingkungan Hidup yang Dilaksanakan	Dokumen	Kegiatan koordinasi dan sinkronisasi untuk Inventarisasi GRK, mitigasi dan adaptasi perubahan iklim dari sektor lingkungan hidup pada wilayah kabupaten/kota yang dilaksanakan oleh penanggungjawab usaha/kegiatan, masyarakat, dan/atau yang menjadi kewenangan kabupaten/kota di tingkat kabupaten/kota untuk dilaporkan dalam Sistem Registrasi Nasional (SRN) PPI kabupaten/kota
2.11.04.2.01.0004	Pengelolaan Ruang Terbuka Hijau (RTH)	Ruang Terbuka Hijau (RTH) yang Dikelola	Luas RTH yang Dikelola Lingkup Kewenangan Kabupaten/Kota	Ha	Seluruh kegiatan yang terkait dengan  Pengelolaan RTH
2.11.06.2.01.0001	Fasilitasi Pemenuhan Ketentuan dan Kewajiban Izin Lingkungan dan/atau Izin PPLH	Kegiatan Fasilitasi Rekomendasi dan/atau Pemenuhan Ketentuan Persetujuan Teknis, Persetujuan Lingkungan, dan Surat Kelayakan Operasi yang Diberikan	Jumlah Rekomendasi dan/atau Persetujuan Teknis, Persetujuan Lingkungan, dan Surat Kelayakan Operasi yang Diberikan	Dokumen	Jumlah fasilitasi rekomendasi/persetujuan/izin lingkungan, persetujuan teknis dan surat kelayakan operasi yang dilaksanakan melalui sistem pelayanan perizinan berusaha terintegrasi secara elektronik
2.11.06.2.01.0010	Pengawasan Perizinan Berusaha atau Persetujuan Pemerintah terkait Persetujuan Lingkungan yang diterbitkan oleh Pemerintah Daerah Kabupaten/Kota dan Peraturan Perundang-undangan di bidang Perlindungan dan Pengelolaan Lingkungan Hidup	Seluruh Perizinan Berusaha atau Persetujuan Pemerintah terkait Persetujuan Lingkungan yang diterbitkan oleh Pemerintah Daerah Kabupaten/Kota yang diawasi	Jumlah Badan usaha dan/atau kegiatan yang diawasi	Usaha/Kegiatan	Pelaksanaan pengawasan ketaatan kewajiban dalam Persetujuan Lingkungan dan Peraturan Perundang-undangan oleh usaha dan/atau kegiatan termasuk Pengendalian Pencemaran Air, Pengendalian Pencemaran Udara, Pengelolaan Limbah B3, Pengelolaan B3, Pengelolaan Sampah dan Limbah Non B3
2.11.08.2.01.0002	Pendampingan Gerakan Peduli Lingkungan Hidup	Terlaksananya Pendampingan Pembinaan Gerakan Peduli dan Berbudaya Lingkungan Hidup	Jumlah Pendampingan Pembinaan Gerakan Peduli dan Berbudaya Lingkungan Hidup yang Dilaksanakan	Dokumen	Upaya Pengembangan Generasi Lingkungan (PGL) yang merupakan upaya penumbuhan dan peningkatan pengetahuan, keterampilan, sikap dan perilaku untuk peduli dan berbudaya lingkungan dengan ciri utama kelestarian, keberlanjutan melalui pendampingan, penyuluhan, pemagangan, pembentukan dan pemberdayaan kader.
2.11.08.2.01.0005	Peningkatan Kapasitas dan Kompetensi Sumber Daya Manusia Bidang lingkungan hidup untuk Lembaga pendidikan formal/lembaga masyarakat/komunitas/kelompok masyarakat	Meningkatnya jumlah lembaga pendidikan formal/lembaga masyarakat/komunitas/kelompok masyarakat  yang peduli dan berbudaya lingkungan hidup skala kabupaten/kota yang terdaftar di kabupaten/kota yang ditingkatkan kapasitas dan Kompetensi SDM nya	Jumlah lembaga pendidikan formal/lembaga masyarakat/komunitas/kelompok masyarakat yang meningkat kapasitas dan kompetensinya terkait PPLH	Lembaga	Peningkatan kapasitas dan kompetensi bidang lingkungan hidup yaitu Pengembangan  Generasi Lingkungan (PGL) yang merupakan upaya penumbuhan dan peningkatan pengetahuan, keterampilan, sikap dan perilaku untuk peduli dan berbudaya lingkungan dengan ciri utama kelestarian dan keberlanjutan. Jumlah lembaga masyarakat/komunitas serta Generasi Peduli dan Berbudaya Lingkungan Hidup yang dihitung pada tahun berjalan yaitu telah memenuhi kriteria umum dan khusus sasaran PGL
2.11.09.2.01.0001	Penilaian Kinerja Masyarakat/Lembaga Masyarakat/Dunia Usaha/Dunia Pendidikan/Filantropi dalam Perlindungan dan Pengelolaan Lingkungan Hidup	Terlaksananya Penilaian Kinerja Masyarakat/Lembaga Masyarakat/Dunia Usaha/Dunia Pendidikan/Filantropi dalam Perlindungan dan Pengelolaan Lingkungan Hidup	Jumlah Masyarakat/Lembaga Masyarakat/Dunia Usaha/Dunia Pendidikan/Filantrophi yang Dinilai Kinerjanya dalam rangka PPLH	Entitas	Pelaksanaan penilaian kegiatan kinerja masyarakat/lembaga masyarakat/dunia usaha/dunia pendidikan/filantropi dalam rangka penghargaan lingkungan hidup dan PPLH
2.11.11.2.01.0004	Peningkatan Peran Serta Masyarakat dalam Pengelolaan Persampahan	Meningkatnya Pemahaman, Kesadaran, Kepedulian, dan Peran Aktif Masyarakat dan Para Pihak Lainnya dalam Pengelolaan Sampah	Jumlah Masyarakat, Kelompok Masyarakat atau Para Pihak Lainnya yang Terlibat Aktif dalam Kegiatan Pengelolaan Sampah Berbasis Masyarakat	Kelompok	pelaksanaan peningkatan  pemahaman, kesadaran, kepedulian, dan peran aktif masyarakat dan para pihak lainnya dalam pengelolaan sampah melalui kegiatan sosialisasi, edukasi, penyuluhan, pengawasan, pembinaan dan pemantauan terhadap masyarakat, kelompok masyarakat atau para pihak lainnya
2.11.11.2.01.0005	Koordinasi dan Sinkronisasi Penyediaan Prasarana dan Sarana Pengelolaan Persampahan	Terlaksananya Koordinasi dan Sinkronisasi Penyediaan Prasarana dan Sarana Bersama Pemerintah Pusat, Provinsi maupun Pihak Lain di Luar Kabupaten/Kota untuk Pengelolaan Sampah Kabupaten/Kota. Pengelolaan Persampahan Sesuai dengan Rencana Induk Pengelolaan Sampah dan Mengacu pada Jakstrada	Jumlah Dokumen Hasil Koordinasi dan Sinkronisasi Penyediaan Prasarana dan Sarana Bersama Pemerintah Pusat, Provinsi maupun Pihak Lain di Luar Kabupaten/Kota untuk Pengelolaan Sampah Kabupaten/Kota. Pengelolaan Persampahan Sesuai dengan Rencana Induk Pengelolaan Sampah dan Mengacu pada Jakstrada	Dokumen	melakukan fasilitasi pelaksanaan pertemuan koordinasi dan sinkronisasi dalam rangka penyediaan sarana dan prasarana  pengelolaan sampah dengan Pemerintah Pusat, Provinsi maupun pihak lain di luar kabupaten/kota sesuai dengan Rencana Induk Pengelolaan Sampah dan mengacu pada Jakstrada
2.11.11.2.01.0018	Pengurangan sampah melalui  pembatasan timbulan sampah	Kegiatan pengurangan sampah melalui pembatasan timbulan sampah yang dilaksanakan	Jumlah laporan hasil kegiatan pengurangan sampah melalui pembatasan timbulan sampah	Laporan	Semua kegiatan untuk mendorong pelaksanaan pengurangan sampah melalui pembatasan timbulan sampah  (baik dilakukan melalui penyusunan kebijakan, penyuluhan, pencatatan, dan monitoring serta evaluasi)
2.11.11.2.01.0020	Penanganan sampah melalui pemrosesan  akhir sampah di TPA/TPST kabupaten/kota atau TPA/TPST Regional	Sampah yang tertangani melalui pemrosesan akhir sampah di TPA/TPST kabupaten/kota atau TPA/TPST Regional	jumlah sampah yang tertangani melalui pemrosesan akhir sampah di TPA/TPSTkabupaten/kota atau TPA/TPST Regional	Ton	Semua kegiatan terkait pemrosesan akhir sampah di  TPA/TPST kabupaten/kota atau TPA/TPST Regional
1.05.02.2.01.0003	Koordinasi Penyelenggaraan Ketentraman dan Ketertiban Umum serta Perlindungan Masyarakat Tingkat Kabupaten/Kota	Tersedianya Dokumen Hasil Pelaksanaan Koordinasi Penyelenggaraan Ketenteraman, Ketertiban Umum dan Perlindungan Masyarakat Tingkat Kabupaten/Kota	Jumlah Dokumen Hasil Pelaksanaan Koordinasi Penyelenggaraan Ketenteraman, Ketertiban Umum dan Perlindungan Masyarakat Tingkat Kabupaten/Kota	Dokumen	Dokumen Hasil Pelaksanaan Koordinasi Penyelenggaraan Ketenteraman, Ketertiban Umum dan Perlindungan Masyarakat adalah merupakan dokumen hasil kegiatan yang diselenggarakan Satpol PP yang menjadikan Pemerintah Pusat, Pemda dan Masyarakat dapat melakukan kegiatan dalam situasi dan kondisi yang tenteram, tertib dan teratur sesuai dengan kewenangannya untuk  penegakan Perda dan Perkada      Penyelenggaraan Ketenteraman, Ketertiban Umum dan Perlindungan Masyarakat Tingkat Provins
1.05.02.2.01.0004	Pemberdayaan Perlindungan Masyarakat dalam rangka Ketentraman dan Ketertiban Umum	Tersedianya Dokumen yang Memuat Hasil Pemberdayaan Perlindungan Masyarakat dalam rangka Ketenteraman dan Ketertiban Umum	Jumlah Dokumen yang Memuat Hasil Pemberdayaan Perlindungan Masyarakat dalam rangka Ketenteraman dan Ketertiban Umum	Dokumen	Laporan Hasil yang memuat peningkatan peran dan eksistensi Satlinmas dalam Penyelenggaraan Ketenteraman dan Ketertiban Umum meliputi pelibatan dalam kegiatan trantibum (patroli, deteksi dini, cegah dini, pengawalan, pengaman, patroli, penanganan unjuk rasa, bimbingan dan penyuluhan), posko Satlinmas, dan Jambore Satlinmas
1.05.02.2.01.0014	Peningkatan Kapasitas SDM Satuan Polisi Pamong Praja dan Satlinmas melalui Pelatihan Teknis Satpol PP dan Satlinmas	Meningkatnya Kapasitas SDM Satuan Polisi Pamong Praja dan Satlinmas melalui Pelatihan Teknis Satpol PP dan Satlinmas	Jumlah anggota Satpol PP dan Satlinmas yang ditingkatkan kapasitas SDMnya melalui Pelatihan Teknis Satpol PP dan Satlinmas	Orang	"Aparatur Satpol PP Provinsi dan lintas Kab/Kota yang mengikuti Pelatihan Teknis Satpol PP antara lain :
1. Deteksi dini dan cegah dini
2. Pembinaan dan penyuluhan penegakkan perda dan perkada
3. Teknik pengawalan, pengamanan dan patroli
4. Teknik penanganan unjuk rasa
5. Teknik penyelidikan dan penyidikan yustisi dan non yustisi
6. Teknik pemberkasan perkara
7. Teknik negoisasi dan mediasi
8. Teknik penyusunan perda dan perkada
9. Teknik mobilisasi Satlinmas"
1.05.02.2.01.0015	Pencegahan Gangguan Ketenteraman dan Ketertiban Umum Melalui Deteksi Dini dan Cegah Dini, Pembinaan dan Penyuluhan, Pelaksanaan Patroli, Pengamanan, dan Pengawalan	Terlaksananya Pencegahan Gangguan Ketenteraman dan Ketertiban Umum Melalui Deteksi Dini dan Cegah Dini, Pembinaan dan Penyuluhan, Pelaksanaan Patroli, PengamTerlaksananya Pencegahan Gangguan Ketenteraman dan Ketertiban Umum Melalui Deteksi Dini dan Cegah Dini, Pembinaan dan Penyuluhan, Pelaksanaan Patroli, Pengamanan, dan Pengawalananan, dan Pengawalan	Jumlah  Laporan Gangguan Ketenteraman dan Ketertiban Umum yang Dicegah Melalui Deteksi Dini dan Cegah Dini, Pembinaan dan Penyuluhan, Patroli, Pengamanan, dan Pengawalan	laporan	Laporan Gangguan Ketenteraman dan ketertiban umum merupakan laporan hasil tidakan yang dilakukan terhadap Suatu Kondisi Yang Tidak Teratur yang  Disebabkan Oleh Tidak Taatnya Kepada Hukum, Norma Serta Kesepakatan umum, yang dilakukan melalui Deteksi Dini dan Cegah Dini, Pembinaan dan Penyuluhan, Pelaksanaan Patroli, Pengamanan, dan Pengawalan
1.05.02.2.01.0017	Penyediaan Layanan dasar dalam rangka Dampak Penegakan Peraturan Daerah dan Perturan kepala daerah	Tersedianya Pelayanan dasar kepada warga negara yang terkena Dampak Penegakan Perda dan Perkada	Jumlah Laporan Penyediaan Layanan Dampak Penegakan Perda dan Perkada yang Terlayaniumlah Laporan pemberian pelayanan dasar kepada warga Layanan yang ter Dampak Penegakan Perda dan Perkada yang Terlayani	Laporan	Layanan Dampak Penegakan perda dan perkada merupakan jenis pelayanan dalam rangka penyediaan barang/jasa kebutuhan dasar yang berhak di peroleh Warga negara  yang terkena dampak Penegakan Perda dan Perkada
1.05.02.2.01.0018	Pengadaan dan Pemeliharaan Sarana dan Prasarana Ketentraman dan Ketertiban Umum	Tersedianya Sarana dan Prasarana Ketenteraman dan Ketertiban Umum	Jumlah Sarana dan Prasarana Ketenteraman dan Ketertiban Umum yang Tersedia	Unit	"Sarana dan Prasarana Ketenteraman dan Ketertiban Umum adalah fasilitas dan peralatan yang digunakan sebagai penunjang proses penyelenggaraan
ketertiban umum dan ketenteraman masyarakat serta penegakan Perda dan Perkada yang dilaksanakan oleh
Satpol PP."
1.05.02.2.02.0010	Sosialisasi Penegakan Peraturan Daerah dan Peraturan Kepala Daerah	Terlaksananya Sosialisasi Penegakan Peraturan Daerah dan Peraturan Kepala Daerah	Jumlah Laporan Hasil Pelaksanaan Sosialisasi Penegakan Peraturan Daerah dan Peraturan Kepala Daerah	Laporan	Kegiatan sosialisasi perda atau perkada kepada masyarakat, aparatur atau Badan Hukum dengan dasar Surat Keputusan atau Surat Perintah
1.05.02.2.02.0011	Penanganan  Atas Pelanggaran Peraturan Daerah dan Peraturan  Kepala daerah	Terlaksananya Penanganan  Atas Pelanggaran Peraturan Daerah dan Peraturan kepala daerah Sesuai SOP	Jumlah Laporan Pelaksanaan Penanganan  Atas Pelanggaran Peraturan Daerah dan Peraturan kepala daerah Sesuai SOP	Laporan	Kegiatan Penanganan kasus Pelanggaran Peraturan Daerah dan Peraturan Kepala Daerah Sesuai SOP
1.05.02.2.02.0012	Pengawasan Atas Kepatuhan Terhadap Pelaksanaan Peraturan Daerah dan Peraturan Kepala Daerah	TTerlaksananya Pengawasan yang Dilakukan Terhadap Kepatuhan Terhadap Pelaksanaan Peraturan Daerah dan Peraturan Kepala Daerah	Jumlah Laporan Hasil Pelaksanaan Pengawasan yang Dilakukan Terhadap Kepatuhan Terhadap Pelaksanaan Peraturan Daerah dan Peraturan Kepala Daerah	Laporan	Kegiatan  Pengawasan yang dilakukan sebagai pematauan terhadap Kepatuhan Pelaksanaan Peraturan Daerah dan Peraturan Kepala Daerah
1.05.02.2.03.0006	Pengembangan Kapasitas dan Karier PPNS	Terlaksananya Pengembangan dan Peningkatan Kapasitas Pejabat PPNS  Penegak Perda	Jumlah Laporan Hasil Pengembangan dan Peningkatan Kapasitas Pejabat PPNS  Penegak Perda	Laporan	Pengembangan kapasitas dan karier PPNS merupakan tindak lanjut atas pembentukan PPNS. Melalui kegiatan Diklat atau Bimtek dlm rangka Pengembangan dan Peningkatan Kapasitas, diharapkan PPNS memiliki kompetensi penyidik yang mumpuni sesuai kondisi lapangan
1.05.04.2.01.0001	Pencegahan Kebakaran dalam Daerah Kabupaten/Kota	Tersedianya Dokumen NSPM yang Berkaitan Dengan Pencegahan Kebakaran dalam Daerah Kabupaten/Kota Setiap Tahunnya	Jumlah Dokumen NSPM Pencegahan/Penanggulangan Kebakaran dalam Daerah Kabupaten/Kota Setiap Tahunnya	Dokumen	Pencegahan Kebakaran adalah kegiatan dalam rangka meminimalisir dampak kejadian kebakaran melalui kajian penyusunan dokumen NSPM yang dilakukan setiap tahun dengan satuan dokumen,  dan dilaksanakan oleh bidang yang menangani Pencegahan Kebakaran
1.05.04.2.01.0007	Pembinaan Aparatur Pemadam Kebakaran	Tersedianya Aparatur Pemadam Kebakaran yang Memiliki Sertifikasi Keterampilan Teknis dan Analisis dalam Pencegahan dan Penanggulangan Kebakaran	Jumlah Aparatur Pemadam Kebakaran yang Memiliki Sertifikasi Keterampilan Teknis dan Analis Dalam Pencegahan dan Penanggulangan Kebakaran	Orang	Pendidikan dan Pelatihan bagi Aparatur Pemadam Kebakaran dan Penyelamatan sesuai dengan Permendagri Nomor 16 Tahun 2009 tentang Standar Kualifikasi Aparatur Pemadam Kebakaran di Daerah
1.05.04.2.01.0017	Pengadaan Sarana dan Prasarana Pencegahan, Penanggulangan Kebakaran dan Alat Pelindung Diri	Tersedianya Sarana dan Prasarana Pencegahan, Penanggulangan Kebakaran dan Alat Pelindung Diri yang Sah dan Legal Sesuai Standar Teknis Terkait	Jumlah Sarana dan Prasarana Untuk Pencegahan dan Penanggulangan Kebakaran dan Alat Pelindung Diri yang Sah dan Legal Sesuai Standar Teknis Terkait	Unit	Pengadaan Sarana  dan Prasarana Pencegahan, Penanggulangan Kebakaran dan Alat Pelindung Diri adalah mekanisme dan proses untuk melakukan penambahan kuantitas dan kualitas Sarana  dan Prasarana Pencegahan, Penanggulangan Kebakaran dan Alat Pelindung Diri yang sah dan legal serta dapat dipertanggungjawabkan dengan satuan unit,dan dilaksanakan oleh bidang yang menangani Sarana dan Prasarana
1.05.04.2.01.0021	Penyelenggaraan Kerja Sama dan Koordinasi antar Daerah Berbatasan, antar Lembaga, dan Kemitraan dalam Pencegahan, Penanggulangan, Penyelamatan Kebakaran dan Penyelamatan Non Kebakaran				
1.05.04.2.01.0026	Pemadaman dan Pengendalian Kebakaran dalam Daerah Kabupaten/Kota				
1.05.04.2.02.0003	Pendataan Sarana Prasarana Proteksi Kebakaran	Tersedianya Laporan  yang Memuat Data Bangunan/Gedung/Lingkungan yang Memiliki Sarana Prasarana Proteksi Kebakaran	Jumlah Laporan yang Memuat Data Bangunan/Gedung/Lingkungan yang Dipersyaratkan Harus Memiliki Sarana Prasarana Proteksi Kebakaran	Laporan	Pendataan Sarana Prasarana Proteksi Kebakaran adalah serangkaian proses pengumpulan, pencataran dan pengelolaan data yang berkaitan dengan tersedianya Sarana Prasarana Proteksi Kebakaran pada bangunan/gedung/lingkungan dengan satuan laporan,  dan dilaksanakan oleh bidang yang menangani Sarana dan Prasarana
1.05.04.2.04.0001	Pemberdayaan Masyarakat dalam Pencegahan dan Penanggulangan Kebakaran Melalui Sosialisasi dan Edukasi Masyarakat	Terlaksananya Pemberdayaan Masyarakat dalam Pencegahan dan Penanggulangan Kebakaran Melalui Sosialisasi dan Edukasi Masyarakat Setiap Tahunnya	Jumlah Warga Masyarakat yang Mendapatkan Sosialisasi Edukasi Pencegahan dan Penanggulangan Kebakaran Setiap Tahunnya	Orang	Pemberdayaan Masyarakat dalam Pencegahan dan Penanggulangan Kebakaran adalah upaya untuk memberikan sosialisasi dan edukasi pada masyarakat akan pentingnya upaya pencegahan dan penanggulangan dini kebakaran yang dilaksanakan setiap tahun dengan satuan orang,  dan dilaksanakan oleh bidang yang menangani Pemberdayaan Masyarakat
1.05.04.2.04.0007	Pembentukan dan Pembinaan Relawan Pemadam Kebakaran				
1.05.04.2.05.0001	Penyelenggaraan Operasi Pencarian dan Pertolongan pada Peristiwa yang Menimpa, Membahayakan, dan/atau Mengancam Keselamatan Manusia	Tersedianya Laporan Hasil Penyelenggaraan Operasi Pencarian dan Pertolongan Pada Peristiwa yang Menimpa, Membahayakan, dan/atau Mengancam Keselamatan Manusia	Jumlah Laporan Hasil Penyelenggaraan Operasi Penyelamatan yang Mengancam Keselamatan Manusia	Laporan	Penyelenggaraan Operasi Pencarian dan Pertolongan adalah upaya dan tindakan membantu mengatasi Peristiwa yang Menimpa, Membahayakan, dan/atau Mengancam Keselamatan Manusia serta merupakan tindakan penyelamatan dengan satuan dokumen, dan dilaksanakan oleh bidang yang menangani Penyelamatan
1.05.04.2.05.0006	Penyelamatan dan Evakuasi Korban Kebakaran dan Non Kebakaran	Tersedianya Laporan Hasil Pelaksanaan Kegiatan Kesiapsiagaan Piket dan Penyelamatan/Evakuasi Korban Kebakaran dan Non Kebakaran	Jumlah Laporan Hasil Pelaksanaan Kegiatan Kesiapsiagaan Petugas Piket dan Penyelamatan/Evakuasi Saat Penanggulangan Kebakaran dan Non Kebakaran	Laporan	Penyelamatan dan Evakuasi Korban Kebakaran adalah penyediaan dokumen atau laporan hasil pelaksanaan kegiatan kesiapsiagaan piket petugas rescue dan atau tindakan penyelamatan korban pada kondisi kebakaran dan non kebakaran (kondisi membahayakan manusia) dengan satuan dokumen, dan dilaksanakan oleh bidang yang menangani Penyelamatan dan Evakuasi Korban Kebakaran dan Non Kebakaran
1.05.01.2.01.0001	Penyusunan Dokumen Perencanaan Perangkat Daerah				
1.05.01.2.01.0006	Koordinasi dan Penyusunan Laporan Capaian Kinerja dan Ikhtisar Realisasi Kinerja SKPD				
1.05.01.2.02.0001	Penyediaan Gaji dan Tunjangan ASN				
1.05.01.2.02.0003	"Pelaksanaan Penatausahaan dan

Pengujian/Verifikasi Keuangan SKPD"				
1.05.01.2.05.0002	Pengadaan Pakaian Dinas beserta Atribut Kelengkapannya				
1.05.01.2.06.0004	Penyediaan Bahan Logistik Kantor				
1.05.01.2.07.0009	Pengadaan Gedung Kantor atau Bangunan Lainnya				
1.05.01.2.07.0010	Pengadaan Sarana dan Prasarana Gedung Kantor atau Bangunan Lainnya				
1.05.01.2.08.0002	Penyediaan Jasa Komunikasi, Sumber Daya Air dan Listrik				
1.05.01.2.08.0004	Penyediaan Jasa Pelayanan Umum Kantor				
1.05.01.2.09.0002	Penyediaan Jasa Pemeliharaan, Biaya Pemeliharaan, Pajak dan Perizinan Kendaraan Dinas Operasional atau Lapangan				
1.05.01.2.09.0010	Pemeliharaan/Rehabilitasi Sarana dan Prasarana Gedung Kantor atau Bangunan Lainnya				
1.05.01.2.09.0011	Pemeliharaan/Rehabilitasi Sarana dan Prasarana Pendukung Gedung Kantor atau Bangunan Lainnya				
1.05.03.2.01.0007	Sosialisasi, Komunikasi, Informasi dan Edukasi (KIE) Rawan Bencana Kabupaten/Kota (Per Jenis Ancaman Bencana)	Terlaksananya sosialisasi, komunikasi, informasi dan edukasi (KIE) rawan bencana bagi warga negara termasuk kelompok rentan per jenis ancaman bencana sesuai jenis ancaman bencana yang ada di kawasan tempat tinggalnya	Jumlah warga negara termasuk kelompok rentan di kawasan rawan bencana bencana Kabupaten/Kota yang memperoleh sosialisasi, komunikasi, informasi dan edukasi sesuai jenis ancaman bencana yang ada di kawasan tempat tinggalnya selama 1 (satu) tahun	Orang	Sosialisasi Komunikasi, Informasi dan Edukasi (KIE) rawan bencana berupa pelaksanaan pemenuhan pelayanan dasar pemberian informasi dan edukasi bagi penduduk yang berada di kawasan rawan bencana sesuai dengan jenis ancaman bencana
1.05.03.2.02.0015	Penyediaan Peralatan Perlindungan dan Kesiapsiagaan Terhadap Bencana kabupaten/kota	Tersedianya alat perlindungan diri (APD) bagi individu, keluarga dan petugas untuk kesiapsiagaan terhadap bencana Kabupaten/Kota	Jumlah Peralatan Penyelamatan Diri bagi Individu Warga Negara, Keluarga, maupun Petugas sesuai dengan jenis ancaman bencana di kawasan tempat tinggalnya	Unit	Penyediaan Peralatan Perlindungan dan Kesiapsiagaan terhadap Bencana adalah penyediaan peralatan keselamatan diri bagi individu dan keluarga di kawasan rawan bencana, maupun petugas operasi kedaruratan bencana, dengan alat ukur jumlah peralatan pelindung diri
1.05.03.2.02.0018	Gladi Kesiapsiagaan Terhadap Bencana kabupaten/kota	Terlaksananya uji SOP pengendalian operasi penanganan darurat bencana dan keberfungsian sarana prasarana kesiapsiagaan terhadap bencana Kabupaten/Kota yang diikuti oleh warga negara di kawasan rawan bencana	Jumlah warga negara yang mengikuti gladi kesiapsiagaan untuk menguji efektivitas SOP dan keberfungsian sarana prasarana dalam pengendalian operasi penanganan darurat bencana (per jenis ancaman) Kabupaten/Kota	Orang	Gladi kesiapsiagaan terhadap bencana adalah pelaksanaan gladi kesiapsiagaan bencana prioritas kabupaten/kota yang melibatkan seluruh pemangku kepentingan untuk melatih aspek manajerial maupun teknis dalam hal komunikasi, koordinasi, maupun pengerahan sumber daya untuk penanganan darurat bencana berdasarkan skenario yang disusun mendekati kondisi sebenarnya, dengan alat ukur jumlah aparatur dan warga negara yang mengikuti Gladi Kesiapsiagaan
1.05.03.2.02.0020	Penguatan Kapasitas Kawasan untuk Pencegahan dan Kesiapsiagaan Bencana	Terlaksananya penguatan kapasitas kawasan rawan bencana dan/atau kawasan-kawasan strategis Kabupaten/Kota untuk pencegahan dan kesiapsiagaan menghadapi bencana	Jumlah kawasan rawan bencana (per jenis ancaman bencana) dan/atau kawasan-kawasan strategis Kabupaten/Kota yang memiliki mekanisme dan prosedur tetap kesiapsiagaan menghadapi bencana	Kawasan	Penguatan Kapasitas Kawasan untuk Pencegahan dan Kesiapsiagaan merupakan pelaksanaan kegiatan untuk pengurangan potensi bahaya dan kerentanan, maupun peningkatan kapasitas bagi yang ada di  suatu kawasan yang berada dalam lingkup kewenangan pemerintah kabupaten/kota. seperti: Desa Tangguh Bencana, Kawasan Pariwisata Tangguh Bencana, dsb. Dengan alat ukur jumlah kawasan yang ditingkatkan kapasitasnya dalam pencegahan dan kesiapsiagaan bencana
1.05.03.2.02.0021	Pengembangan Kapasitas Tim Reaksi Cepat (TRC) Bencana Kabupaten/Kota	Meningkatnya kompetensi personil Tim Reaksi Cepat Penanggulangan Bencana (TRC PB) Kabupaten/Kota yang berasal dari lintas sektor untuk penanganan awal darurat bencana	Jumlah personil Tim Reaksi Cepat Penanggulangan Bencana (TRC PB) Kabupaten/Kota yang berasal dari lintas sektor yang memiliki kompetensi untuk penanganan awal darurat bencana	Orang	Pengembangan Kapasitas Tim Reaksi Cepat Bencana adalah peningkatan kompetensi berupa  kemampuan kerja yang mencakup aspek sikap, pengetahuan, dan kecakapan dalam melaksanakan penanganan awal darurat bencana
1.05.03.2.02.0022	Penyusunan Rencana Kontijensi Kabupaten/Kota	Tersedianya dokumen Rencana Kontinjensi Kabupaten/Kota (per jenis ancaman bencana) yang sah dan legal	Jumlah Dokumen Rencana Kontijensi Kabupaten/Kota (per jenis ancaman bencana) sampai dengan dinyatakan sah/legal paling lama dalam 1 (satu) tahun	Dokumen	Rencana Kontijensi adalah suatu proses perencanaan kedepan terhadap keadaaan yang tidak menentu untuk mencegah atau menanggulangi secara lebih baik dalam situasi darurat atau kritis dengan menyepakati skenario dan tujuan, menetapkan tindakan teknis dan manajerial serta tanggapan dan pengerahan yang telah disetujui bersama
1.05.03.2.02.0026	Pengendalian Operasi dan Penyediaan Sarana Prasarana Kesiapsiagaan Terhadap Bencana Kabupaten/Kota	Tersedianya layanan pusat pengendalian operasi (pusdalops) dengan Maklumat Pelayanan yang sah dan legal serta dukungan penyediaan sarana prasarana kesiapsiagaan terhadap bencana	Jumlah laporan layanan pusat pengendalian operasi (pusdalops) dengan Maklumat Pelayanan yang sah dan legal sesuai dengan jenis ancaman bencana yang ada di kawasan tempat tinggalnya	laporan	Penguatan Tata Kelola Pusat Pengendalian Operasi Kesiapsiagaan Bencana adalah penyediaan laporan periodik penerapan prosedur teknis (check list prosedur) yang sah dan tersedia untuk penyelenggaraan tugas Pusdalops baik pada  aktivitas internal (misal: prosedur serah terima piket) maupun layanan peringatan dini (misal: prosedur sistem peringatan dini banjir) dan/atau layanan pada tindakan awal operasi penanganan darurat bencana tingkat provinsi (misal: prosedur aktivasi ruang krisis, prosedur pengendalian evakuasi,dll).
1.05.03.2.02.0028	Pelatihan Pencegahan dan Mitigasi Bencana Kabupaten/Kota				
1.05.03.2.03.0002	Respon Cepat Darurat Bencana Kabupaten/Kota	Terlaksananya Respon Cepat Darurat Bencana Penanganan Awal Untuk Penetapan Status Darurat Bencana Paling Lama 1 X 24 Jam	Jumlah Dokumen SK Penetapan Status Darurat Bencana dan SKPDB yang Ditetapkan Paling Lama 1x24 Jam berdasarkan Hasil Dokumen Laporan Kaji Cepat	Dokumen	Respon Cepat Darurat Bencana Kabupaten/Kota adalah pelaksanaan penanganan awal untuk penetapan status darurat bencana paling lama 1 x 24 jam berdasarkan hasil penilaian secara cepat dampak awal suatu kejadian bencana, dengan alat ukur SK Penetapan Status Darurat Bencana dan SKPDB
1.05.03.2.03.0003	Pencarian, Pertolongan dan Evakuasi Korban Bencana Kabupaten/Kota	Terlaksananya Upaya untuk Menemukan, Menolong, maupun Memindahkan Korban Bencana Dari Lokasi Bencana ke Tempat yang Aman	Jumlah Korban yang Berhasil Ditemukan, Ditolong, dan Dievakuasi Per Jenis Kejadian Bencana	Orang	Pencarian, Pertolongan dan Evakuasi Korban Bencana Kabupaten/Kota adalah pelaksanaan  upaya untuk menemukan, menolong, maupun memindahkan korban bencana dari lokasi bencana ke tempat yang aman, dengan alat ukur jumlah korban yang berhasil ditemukan, ditolong, dan dievakuasi per jenis kejadian bencana
1.05.03.2.03.0009	Penyediaan Logistik Penyelamatan dan Evakuasi Korban Bencana Kabupaten/Kota	Terdistribusinya Logistik Penyelamatan dan Evakuasi Korban Bencana	Jumlah Korban Bencana yang Mendapatkan Distribusi Logistik Penyelamatan dan Evakuasi Korban Bencana	Orang	Pencarian, Pertolongan dan Evakuasi Korban Bencana Kabupaten/Kota adalah pelaksanaan  upaya untuk menemukan, menolong, maupun memindahkan korban bencana dari lokasi bencana ke tempat yang aman, dengan alat ukur jumlah korban yang berhasil ditem)
1.05.03.2.03.0010	Respon Cepat Bencana Non Alam Epidemi/Wabah Penyakit	Terlaksananya Respon Cepat Bencana Non Alam Epidemi/ Wabah dalam Penanganan Awal untuk KLB yang Ditingkatkan Statusnya Menjadi Darurat Bencana Non Alam Paling Lama 1x24 Jam	Jumlah dokumen SK Penetapan Status Darurat Bencana dan SKPDB yang Ditetapkan Paling Lama 1x24 Jam berdasarkan Hasil Dokumen Laporan Investigasi KLB dan Epidemiologi Terpadu	Dokumen	Respon Cepat Bencana Non Alam Epidemi/Wabah Penyakit adalah penanganan awal KLB yang ditingkatkan statusnya menjadi darurat bencana non alam,  dengan alat ukur SK Penetapan Status Darurat Bencana dan SKPDB
1.05.03.2.03.0012	Aktivasi Sistem Komando Penanganan Darurat Bencana	Terlaksananya Pengerahan dan Pengorganisasian Komando Penanganan Darurat Bencana Tingkat Kabupaten/Kota	Jumlah Laporan Pelaksanaan Aktivasi Sistem Komando Penanganan Darurat Bencana Kanupaten/Kota	Laporan	Aktivasi sistem komando penanganan darurat bencana adalah pelaksanaan pengerahan dan pengorganisasian komando penanganan darurat bencana tingkat kabupaten/kota, baik dalam hal manajerial, operasional, maupun sumberdaya, dengan alat ukur jumlah laporan pelaksanaan aktivasi sistem komando penanganan darurat bencana sesuai shift dan periode operasi
1.05.03.2.04.0001	Penyusunan Regulasi Penanggulangan Bencana Kabupaten/Kota	Tersedianya Regulasi Pendukung Penyelenggaraan Penanggulangan Bencana di Daerah	Jumlah Dokumen Regulasi Pendukung Penyelenggaraan Penanggulangan Bencana di Daerah	Dokumen	Penyusunan Regulasi Penanggulangan Bencana Kabupaten/Kota adalah penyediaan regulasi pendukung penyelenggaraan penanggulangan bencana di tingkat kabupaten/kota, baik yang baru tersusun maupun yang termutakhirkan, dengan alat ukur jumlah regulasi pendukung penyelenggaraan penanggulangan bencana di daerah
1.05.03.2.04.0003	Kerja Sama antar Lembaga dan Kemitraan dalam Penanggulangan Bencana Kabupaten/Kota	Terlaksananya Kerja Sama antar Lembaga dan Kemitraan dalam Penanggulangan Bencana	Jumlah Dokumen Kerja Sama antar Lembaga dan Kemitraan dalam Penanggulangan Bencana	Dokumen	Kerjasama Antar Lembaga dan Kemitraan dalam Penanggulangan Bencana Kabupaten/Kota adalah inisiasi, optimalisasi, dan pelaksanaan kerjasama antar lembaga dan kemitraan dalam penanggulangan bencana di tingkat kabupaten/kota sesuai ketentuan peraturan perundang-undangan
1.05.03.2.04.0007	Peningkatan Kapasitas SDM Aparatur Penanggulangan Bencana Kabupaten/Kota	Meningkatnya kompetensi teknis dan manajerial SDM aparatur penanggulangan bencana pada setiap tahapan (Pra bencana, tanggap darurat dan pasca bencana)	Jumlah SDM aparatur penanggulangan bencana yang memiliki kompetensi	Orang	Peningkatan kapasitas meliputi kompetensi, karakteristik dan kemampuan kerja yang mencakup aspek pengetahuan, sikap dan kecakapan yang dimiliki aparatur sesuai dengan standar dan persyaratan yang ditetapkan untuk memberikan pelayanan penanggulangan bencana
1.05.03.2.04.0010	Koordinasi penanganan Pascabencana Kabupaten/Kota	Terlaksananya koordinasi lintas perangkat daerah pada tahap perencanaan, pengalokasian sumber daya dan ketersediaan APBD, non APBD dan sumber pendanaan lainnya berdasarkan R3P melalui pelaksanaan, pemantauan, evaluasi dan pelaporan lintas perangkat daerah dalam penanganan pascabencana Kabupaten/Kota	Jumlah penyelesaian kegiatan pascabencana di semua sektor sesuai berdasarkan Rencana Rehabilitasi dan Rekontruksi Pascabencana (R3P) Kabupaten/Kota yang dilegalkan	Kegiatan	Fasilitasi yang dilakukan BPBD Kabupaten/Kota untuk memastikan tertanganinya pasca bencana meliputi Sektor : Infrastruktur, Perumahan dan Permukiman, Ekonomi, Sosial dan Lintas Sektor
1.05.03.2.04.0011	Peningkatan partisipasi masyarakat dan dunia usaha  dalam penanganan Pascabencana Kabupaten/Kota	Meningkatnya partisipasi masyarakat dan dunia usaha dalam penanganan pascabencana Kabupaten/Kota	Jumlah keterlibatan kelompok masyarakat dan dunia usaha dalam penanganan pascabencana Kabupaten/Kota meliputi Lembaga non pemerintah antara lain : lembaga filantropi, lembaga swadaya masyarakat, organisasi kemasyarakatan, organisasi sosial, organisasi keagamaan, organisasi relawan, perguruan tinggi, media massa dan dunia usaha yang telah terdaftar dan legal	Lembaga	Fasilitasi yang dilakukan BPBD Kabupaten/Kota untuk meningkatkan keterlibatan  Lembaga non pemerintah : lembaga filantropi, lembaga swadaya masyarakat, organisasi kemasyarakatan, organisasi sosial, organisasi keagamaan, organisasi relawan, perguruan tinggi, media massa dan dunia usaha yang telah terdaftar dan legal
1.05.03.2.04.0015	Penyusunan Kajian Kebutuhan Pascabencana (JITUPASNA) dan Rencana Rehabilitasi dan Rekontruksi Pascabencana (R3P) Kab/Kota	Tersedianya dokumen Pengkajian Kebutuhan Pascabencana (JITUPASNA) dan Rencana Rehabilitasi dan Rekonstruksi Pascabencana (R3P) Kab/Kota yang sah dan legal	Jumlah penyelesaian dokumen Pengkajian Kebutuhan Pascabencana dan Rencana Rehabilitasi dan Rekonstruksi Pascabencana (R3P) Kab/Kota sampai dengan dinyatakan sah dan legal paling lama dalam 1 (satu) tahun	Dokumen	Sah/legal : bentuk produk hukum daerah berupa Peraturan Kepala Daerah
1.05.01.2.02.0007	Koordinasi dan Penyusunan Laporan Keuangan Bulanan/ Triwulanan/ Semesteran SKPD				
1.05.01.2.06.0002	Penyediaan Peralatan dan Perlengkapan Kantor				
1.05.01.2.07.0006	Pengadaan Peralatan dan Mesin Lainnya				
1.05.01.2.09.0001	Penyediaan Jasa Pemeliharaan, Biaya Pemeliharaan, dan Pajak Kendaraan Perorangan Dinas atau Kendaraan Dinas Jabatan				
1.05.01.2.09.0006	Pemeliharaan Peralatan dan Mesin Lainnya				
1.05.01.2.09.0009	Pemeliharaan/Rehabilitasi Gedung Kantor dan Bangunan Lainnya				
1.06.02.2.02.0003	Koordinasi dan Sinkronisasi  Penyelenggaraan Undian Gratis Berhadiah dan Pengumpulan Uang atau Barang	Terlaksananya Koordinasi dan Sinkronisasi Penyelenggaran Undian Gratis Berhadiah dan Pengumpulan Uang atau Barang	Jumlah Dokumen Hasil Koordinasi dan Sinkronisasi  Penyelenggaraan Undian Gratis Berhadiah dan Pengumpulan Uang atau Barang	Dokumen	"Penyelenggaraan koordinasi dan sinkronisasi berupa FGD/workshop/Rakor/Rapat untuk Penerbitan Izin Undian Gratis Berhadiah (UGB) yaitu tiap-tiap kesempatan untuk mendapatkan hadiah yang diselenggarakan secara cuma-cuma dan digabungkan/dikaitkan dengan perbuatan lain yang penentuan pemenangnya dilakukan dengan cara undi atau cara lain dan Pengumpulan Uang atau Barang (PUB) yaitu setiap usaha mendapatkan uang atau barang untuk pembangunan dalam bidang kesejahteraan sosial, mental/ agama/ kerohanian, kejasmanian, dan kebudayaan koordinasi dan sinkronisasi berupa:
1. Rekomendasi permohonan izin UGB dari pemerintah provinsi adalah dokumen yang dihasilkan dari kegiatan menindaklanjuti permohonan izin dari penyelenggara ugb dengan melakukan verifikasi terhadap persyaratan sesuai peraturan perundang-undangan untuk diteruskan perizinannya ke Kementerian Sosial. Guna mewujudkan penyelenggaraan UGB yang akuntabilitas dan transparan pemerintah provinsi melaksanakan kegiatan sosialisasi dan edukasi, operasional layanan, pemantauan penyelenggaraan UGB, penarikan dan pemeliharaan Hadiah tidak tertebak/ Hadiah tidak diambil pemenang (HTT/HTDP), penyelesaian pengaduan, laporan dan evaluasi penyelenggaraan UGB.
2. Rekomendasi pemerintah provinsi untuk permohonan izin PUB kewenangan pusat adalah dokumen yang dihasilkan dari kegiatan menindaklanjuti permohonan izin dari penyelenggara PUB dengan melakukan verifikasi terhadap persyaratan sesuai peraturan perundang-undangan untuk diteruskan perizinannya ke Kementerian Sosial. Guna mewujudkan penyelenggaraan PUB yang akuntabilitas dan transparan pemerintah provinsi melaksanakan kegiatan sosialisasi dan edukasi, operasional layanan, pemantauan penyelenggaraan PUB, penyelesaian pengaduan, laporan dan evaluasi penyelenggaraan PUB.
3. Izin pengumpulan uang atau barang kewenangan provinsi adalah dokumen yang dihasilkan dari kegiatan penyelesaian permohonan izin PUB yang disampaikan kepada Gubernur atau Lembaga/Instansi yang ditunjuk oleh Gubernur untuk melaksanakan urusan PUB yang menjadi kewenangan pemerintah provinsi meliputi lebih dari 1 (satu) wilayah kabupaten/kota dalam 1 (satu) provinsi."
1.06.02.2.03.0003	Peningkatan Kemampuan Potensi Sumber Kesejahteraan Sosial Keluarga Kewenangan Kabupaten/Kota	Meningkatnya Kapasitas Keluarga Kewenangan Kabupaten/Kota	Jumlah Keluarga yang Meningkat Kapasitasnya Kewenangan Kabupaten/Kota	Keluarga	Peningkatan kompetensi melalui Management of Trainingt, Training Officer Course, Training of Trainers, Training of Facilitator dan upaya lain yang relevan kepada Potensi Sumber Kesejahteraan Sosial (PSKS) Keluarga yaitu keluarga yang yang dapat berperan serta untuk menjaga, menciptakan, mendukung, dan memperkuat penyelenggaraan kesejahteraan sosial
1.06.02.2.03.0004	Peningkatan Kemampuan Potensi Sumber Kesejahteraan Sosial Kelembagaan Masyarakat Kewenangan Kabupaten/Kota	Meningkatnya Kapasitas Lembaga Kesejahteraan Sosial Kewenangan Kabupaten/Kota	Jumlah Lembaga Kesejahteraan Sosial yang Meningkat Kapasitasnya Kewenangan Kabupaten/Kota	Lembaga	Peningkatan kapasitas dapat diperoleh melalui workshop, bimbingan teknis, seminar, lokakarya dan upaya lain yang relevan untuk meningkatkan pengetahuan, pemahaman penyelenggaraan kesejahteraan sosial oleh Lembaga Kesejahteraan Sosial
1.06.02.2.03.0014	Peningkatan Kemampuan Potensi Sumber Kesejahteraan Sosial Perseorangan Kewenangan Kabupaten/Kota	Meningkatnya Kapasitas Potensi Sumber Kesejahteraan Sosial Perseorangan Kewenangan Kabupaten/Kota	Jumlah Penyuluh Sosial, Penyuluh Sosial Masyarakat, Pekerja Sosial, Pekerja Sosial Masyarakat dan/atau Tenaga Kesejahteraan Sosial Kecamatan yang Meningkat Kapasitasnya	Orang	"Peningkatan kompetensi melalui Management of Training, Training Officer Course, Training of Trainers, Training of Facilitator dan upaya lain yang relevan kepada Pekerja Sosial, Pekerja Sosial Masyarakat dan/atau Tenaga Kesejahteraan Sosial Kecamatan dengan tujuan membantu penyelenggaraan kesejahteraan sosial sesuai lingkup wilayah penugasan dan/atau mendorong program graduasi kepada masyarakat

Peningkatan kapasitas bertujuan agar PSKS dapat melaksanakan Pelayanan Kesejahteraan Sosial dan pendampingan berkualitas secara intensif terhadap rumah tangga miskin dan rentan agar keluar (tergraduasi) dari kondisi kemiskinan dan kerentanan."
1.06.02.2.03.0016	Pengelolaan Layanan Terpadu  Kesejahteraan Sosial	Terlaksananya Pengelolaan Layanan Terpadu  Kesejahteraan Sosial	Jumlah aduan/keluhan yang dilayani dan/atau ditindaklanjuti	Laporan	"Layanan yang digunakan ditingkat Kabupaten/Kota adalah untuk membantu mengidentifikasi kebutuhan masyarakat miskin & rentan miskin, lalu menghubungkan mereka dengan program dan layanan yang dikelola oleh pemerintah (Pusat, Provinsi, Kabupten/Kota dan Desa/Kelurahan) dan non-pemerintah

Pembinaan koordinasi termasuk  Pengembangan Pusat Kesejahteraan Sosial (Puskesos) Lintas Kabupaten/Kota yang yang memberikan layanan sosial satu pintu dan berperan sebagai hub program graduasi."
1.06.04.2.01.0001	Penyediaan Permakanan	Terpenuhinya Kebutuhan Permakanan Per Orang Sesuai dengan Standar Gizi Minimal Kewenangan Kabupaten/Kota	Jumlah Orang yang Mendapatkan Pemenuhan Kebutuhan Permakanan Sesuai dengan Standar Gizi Minimal Kewenangan Kabupaten/Kota	Orang	Pemenuhan permakanan sesuai Standar Gizi Minimal dengan mengacu Angka Kecukupan Energi hingga 2100 kilo kalori per orang per hari pada tingkat konsumsi
1.06.04.2.01.0002	Penyediaan Sandang	Tersedianya Pakaian dan Kelengkapan Lainnya dalam 1 Tahun Kewenangan Kabupaten/Kota	Jumlah Orang yang Menerima Pakaian dan Kelengkapan Lainnya yang Tersedia dalam 1 Tahun Kewenangan Kabupaten/Kota	Orang	Penyediaan alat bantu yang disesuaikan dengan jumlah dan kebutuhan disabilitasnya
1.06.04.2.01.0003	Penyediaan Alat Bantu	Terpenuhinya Orang yang Mendapatkan Alat Bantu dan Alat Bantu Peraga Sesuai Kebutuhan Kewenangan Kabupaten/Kota	Jumlah Orang yang Mendapatkan Alat Bantu dan Alat Bantu Peraga Sesuai kebutuhan Kewenangan Kabupaten/Kota	Orang	Penyediaan alat bantu yang disesuaikan dengan jumlah dan kebutuhan disabilitasnya, termasuk alat bantu aksesibilitas sesuai dengan PP No. 75 Tahun 2020
1.06.04.2.01.0004	Pemberian Pelayanan Reunifikasi Keluarga	Terpenuhinya Orang yang Mendapatkan Pelayanan Reunifikasi Keluarga Kewenangan Kabupaten/Kota	Jumlah Orang yang Mendapatkan Pelayanan Reunifikasi Keluarga Kewenangan Kabupaten/Kota	Orang	Pelayanan reunifikasi keluarga berupa pemulangan dan penyatuan kembali dengan keluarga yang dapat memberikan perawatan dan/atau pendampingan sehingga berada di lingkungan yang terlindungi.
1.06.04.2.01.0005	Pemberian Bimbingan Fisik, Mental, Spiritual, dan Sosial	Terlaksananya Pemberian Bimbingan Fisik, Mental, Spiritual dan Sosial Kewenangan Kabupaten/Kota	Jumlah Peserta Bimbingan Fisik, Mental, Spiritual dan Sosial Kewenangan Kabupaten/Kota	Orang	Pemberian bimbingan fisik (kegiatan memelihara dan meningkatkan kesehatan jasmani), mental spiritual (kegiatan peningkatan pengetahuan serta memperbaiki sikap dan perilaku berdasarkan ajaran agama), dan sosial (semua bentuk pelayanan bantuan psikologis yang bertujuan mengatasi masalah psikososial agar dapat meningkatkan keberfungsian sosial)
1.06.04.2.01.0006	Pemberian Bimbingan Sosial kepada Keluarga Penyandang Disabilitas Terlantar, Anak Terlantar, Lanjut Usia Terlantar, serta Gelandangan Pengemis dan Masyarakat	Terlaksananya Pemberian Bimbingan Sosial kepada Keluarga Penyandang Disabilitas Terlantar, Anak Terlantar, Lanjut Usia Terlantar, serta Gelandangan Pengemis dan Masyarakat Kewenangan Kabupaten/Kota	Jumlah Peserta Bimbingan Sosial kepada Keluarga Penyandang Disabilitas Terlantar, Anak Terlantar, Lanjut Usia Terlantar, serta Gelandangan Pengemis dan Masyarakat Kewenangan Kabupaten/Kota	Orang	Pemberian bimbingan sosial (semua bentuk pelayanan bantuan psikologis yang bertujuan mengatasi masalah psikososial agar dapat meningkatkan keberfungsian sosial)
1.06.04.2.01.0008	Pemberian Akses ke Layanan Pendidikan dan Kesehatan Dasar	Terpenuhinya Orang yang Mendapatkan Akses ke Layanan Pendidikan dan Kesehatan Dasar Kewenangan Kabupaten/Kota	Jumlah Orang yang Mendapatkan Akses ke Layanan Pendidikan dan Kesehatan Dasar Kewenangan Kabupaten/Kota	Orang	Pemberian akses ke Layanan Pendidikan (sekolah, literasi penyandang disabilitas netra) dan Layanan Kesehatan Dasar (puskesmas/klinik/rumah sakit)
1.06.04.2.01.0009	Pemberian Layanan Data dan Pengaduan	Terlaksananya Pemberian Layanan Data dan Pengaduan Kewenangan Kabupaten/Kota	Jumlah Orang yang Mendapatkan Layanan Data dan Pengaduan Kewenangan Kabupaten/Kota	Orang	Pemberian pelayanan data agar diusulkan masuk dalam Data Terpadu  Kesejahteraan Sosial (DTKS) serta untuk mendapatkan layanan pengaduan berupa tindak lanjut pengaduan, keluhan, dan/atau pertanyaan mengenai tidak terpenuhi kebutuhan dasarnya
1.06.04.2.01.0010	Pemberian Layanan Kedaruratan	Terlaksananya Pemberian Layanan Kedaruratan Kewenangan Kabupaten/Kota	Jumlah Orang yang Mendapatkan Pelayanan Kedaruratan Kewenangan Kabupaten/Kota	Orang	Pemberian pelayanan kedaruratan berupa tindakan penanganan segera karena terancam kehidupannya dan/atau tidak terpenuhi kebutuhan dasarnya.
1.06.04.2.01.0011	Pemberian Pelayanan Penelusuran Keluarga	Terpenuhinya Orang yang Mendapatkan Pelayanan Penelusuran Keluarga Kewenangan Kabupaten/Kota	Jumlah Orang yang Mendapatkan Pelayanan Penelusuran Keluarga Kewenangan Kabupaten/Kota	Orang	Pemberian pelayanan penulusuran keluarga berupa kegiatan pencarian keluarga anak terlantar tersebut agar dapat direunifikasi.
1.06.04.2.01.0012	Pemberian Layanan Rujukan	Terlaksananya Pemberian Layanan Rujukan Kewenangan Kabupaten/Kota	Jumlah Orang Mendapatkan Layanan Rujukan Kewenangan Kabupaten/Kota	Orang	Pengalihan layanan kepada pihak lain agar penerima penerima pelayanan memperoleh pelayanan lanjutan atau sesuai dengan kebutuhan
1.06.04.2.01.0014	Fasilitasi Pembuatan Dokumen Kependudukan bagi Penyandang Disabilitas Terlantar, Anak Terlantar, Lanjut Usia Terlantar, Gelandangan dan Pengemis Kewenangan Kabupaten/Kota	Terpenuhinya Orang yang Membutuhkan Pembuatan Dokumen Kependudukan bagi Penyandang Disabilitas Terlantar, Anak Terlantar, Lanjut Usia Terlantar, Gelandangan dan Pengemis Kewenangan Kabupaten/Kota	Jumlah Orang yang Terpenuhi Kebutuhan Pembuatan Dokumen Kependudukan bagi Penyandang Disabilitas Terlantar, Anak Terlantar, Lanjut Usia Terlantar, Gelandangan dan Pengemis Kewenangan Kabupaten/Kota	Orang	Fasilitasi untuk mendapatkan pembuatan Nomor Induk Kependudukan, Akta Kelahiran, Surat Nikah, dan Kartu Identitas Anak
1.06.04.2.01.0015	Fasilitasi Pemberdayaan dan Pelatihan Vokasional bagi Kemandirian Ekonomi Penyandang Disabilitas Miskin dan Rentan, Gelandangan dan Pengemis	Terlaksananya Pemberdayaan dan Pelatihan Vokasional bagi Kemandirian Ekonomi Penyandang Disabilitas Miskin dan Rentan, Gelandangan dan Pengemis	Jumlah Penyandang Disabilitas Miskin dan Rentan, Gelandangan dan Pengemis yang mendapatkan Pemberdayaan dan Pelatihan Vokasional untuk Kemandirian Ekonomi	Orang	Fasilitasi pemberdayaan dan pelatihan bagi penyandang disabilitas miskin dan rentan, gelandangan dan pengemis di bidang sosial, ekonomi, penyediaan akses dan kesempatan kerja, pendidikan dan literasi, serta pelayanan yang diperlukan bagi penyandang disabilitas miskin dan rentan, gelandangan dan pengemis dalam menjaga kemandirian diri.
1.06.04.2.01.0017	Penyediaan Perbekalan Kesehatan	Terpenuhinya Orang yang Mendapatkan Kebutuhan Perbekalan Kesehatan di Luar Panti Kewenangan Kabupaten/Kota	Jumlah Orang yang Mendapatkan Pemenuhan Kebutuhan Perbekalan Kesehatan di Luar Panti Kewenangan Kabupaten/Kota	Orang	Penyediaan perbekalan kesehatan kepada penyandang disabilitas terlantar, anak terlantar, lanjut usia terlantar, gelandangan dan pengemis di Luar Panti Kewenangan Kabupaten/Kota berupa obat-obatan, alat kesehatan, perawatan, dan/atau kunjungan dokter/psikiater/peksos medis
1.06.04.2.02.0002	Pemberian Layanan Kedaruratan	Terlaksananya Pemberian Layanan Kedaruratan Kewenangan Kabupaten/Kota	Jumlah Orang yang Mendapatkan Pelayanan Kedaruratan Kewenangan Kabupaten/Kota	Orang	Pemberian pelayanan kedaruratan berupa tindakan penanganan segera karena terancam kehidupannya dan/atau tidak terpenuhi kebutuhan dasarnya.
1.06.04.2.02.0003	Penyediaan Permakanan	Terpenuhinya Kebutuhan Permakanan Per Orang Sesuai dengan Standar Gizi Minimal Kewenangan Kabupaten/Kota	Jumlah Orang yang Mendapatkan Pemenuhan Kebutuhan Permakanan Sesuai dengan Standar Gizi Minimal Kewenangan Kabupaten/Kota	Orang	Pemberian pelayanan kedaruratan berupa tindakan penanganan segera karena terancam kehidupannya dan/atau tidak terpenuhi kebutuhan dasarnya.
1.06.04.2.02.0007	Pemberian Bimbingan Fisik, Mental, Spiritual, dan Sosial	Terlaksananya Pemberian Bimbingan Fisik, Mental, Spiritual dan Sosial Kewenangan Kabupaten/Kota	Jumlah Peserta Bimbingan Fisik, Mental, Spiritual dan Sosial Kewenangan Kabupaten/Kota	Orang	Pemberian bimbingan fisik (kegiatan memelihara dan meningkatkan kesehatan jasmani), mental spiritual (kegiatan peningkatan pengetahuan serta memperbaiki sikap dan perilaku berdasarkan ajaran agama), dan sosial (semua bentuk pelayanan bantuan psikologis yang bertujuan mengatasi masalah psikososial agar dapat meningkatkan keberfungsian sosial)
1.06.04.2.02.0008	Pemberian Bimbingan Sosial kepada Keluarga Penyandang Masalah Kesejahteraan Sosial (PMKS) Lainnya Bukan Korban HIV/AIDS dan NAPZA	Terlakasananya Pemberian Bimbingan Sosial kepada Keluarga Penyandang Masalah Kesejahteraan Sosial (PMKS) Lainnya Bukan Korban HIV/AIDS dan NAPZA Kewenangan Kabupaten/Kota	Jumlah Peserta dalam Pemberian Bimbingan Sosial kepada Keluarga Penyandang Masalah Kesejahteraan Sosial (PMKS) Lainnya Bukan Korban HIV/AIDS dan NAPZA Kewenangan Kabupaten/Kota	Orang	Pemberian bimbingan sosial (semua bentuk pelayanan bantuan psikologis yang bertujuan mengatasi masalah psikososial agar dapat meningkatkan keberfungsian sosial)
1.06.04.2.02.0011	Pemberian Pelayanan Penelusuran Keluarga	Terpenuhinya Orang yang Mendapatkan Pelayanan Penelusuran Keluarga Kewenangan Kabupaten/Kota	Jumlah Orang yang Mendapatkan Pelayanan Penelusuran Keluarga Kewenangan Kabupaten/Kota	Orang	Pemberian pelayanan penulusuran keluarga berupa kegiatan pencarian keluarga anak terlantar tersebut agar dapat direunifikasi.
1.06.04.2.02.0012	Pemberian Pelayanan Reunifikasi Keluarga	Terpenuhinya Orang yang Mendapatkan Pelayanan Reunifikasi Keluarga Kewenangan Kabupaten/Kota	Jumlah Orang yang Mendapatkan Pelayanan Reunifikasi Keluarga Kewenangan Kabupaten/Kota	Orang	Pelayanan reunifikasi keluarga berupa pemulangan dan penyatuan kembali dengan keluarga yang dapat memberikan perawatan dan/atau pendampingan sehingga berada di lingkungan yang terlindungi.
1.06.04.2.02.0013	Pemberian Layanan Rujukan	Terlaksananya Pemberian Layanan Rujukan Kewenangan Kabupaten/Kota	Jumlah Orang Mendapatkan Layanan Rujukan Kewenangan Kabupaten/Kota	Orang	Pengalihan layanan kepada pihak lain agar penerima penerima pelayanan memperoleh pelayanan lanjutan atau sesuai dengan kebutuhan
1.06.04.2.02.0014	Kerja Sama antar Lembaga dan Kemitraan dalam Pelaksanaan Rehabilitasi Sosial Kabupaten/Kota	Terlaksananya Kerja Sama antar Lembaga dan Kemitraan dalam Pelaksanaan Rehabilitasi Sosial Kabupaten/Kota	Jumlah Dokumen Hasil Koordinasi dan Kerja Sama antar Lembaga dan Kemitraan dalam Pelaksanaan Rehabilitasi Sosial Kabupaten/Kota	Dokumen	Kegiatan (FGD/Workshop/Rakor/Rapat Internal) untuk melakukan Kerja Sama antar Lembaga dan Kemitraan dalam Pelaksanaan Rehabilitasi Sosial Kabupaten/Kota
1.06.05.2.02.0001	Pendataan Fakir Miskin Cakupan Daerah Kabupaten/Kota	Terlaksananya Pendataan Fakir Miskin Cakupan Daerah Kabupaten/Kota	Jumlah Fakir Miskin Cakupan Daerah Kabupaten/Kota yang Didata	Orang	Kegiatan sistematis dalam pengumpulan, pengaturan, penyimpanan, dan pemeliharaan data yang mencakup proses pendataan, verifikasi dan validasi, usulan data, penetapan, dan penggunaan data yang diperlukan guna memastikan aksesibilitas, kehandalan, ketepatan waktu, dan akuntabilitas data untuk penyelenggaraan kesejahteraan sosial.
1.06.05.2.02.0004	Fasilitasi Bantuan Pengembangan Ekonomi Masyarakat	Terpenuhinya Orang yang Mendapatkan Bantuan Pengembangan Ekonomi Masyarakat Kewenangan Kabupaten/Kota	Jumlah Orang Mendapatkan Bantuan Pengembangan Ekonomi Masyarakat Kewenangan Kabupaten/Kota	Orang	Fasilitasi bantuan pengembangan ekonomi masyarakat dimaksudkan untuk mengurangi ketergantungan terhadap bantuan sosial melalui usaha yang berkelanjutan. Program bantuan pengembangan ekonomi bertujuan untuk meningkatkan pendapatan KPM untuk kesejahteraan keluarga dan meningkatkan kemampuan sosial ekonomi KPM secara Berdikari. Program bantuan pengembangan ekonomi dapat berupa bantuan usaha, pelatihan, dan/atau pendampingan yang dilaksanakan melalui tahapan asesmen, penyusunan proposal, penetapan, pelaksanaan, pemantauan dan evaluasi.
1.06.05.2.02.0006	Fasilitasi Bantuan Sosial Kesejahteraan Keluarga	Terpenuhinya Penerima Manfaat (PM) yang Mendapatkan Bantuan Sosial Kesejahteraan Keluarga Kewenangan Kabupaten/Kota	Jumlah Penerima Manfaat (PM) yang Mendapatkan Bantuan Sosial Kesejahteraan Keluarga Kewenangan Kabupaten/Kota	Orang	"Memfasilitasi penyelenggaraan pemberian bantuan sosial kepada pihak penyalur bantuan sosial untuk Keluarga Penerima Manfaat di wilayahnya berupa: 
1. Dukungan sarana-prasana saat pelaksanaan pemberian bantuan sosial, 
2. Dukungan bantuan keamanan saat pelaksanaan pemberian bantuan sosial,
3. Dukungan SDM Pendamping saat pelaksanaan pemberian bantuan sosial,"
1.06.05.2.02.0008	Pengelolaan Data Fakir Miskin Cakupan Daerah Kabupaten/Kota	Terlaksananya Pengelolaan Data Fakir Miskin Cakupan Daerah Kabupaten/Kota	Jumlah Usulan Penindaklayakan, Usulan yang Terverifikasi dan Tervalidasi, dan Usulan Perbaikan yang dilaksanakan	Usulan	Pengelolaan data fakir miskin yang dimaksud meliputi Usulan Penindaklayakan, Usulan yang Terverifikasi dan Tervalidasi, dan Usulan Perbaikan yang dilaksanakan minimal sebanyak 3 (tiga) kali dalam setahun.
1.06.06.2.01.0001	Penyediaan Makanan	Terpenuhinya Orang yang Mendapatkan Permakanan 3x1 Hari dalam Masa Tanggap Darurat (Pengungsian) Kewenangan Kabupaten/Kota	Jumlah Orang yang Mendapatkan Permakanan 3x1 Hari dalam Masa Tanggap Darurat (Pengungsian) Kewenangan Kabupaten/Kota	Orang	"Bantuan langsung dalam bentuk pangan sebagaimana dimaksud sebagai berikut:
a. 
b. mie ;
c. ikan/daging 
d. kecap 
e. sambal kemasan
f. minyak goreng kemasan
g. makanan siap  dan/atau
h.makanan lainnya sesuai kebutuhan."
1.06.06.2.01.0002	Penyediaan Sandang	Terpenuhinya Orang yang Mendapatkan Pakaian dan Kelengkapan Lainnya yang Tersedia pada Masa Tanggap Darurat (Pengungsian) dan Pasca Bencana Kewenangan Kabupaten/Kota	Jumlah Orang yang Mendapatkan Pakaian dan Kelengkapan Lainnya yang Tersedia pada Masa Tanggap Darurat (Pengungsian) dan Pasca Bencana Kewenangan Kabupaten/Kota	Orang	"Bantuan langsung dalam bentuk sandang sebagaimana dimaksud  terdiri atas :
a. pakaian laki-laki 
b. pakaian dan kebutuhan khusus perempuan 
c. pakaian anak laki-laki dan 
d. pakaian seragam sekolah anak laki-
e. pakaian seragam sekolah anak 
f. pakaian lainnya sesuai kebutuhan.
g.  dan/atau
h. kidware."
1.06.06.2.01.0004	Penanganan Khusus bagi Kelompok Rentan	Terpenuhinya Orang yang Mendapatkan Penanganan Khusus bagi Kelompok Rentan Kewenangan Kabupaten/Kota	Jumlah Orang yang Mendapatkan Penanganan Khusus bagi Kelompok Rentan Kewenangan Kabupaten/Kota	Orang	"Kelompok rentan bencana adalah masyarakat yang memiliki resiko tinggi terhadap bencana, terdiri dari: 1) bayi, 2) balita, 3) anak-anak, 4) ibu hamil / menyusui, 5) disabilitas, dan 6) Lanjut usia

Penanganan khusus bagi kelompok rentan meliputi: pembelian paket bahan permakanan khusus (lanjut usia, ibu hamil, penyandang disabilitas, dan anak);  perjalanan/transpor  pengiriman paket khusus kelompok  perkiraan jumlah kelompok  dan indeks penanganan khusus."
1.06.06.2.01.0005	Pelayanan Dukungan Psikososial	Terpenuhinya Pelayanan Dukungan Psikososial bagi Korban Bencana Kewenangan Kabupaten/Kota	Jumlah Korban Bencana yang Mendapatkan Layanan Dukungan Psikososial Kewenangan Kabupaten/Kota	Orang	dukungan psikososial, yaitu suatu upaya yang diberikan kepada individu-penyintas terdampak untuk dapat Kembali berfungsi secara normal dalam menjalani kehidupannya dalam kondisi kebencanaan
1.06.06.2.01.0007	Penyediaan Tempat Penampungan Pengungsi	Tersedianya Tempat Pengungsian Kewenangan Kabupaten/Kota	Jumlah Tempat Pengungsian Kewenangan Kabupaten/Kota	Orang	Bantuan langsung dalam bentuk penyediaan tempat penampungan sementara sebagaimana dimaksud terdiri atas: a) tenda pengungsi, b) tenda keluarga, c) tenda dapur umum, d) tenda gulung, e) tenda logistik, f) veltbed, g) matras/tikar/alas tidur, dan/atau h) kelengkapan tempat penampungan sementara lainnya sesuai kebutuhan
1.06.06.2.02.0001	Koordinasi, Sosialisasi dan Pelaksanaan Kampung Siaga Bencana	Terlaksananya Kampung yang Melaksanakan Koordinasi, Sosialisasi dan Pelaksanaan Kampung Siaga Bencana Kewenangan Kabupaten/Kota	Jumlah Kampung yang Melaksanakan Koordinasi, Sosialisasi dan Pelaksanaan Kampung Siaga Bencana Kewenangan Kabupaten/Kota	Kampung	Kampung Siaga Bencana yang selanjutnya disebut KSB adalah wadah penanggulangan bencana berbasis masyarakat yang dijadikan kawasan/tempat untuk program penanggulangan bencana.
1.06.06.2.02.0002	Koordinasi, Sosialisasi dan Pelaksanaan Taruna Siaga Bencana	Terpenuhinya Orang yang Melaksanakan Koordinasi, Sosialisasi dan Pelaksanaan Taruna Siaga Bencana Kewenangan Kabupaten/Kota	Jumlah Orang yang Melaksanakan Koordinasi, Sosialisasi dan Pelaksanaan Taruna Siaga Bencana Kewenangan Kabupaten/Kota	Orang	TAGANA (Taruna Siaga Bencana) adalah relawan sosial atau Tenaga Kesejahteraan Sosial berasal dari masyarakat yang memiliki kepedulian dan aktif dalam penanggulangan bencana bidang perlindungan sosial, yang mendapatkan pelatihan dan bimbingan  penanggulangan bencana secara berkala oleh Kementerian Sosial dan Pemerintah Daerah
1.06.07.2.01.0002	Pemeliharaan Taman Makam Pahlawan Nasional Kabupaten/Kota	Terlaksananya Pemeliharaan Taman Makam Pahlawan Nasional Kabupaten/Kota	Jumlah Makam yang Terpenuhi Pemeliharannya pada Taman Makam Pahlawan Kabupaten/Kota	Makam	Terlaksananya Pemeliharaan Taman Makam Pahlawan Nasional Kabupaten/Kota
1.06.07.2.01.0005	Pemberian Pelayanan Ziarah dan Studi di Taman Makam Pahlawan Nasional Kabupaten/Kota	Terlaksananya Pemberian Pelayanan Ziarah dan Studi di Taman Makam Pahlawan Nasional Kabupaten/Kota	Jumlah orang yang diberikan Pelayanan Ziarah dan Studi di Taman Makam Pahlawan Nasional Kabupaten/Kota	Orang	"Fasilitasi perseorangan atau kelompok untuk berziarah atau studi ke TMPN Kabupaten/Kota.

Studi berupa penyediaan data dan informasi dari yang dimakamkan (perpustakaan, karya ilmiah, buku), ruang diorama, balai pelestarian, ruang temu ilmiah, dst."
2.08.02.2.01.0001	Koordinasi dan Sinkronisasi Perumusan Kebijakan Pelaksanaan PUG				
2.08.02.2.01.0007	Koordinasi dan Sinkronisasi Pelaksanaan PUG Kewenangan Kabupaten/Kota	Terlaksananya Koordinasi dan Sinkronisasi Penyelenggaraan PUG Kewenangan kab/ kota	Jumlah laporan hasil koordinasi dan sinkronisasi penyelenggaraan PUG	Laporan	laporan hasil koordinasi dan sinkronisasi penyelenggaran PUG  meliputi 7 tahapan PUG yaitu perencanaan, penganggaran, pelaksanaan, pemantauan, evaluasi, pelaporan, dan audit (internal) PUG
2.08.02.2.02.0008	Sosialisasi Peningkatan Partisipasi Perempuan di Bidang Politik, Hukum, Sosial dan Ekonomi Kewenangan Kabupaten/Kota				
2.08.03.2.02.0008	Layanan  Pengaduan atau Penjangkauan bagi Perempuan Korban Kekerasan Tingkat Kabupaten/Kota				
2.08.04.2.02.0006	penguatan kerjasama antar Lembaga Penyedia Layanan Peningkatan Kualitas Keluarga Kewenangan Kabupaten/Kota	Terlaksananya penguatan kerjasama antar Lembaga Penyedia Layanan Peningkatan Kualitas Keluarga Kewenangan Kabupaten/Kota	Jumlah kerjasama antar Lembaga Penyedia Layanan Peningkatan Kualitas Keluarga Kewenangan Kabupaten/Kota	Lembaga	upaya kolaboratif yang bertujuan untuk membangun dan memperkuat sinergi antara berbagai lembaga penyedia layanan dalam merumuskan, melaksanakan, dan mengevaluasi program-program peningkatan kualitas keluarga, dengan fokus pada dimensi kualitas legalitas, ketahanan fisik, ekonomi, sosial psikologis, dan sosial budaya, guna mencapai kesetaraan gender dan perlindungan hak anak secara efektif di tingkat Kabupaten/Kota
2.08.04.2.02.0008	Advokasi dan Sosialisasi Pengembangan Lembaga Penyedia Layanan Peningkatan Kualitas Keluarga Kewenangan Kabupaten/Kota	Terlaksananya Advokasi dan Sosialisasi Pengembangan Lembaga Penyedia Layanan Peningkatan Kualitas Keluarga Kewenangan Kabupaten/Kota	Jumlah Lembaga Penyedia Layanan Peningkatan Kualitas Keluarga yang mendapatkan advokasi dan sosialisasi pengembangan kewenangan Kabupaten/Kota	Lembaga	&upaya terencana untuk meningkatkan kesadaran, dukungan, dan partisipasi masyarakat serta pengambil kebijakan terhadap pentingnya pengembangan lembaga penyedia layanan yang berfokus pada peningkatan kualitas keluarga, melalui penyampaian informasi dan rekomendasi yang komprehensif mengenai dimensi kualitas legalitas, ketahanan fisik, ekonomi, sosial psikologis, dan sosial budaya, demi mencapai kesetaraan gender dan perlindungan hak anak di tingkat Kabupaten/Kota.
2.08.05.2.01.0003	Penyediaan, Penyajian, dan Pemanfaatan Data Gender dan Anak Kabupaten/Kota				
2.08.06.2.01.0004	Bimbingan Teknis Pelaksanaan Kebijakan Pemenuhan Hak Anak pada Lembaga Pemerintah, Non Pemerintah, Media dan Dunia Usaha Kewenangan Kabupaten/Kota				
2.08.06.2.02.0006	penguatan kerjasama antar lembaga penyedia layanan Peningkatan Kualitas Hidup Anak Kewenangan Kabupaten/Kota				
2.08.06.2.02.0009	pendampingan penguatan dan pengembangan lembaga penyedia layanan Peningkatan Kualitas Hidup Anak Kewenangan Kabupaten/Kota				
2.08.07.2.01.0006	koordinasi dan sinkronisasi pencegahan kekerasan terhadap anak kewenangan kabupaten/kota				
2.08.07.2.02.0008	Layanan  Pengaduan atau Penjangkauan bagi Anak  Korban Kekerasan Tingkat  Kabupaten/Kota				
2.08.01.2.01.0001	Penyusunan Dokumen Perencanaan Perangkat Daerah				
2.08.01.2.01.0006	Koordinasi dan Penyusunan Laporan Capaian Kinerja dan Ikhtisar Realisasi Kinerja SKPD				
2.08.01.2.02.0001	Penyediaan Gaji dan Tunjangan ASN				
2.08.01.2.02.0003	"Pelaksanaan Penatausahaan dan

Pengujian/Verifikasi Keuangan SKPD"				
2.08.01.2.06.0002	Penyediaan Peralatan dan Perlengkapan Kantor				
2.08.01.2.06.0004	Penyediaan Bahan Logistik Kantor				
2.08.01.2.07.0009	Pengadaan Gedung Kantor atau Bangunan Lainnya				
2.08.01.2.07.0010	Pengadaan Sarana dan Prasarana Gedung Kantor atau Bangunan Lainnya				
2.08.01.2.08.0002	Penyediaan Jasa Komunikasi, Sumber Daya Air dan Listrik				
2.08.01.2.08.0004	Penyediaan Jasa Pelayanan Umum Kantor				
2.08.01.2.09.0002	Penyediaan Jasa Pemeliharaan, Biaya Pemeliharaan, Pajak dan Perizinan Kendaraan Dinas Operasional atau Lapangan				
2.08.01.2.09.0010	Pemeliharaan/Rehabilitasi Sarana dan Prasarana Gedung Kantor atau Bangunan Lainnya				
2.07.02.2.01.0001	Penyusunan Rencana Tenaga Kerja Makro	Tersusunnya Rencana Tenaga Kerja Makro	Jumlah Dokumen Rencana Tenaga Kerja Makro	Dokumen	Penyusunan Rencana Tenaga Kerja Makro adalah tersusunnya rencana tenaga kerja makro dengan alat ukur Data dokumen rencana tenaga kerja makro dengan satuan dokumen yang dilaksanakan berdasarkan Keputusan Menteri Tenaga Kerja dan Transmigrasi RI Nomor 309 Tahun 2013 tentang Pedoman Penyusunan Perencanaan Tenaga Kerja Provinsi dan Kabupaten/Kota yang diakomodir oleh bidang yang memiliki tugas dan fungsi perencanaan ketenagakerjaan atau Sekretariat Dinas
2.07.03.2.01.0001	Proses Pelaksanaan Pendidikan dan Pelatihan Keterampilan bagi Pencari Kerja berdasarkan Klaster Kompetensi				
2.07.03.2.01.0003	Pengadaan Sarana Pelatihan Kerja Kabupaten/Kota	Tersedianya Sarana Pelatihan Kerja Kabupaten/Kota	Jumlah Pengadaan dan Pemeliharaan Sarana Pelatihan Kerja	Unit	Tersedianya Sarana Pelatihan Kerja Kabupaten/Kota dengan alat ukur Jumlah pengadaan dan pemeliharaan sarana pelatihan vokasi dan produktivitas dengan satuan unit yang dilaksanakan berdasarkan Peraturan Presiden Nomor 16 Tahun 2018 tentang Pengadaan Barang/ Jasa Pemerintah dan dilaksanakan oleh Bidang Pelatihan dan Produktivitas
2.07.03.2.02.0001	Pembinaan Lembaga Pelatihan Kerja Swasta	Terlaksananya Pembinaan Lembaga Pelatihan Kerja Swasta	Jumlah Lembaga Pelatihan Kerja Swasta yang Dibina	Lembaga	Terlaksananya pembinaan dinas kab/kota utk membina lpk terhadap pemahaman 8 standar kmpi sesuai dengan ketemtuan permenaker 5 tahun 2022 tentang pelaksanaan akreditasi lpk. Sebagai prasyarat awal utk akreditasi lpk. Terjadinya Sinergi dan kolaborasi dinas kab/kota dengan dinas provinsi, kementerian ketenagakerjaan dalam melakukan proses pembinaan lpk untuk pelaksanaan akreditasi
2.07.03.2.04.0001	Pelaksanaan Konsultasi Produktivitas kepada Perusahaan Kecil	Terlaksananya Konsultasi Produktivitas kepada Perusahaan Kecil	Jumlah Perusahaan Kecil yang Mendapat Konsultansi Peningkatan Produktivitas	Perusahaan	Terlaksananya Koordinasi Bimbingan Konsultansi Peningkatan Produktivitas pada setiap satuan kerja Unit Pelaksana Teknis Bidang Pelatihan Vokasi dan Produktivitas Kementerian Ketenagakerjaan, Unit Pelaksana Teknis Daerah Bidang Pelatihan Vokasi dan Produktivitas Provinsi, dan bidang pelatihan dan produktivitas pada Dinas Daerah yang membidangi ketenagakerjaan Provinsi dalam rangka rangka meningkatkan produktivitas dan daya saing tenaga kerja di perusahaan berdasarkan Kepdirjen Binalattas Nomor 2/268/HK.05/II/2024 tentang Petunjuk Teknis Bimbingan Konsultansi Peningkatan Produktivitas
2.07.04.2.03.0003	Job Fair/Bursa Kerja	Terlaksananya Job Fair/Bursa Kerja	Jumlah Pencari Kerja yang Mendapatkan Pekerjaan Melalui Job Fair/Bursa Kerja	Orang	Penyelenggaraan kegiatan pameran atau layanan yang mempertemukan antara pencari kerja dan pemberi kerja
2.07.05.2.01.0001	Pengesahan Peraturan Perusahaan bagi Perusahaan	Terlaksananya Pengesahan Peraturan Perusahaan yang Terkait dengan Hubungan Industrial dan Terdaftar di WLKP Online	Jumlah Perusahaan yang Melaksanakan Pengesahan Peraturan Perusahaan yang Terkait dengan Hubungan Industrial dan Terdaftar di WLKP Online	Perusahaan	Pengesahan Peraturan Perusahaan (PP) yang dilakukan di Dinas Tenaga Kerja Tingkat Kab/Kota oleh Perusahaan yang memiliki cabang di satu Kab/Kota dan terdaftar di WLKP Online.
2.07.05.2.01.0002	Pendaftaran Perjanjian Kerja Sama bagi Perusahaan	Terlaksananya Perjanjian Kerja Sama bagi Perusahaan	Jumlah Perusahaan yang Menyusun Perjanjian Kerja Bersama	Perusahaan	Pendaftaran Perjanjian Kerja Bersama (PKB) yang dilakukan di Dinas Tenaga Kerja Tingkat Kab/Kota oleh Perusahaan yang memiliki cabang di satu Kab/Kota dan terdaftar di WLKP Online.
2.07.05.2.01.0003	Penyelenggaraan Pendataan dan Informasi Sarana Hubungan Industrial dan Jaminan Sosial Tenaga Kerja serta Pengupahan	Terselenggaranya Pendataan dan Informasi Sarana Hubungan Industrial (PP/PKB, Struktur Skala Upah, dan LKS Bipartit) dan Pekerja yang Terdaftar sebagai Peserta Jamsostek serta Pengupahan	Jumlah Data dan Informasi Sarana HI (PP/PKB, Struktur Skala Upah, dan LKS Bipartit) dan Pekerja yang Terdaftar sebagai Peserta Jamsostek serta Pengupahan	Laporan	Pendataan Sarana HI (PP/PKB, Struktur Skala Upah, LKS Bipartit dan Pekerja yang terdaftar sebagai peserta Jaminan Sosial) pada perusahaan yang memiliki cabang di satu Kab/Kota, serta data - data terkait Perjanjian Kerja, PHK, Mogok, Perselisihan hubungan industrial, dan SP/SB di wilayah Kab/Kota melalui aplikasi SigapHI
2.07.05.2.02.0001	Pencegahan Perselisihan Hubungan Industrial, Mogok Kerja, dan Penutupan Perusahaan yang Berakibat/Berdampak pada Kepentingan di 1 (Satu) Daerah Kabupaten/Kota	Terlaksananya Pencegahan Perselisihan Hubungan Industrial, Mogok Kerja, dan Penutupan Perusahaan yang Berakibat/Berdampak pada Kepentingan di 1 (Satu) Daerah Kabupaten/Kota	Jumlah Perselisihan yang Dicegah	Perkara	Pencegahan Perselisihan Hubungan Industrial, Mogok Kerja, dan Penutupan Perusahaan yang terjadi di lebih dari satu cabang pada perusahaan yang sama di satu Kab/Kota
2.07.05.2.02.0002	Penyelesaian Perselisihan Hubungan Industrial, Mogok Kerja, dan Penutupan Perusahaan yang Berakibat/Berdampak pada Kepentingan di 1 (satu) Daerah Kabupaten/Kota	Terselesaikannya Perselisihan Hubungan Industrial, Mogok Kerja, dan Penutupan Perusahaan yang Berakibat/Berdampak pada Kepentingan di 1 (Satu) Daerah Kabupaten/Kota	Jumlah Perkara Perselisihan yang Terselesaikan	Perkara	Penyelesaian kasus perselisihan Hubungan Industrial melalui mediasi yang terjadi di lebih dari satu cabang pada perusahaan yang sama di satu Kab/Kota.
2.07.05.2.02.0003	Penyelenggaraan Verifikasi dan Rekapitulasi Keanggotaan pada Organisasi Pengusaha, Federasi dan Konfederasi Serikat Pekerja/Serikat Buruh serta Non Afiliasi	Terselenggaranya Verifikasi dan Rekapitulasi Keanggotaan pada Organisasi Pengusaha, Federasi dan Konfederasi Serikat Pekerja/Serikat Buruh serta Non Afiliasi	Jumlah Asosiasi Pengusaha dan Serikat Pekerja yang Diverifikasi	Asosiasi dan Serikat Pekerja	Verifikasi dan rekapitulasi keanggotan Organisasi Pengusaha dan Konfederasi/Federasi/Serikat Pekerja serta Non Afiliasi yang didaftarkan di Dinas Tenaga Kerja Kab/Kota
2.07.05.2.02.0004	Pelaksanaan Operasional Lembaga Kerja Sama Tripartit Daerah Kabupaten/Kota	Terlaksananya Operasional Lembaga Kerja Sama Tripartit Daerah Kabupaten/Kota	Jumlah LKS Tripartit yang Dibina	Lembaga	Pembentukan dan pemberdayaan LKS Tripartit di tingkat Kab/Kota
2.07.05.2.02.0005	Pengembangan Pelaksanaan Jaminan Sosial Tenaga Kerja dan Fasilitas Kesejahteraan Pekerja	Terlaksananya Pengembangan Pelaksanaan Jaminan Sosial Tenaga Kerja dan Fasilitas Kesejahteraan Pekerja	Terlaksananya Program Jaminan Sosial Tenaga Kerja dan Fasilitas Kesejahteraan Pekerja	Orang	Tenaga kerja yang terdaftar Program Jaminan Sosial Tenaga Kerja pada BPJS Ketenagakerjaan dan perusahaan yang menyediakan fasilitas kesejahteraan pekerja di Kab/Kota
2.07.01.2.01.0001	Penyusunan Dokumen Perencanaan Perangkat Daerah				
2.07.01.2.02.0001	Penyediaan Gaji dan Tunjangan ASN				
2.07.01.2.02.0003	"Pelaksanaan Penatausahaan dan

Pengujian/Verifikasi Keuangan SKPD"				
2.07.01.2.06.0002	Penyediaan Peralatan dan Perlengkapan Kantor				
2.07.01.2.06.0004	Penyediaan Bahan Logistik Kantor				
2.07.01.2.07.0010	Pengadaan Sarana dan Prasarana Gedung Kantor atau Bangunan Lainnya				
2.07.01.2.08.0002	Penyediaan Jasa Komunikasi, Sumber Daya Air dan Listrik				
2.07.01.2.08.0004	Penyediaan Jasa Pelayanan Umum Kantor				
2.07.01.2.09.0002	Penyediaan Jasa Pemeliharaan, Biaya Pemeliharaan, Pajak dan Perizinan Kendaraan Dinas Operasional atau Lapangan				
2.07.01.2.09.0009	Pemeliharaan/Rehabilitasi Gedung Kantor dan Bangunan Lainnya				
2.07.01.2.09.0010	Pemeliharaan/Rehabilitasi Sarana dan Prasarana Gedung Kantor atau Bangunan Lainnya				
3.32.03.2.01.0001	Koordinasi dan Sinkronisasi Kerja Sama Pembangunan Transmigrasi yang Berasal dari 1 (Satu) Daerah Kabupaten/Kota	Terlaksananya Koordinasi dan Sinkronisasi Kerja Sama Pembangunan Transmigrasi yang Berasal dari 1 (Satu) Daerah Kabupaten/Kota	Jumlah Laporan Hasil Koordinasi dan Sinkronisasi Kerja Sama Pembangunan Transmigrasi yang Berasal dari 1 (Satu) Daerah Kabupaten/Kota	Laporan	Koordinasi dan sinkronisasi kerjasama pembangunan transmigrasi yang berasal dari 1 (satu) daerah kabupaten/kota adalah terlaksananya koordinasi dan sinkronisasi kerjasama pembangunan transmigrasi yang berasal dari 1 (satu) daerah kabupaten/kota dengan alat ukur jumlah laporan hasil koordinasi dan sinkronisasi kerjasama pembangunan transmigrasi yang berasal dari 1 (satu) daerah kabupaten/kota dengan satuan Laporan berdasarkan PP Nomor 28 Tahun 2018 tentang Kerja Sama Daerah, PP tentang Pelaksanaan Undang-Undang Nomor 15 Tahun 1997 tentang Ketransmigrasian dan Permendesa PDTT 25 Tahun 2016 tentang Pembangunan dan Pengembangan Prasarana, Sarana, dan Utilitas Umum Kawasan Transmigrasi.
2.12.02.2.01.0001	Pendataan Penduduk Non Permanen dan Rentan Administrasi Kependudukan	Tersedianya Pendataan Penduduk Non Permanen dan Rentan Administrasi Kependudukan	Jumlah Dokumen Hasil Pendataan Penduduk Non Permanen dan Rentan Administrasi Kependudukan	Dokumen	"1. Penduduk Nonpermanen adalah Penduduk Warga Negara 
Indonesia dan orang asing yang bertempat tinggal di luar 
alamat domisili sebagaimana tertera pada kartu tanda 
penduduk elektronik, kartu keluarga, surat keterangan 
tempat tinggal yang dimilikinya paling lama 1 (satu) tahun 
dan tidak bertujuan untuk menetap.

2. Penduduk Rentan Administrasi Kependudukan adalah 
Penduduk yang mengalami hambatan dalam memperoleh 
dokumen kependudukan yang disebabkan oleh bencana alam dan kerusuhan sosial

3. Pendataan dan penerbitan Dokumen Kependudukan bagi 
Penduduk Rentan Administrasi Kependudukan, meliputi: Penduduk Korban Bencana Alam, Penduduk Korban Bencana Sosial, Orang  dan Komunitas Terpencil serta Penduduk yang Menempati Kawasan Hutan, tanah negara dan/atau  tanah dalam Kasus Pertanahan.

4. laporan rekapitulasi pendaftaran penduduk non permanen yang dilakukan diwilayahnya.

5. laporan rekapitulasi pendataan penduduk rentan adminduk yang dilakukan diwilayahnya."
2.12.02.2.01.0003	Penyelesaian Masalah Pendaftaran Penduduk	Terlasaksananya Penyelesaian Masalah Pendaftaran Penduduk	Jumlah Penduduk yang Mendapatkan Pelayanan Penyelesaian Masalah Pendaftaran Penduduk	Orang	Pendaftaran Penduduk adalah pencatatan biodata Penduduk, pencatatan atas pelaporan Peristiwa Kependudukan dan pendataan Penduduk rentan Administrasi Kependudukan serta penerbitan Dokumen Kependudukan berupa kartu identitas atau surat keterangan kependudukan.
2.12.02.2.01.0004	Peningkatan Pelayanan Pendaftaran Penduduk	Meningkatnya Pelayanan Pendaftaran Penduduk	Jumlah Laporan Hasil Peningkatan Pelayanan Pendaftaran Penduduk	Laporan	Pendaftaran Penduduk adalah pencatatan biodata Penduduk, pencatatan atas pelaporan Peristiwa Kependudukan dan pendataan Penduduk rentan Administrasi Kependudukan serta penerbitan Dokumen Kependudukan berupa kartu identitas atau surat keterangan kependudukan.
2.12.02.2.02.0002	Pengadaan Dokumen Kependudukan selain Blangko KTP-El, Formulir, dan Buku Terkait Pendaftaran Penduduk Sesuai dengan Kebutuhan	Tersedianya Dokumen Kependudukan selain Blangko KTP-El, Formulir, dan Buku Terkait Pendaftaran Penduduk Sesuai dengan Kebutuhan	Jumlah Dokumen Kependudukan selain Blangko KTP-El, Formulir, dan Buku Terkait Pendaftaran Penduduk Sesuai dengan Kebutuhan yang Tersedia	Dokumen	"1. Pendaftaran Penduduk adalah pencatatan biodata Penduduk, pencatatan atas pelaporan Peristiwa Kependudukan dan pendataan Penduduk rentan Administrasi Kependudukan serta penerbitan Dokumen Kependudukan berupa kartu identitas atau surat keterangan kependudukan. 

2. Dokumen kependudukan selain blangko KTP-el adalah Biodata, KK, KIA, Surat keterangan kependudukan.

3. Formulir adalah Formulir pengajuan Layanan Pendaftaran Penduduk adalah lembar isian yang harus diisi oleh Penduduk dalam memperoleh pelayanan Administrasi Kependudukan yang dapat berbentuk formulir pengajuan pelayanan dan/atau formulir kelengkapan persyaratan pelayanan. 

4. Buku Yang Digunakan Dalam Administrasi Kependudukan yang selanjutnya disebut Buku adalah lembar kertas yang berjilid yang digunakan untuk mencatat transaksi data kependudukan pada tingkat desa/kelurahan, unit pelaksana teknis Disdukcapil Kabupaten/Kota,Disdukcapil Kabupaten/Kota. 

5.  Kabupaten /Kota wajib menyediakan kebutuhan untuk pelayanan pendaftaran penduduk sebagaimana di maksud pada nomor 2- 4 diatas."
2.12.02.2.04.0003	Bimbingan Teknis Terkait Pendaftaran Penduduk	Terlaksananya Bimbingan Teknis Terkait Pendaftaran Penduduk	Jumlah Laporan bimbingan Teknis Terkait Pendaftaran Penduduk	Laporan	Pendaftaran Penduduk adalah pencatatan biodata Penduduk, pencatatan atas pelaporan Peristiwa Kependudukan dan pendataan Penduduk rentan Administrasi Kependudukan serta penerbitan Dokumen Kependudukan berupa kartu identitas atau surat keterangan kependudukan.
2.12.03.2.01.0002	Peningkatan dalam Pelayanan Pencatatan Sipil	Meningkatnya Pelayanan Pencatatan Sipil	Jumlah Layanan Pencatatan Sipil yang Ditingkatkan	Layanan	Pencatatan Sipil adalah pencatatan Peristiwa Penting yang dialami oleh seseorang dalam register Pencatatan Sipil pada Instansi Pelaksana.
2.12.03.2.02.0001	Koordinasi dengan Kantor Kementerian yang Menyelenggarakan Urusan Pemerintahan di Bidang Agama Kabupaten/Kota dan Pengadilan Agama yang Berkaitan dengan Pencatatan Nikah, Talak, Cerai, dan Rujuk bagi Penduduk yang Beragama Islam	Terlaksananya Koordinasi dengan Kantor Kementerian yang Menyelenggarakan Urusan Pemerintahan di Bidang Agama Kabupaten/Kota dan Pengadilan Agama yang Berkaitan dengan Pencatatan Nikah, Talak, Cerai, dan Rujuk bagi Penduduk yang Beragama Islam	Jumlah Laporan Hasil Koordinasi dengan Kantor Kementerian yang Menyelenggarakan Urusan Pemerintahan di Bidang Agama Kabupaten/Kota dan Pengadilan Agama yang Berkaitan dengan Pencatatan Nikah, Talak, Cerai, dan Rujuk bagi Penduduk yang Beragama Islam	Laporan	"1. Koordinasi  dengan Kantor Agama Kab/Kota dan KUA Kecamatan

2.  Koordinasi  dengan Pengadilan Agama"
2.12.04.2.01.0001	Pengolahan dan Penyajian Data Kependudukan	Terlaksananya Pengolahan dan Penyajian Data Kependudukan	Jumlah Dokumen Data Kependudukan yang Diolah dan Disajikan	Dokumen	Tersedianya Dokumen Data Kependudukan yang Diolah dan Disajikan
2.12.04.2.01.0002	Kerja Sama Pemanfaatan Data Kependudukan	Terlaksananya Kerja Sama Pemanfaatan Data Kependudukan	Jumlah Dokumen Kerja Sama Pemanfaatan Data Kependudukan	Dokumen	Jumlah perjanjian kerjasama pemanfaatan data kependudukan antara dinas dukcapil dengan perangkat daerah
2.12.04.2.03.0003	Fasilitasi Terkait Pengelolaan Informasi Administrasi Kependudukan	Terfasilitasinya Pengelolaan Informasi Administrasi Kependudukan	Jumlah Laporan Hasil Fasilitasi Pengelolaan Informasi Administrasi Kependudukan	Laporan	Tersedianya Laporan Hasil Fasilitasi Pengelolaan Informasi Administrasi Kependudukan
2.12.04.2.03.0007	Komunikasi, Informasi, dan Edukasi kepada Pemangku Kepentingan dan Masyarakat	Terlaksananya Komunikasi, Informasi, dan Edukasi kepada Pemangku Kepentingan dan Masyarakat	Jumlah Dokumen Hasil Komunikasi, Informasi, dan Edukasi kepada Pemangku Kepentingan dan Masyarakat	Laporan	Tersusunnya dokumen yang dihasilkan dari kegiatan komunikasi, informasi, dan edukasi (KIE) yang ditujukan kepada pemangku kepentingan dan masyarakat dalam rangka meningkatkan pemahaman, kesadaran, serta partisipasi terhadap penyelenggaraan administrasi kependudukan.
2.12.01.2.01.0001	Penyusunan Dokumen Perencanaan Perangkat Daerah				
2.12.01.2.01.0006	Koordinasi dan Penyusunan Laporan Capaian Kinerja dan Ikhtisar Realisasi Kinerja SKPD				
2.12.01.2.02.0001	Penyediaan Gaji dan Tunjangan ASN				
2.12.01.2.02.0003	"Pelaksanaan Penatausahaan dan

Pengujian/Verifikasi Keuangan SKPD"				
2.12.01.2.06.0002	Penyediaan Peralatan dan Perlengkapan Kantor				
2.12.01.2.06.0004	Penyediaan Bahan Logistik Kantor				
2.12.01.2.06.0009	Penyelenggaraan Rapat Koordinasi dan Konsultasi SKPD				
2.12.01.2.07.0010	Pengadaan Sarana dan Prasarana Gedung Kantor atau Bangunan Lainnya				
2.12.01.2.08.0002	Penyediaan Jasa Komunikasi, Sumber Daya Air dan Listrik				
2.12.01.2.08.0004	Penyediaan Jasa Pelayanan Umum Kantor				
2.12.01.2.09.0001	Penyediaan Jasa Pemeliharaan, Biaya Pemeliharaan, dan Pajak Kendaraan Perorangan Dinas atau Kendaraan Dinas Jabatan				
2.12.01.2.09.0009	Pemeliharaan/Rehabilitasi Gedung Kantor dan Bangunan Lainnya				
2.12.01.2.09.0010	Pemeliharaan/Rehabilitasi Sarana dan Prasarana Gedung Kantor atau Bangunan Lainnya				
2.13.02.2.01.0006	Fasilitasi Sarana dan Prasarana Desa	Terfasilitasinya Sarana dan Prasarana Desa	Jumlah Sarana dan Prasarana Desa yang terfasilitasi	Unit	Sub kegiatan ini dilaksanakan dalam rangka untuk membantu desa dalam perencanaan, pengadaan, pembangunan, dan pemeliharaan sarana dan prasarana yang menunjang pelayanan publik, kegiatan ekonomi, dan kesejahteraan masyarakat desa untuk Meningkatkan kualitas dan aksesibilitas infrastruktur dasar di desa berdasarkan Undang Undang Nomor 3 Tahun 2024 tentang perubahan atas Undang-Undang Nomor 6 Tahun 2014 tentang Desa serta  Permendagri Nomor 2 Tahun 2017 tentang Standar Pelayanan Minimal (SPM) Desa.
2.13.03.2.01.0003	Fasilitasi Pembangunan Kawasan Perdesaan	Terlaksananya Fasilitasi Pembangunan Kawasan Perdesaan	Jumlah Dokumen Hasil Fasilitasi Pembangunan Kawasan Perdesaan	Dokumen	"&Sub kegiatan ini di laksanakan Kab/Kota dalam rangka memberikan  upaya pemberdayaan
masyarakat Desa melalui pengawasan dan pemantauan penyelenggaraan Pemerintahan Desa dan pembangunan Desa yang dilakukan secara partisipatif oleh masyarakat Desa berdasarkan pada Peraturan Menteri Dalam Negeri Republik Indonesia Nomor 114 Tahun 2014 Tentang Pedoman Pembangunan Desa&"
2.13.04.2.01.0004	Fasilitasi Pengelolaan Keuangan Desa	Terlaksananya Fasilitasi Pengelolaan Keuangan Desa	Jumlah Dokumen Hasil Fasilitasi Pengelolaan Keuangan Desa	Dokumen	Sub kegiatan ini dilaksanakan dalam pendampingan, asistensi teknis, dan penguatan kapasitas yang dilakukan oleh pemerintah daerah dan pusat untuk memastikan pengelolaan keuangan desa dilaksanakan secara transparan, akuntabel, partisipatif, dan sesuai dengan ketentuan peraturan perundang-undangan.
2.13.04.2.01.0008	Pembinaan dan Pemberdayaan BUM Desa dan Lembaga Kerja Sama antar Desa	Terlaksananya Pembinaan dan Pemberdayaan BUM Desa dan Lembaga Kerja Sama antar Desa	Jumlah Dokumen Hasil Pembinaan dan Pemberdayaan BUM Desa dan Lembaga Kerja Sama antar Desa	Dokumen	Pada Level Sub Kegiatan Pembinaan dan pemberdayaan BUM Desa serta Lembaga Kerja Sama Antar Desa bertujuan untuk meningkatkan kapasitas kelembagaan, tata kelola, dan kinerja ekonomi desa melalui pendampingan, pelatihan, dan penguatan kolaborasi antar desa untuk dapat Meningkatkan pendapatan asli desa (PADes). hal ini berdasarkan Permendagri No. 96 Tahun 2017 tentang Kerja Sama Desa
2.13.04.2.01.0011	Fasilitasi Penyusunan Profil Desa	Terlaksananya Fasilitasi Penyusunan Profil Desa	Jumlah Dokumen Profil Desa yang tersusun	Dokumen	Pada Sub Kegiatan ini dilakukan Kab/Kota untuk mendukung serta memfasilitasi pelaksanaan Penyusunan Profil Desa dalam menyusun dokumen profil desa yang akurat, komprehensif, dan sesuai dengan pedoman resmi serta dapat Menyediakan data dasar untuk program lintas sektor berdasarkan Peraturan Menteri Dalam Negeri Nomor 12 Tahun 2007 Tentang Pedoman Penyusunan Dan Pendayagunaan Data Profil Desa Dan Kelurahan.
2.13.04.2.01.0013	Fasilitasi Pengelolaan Aset Desa	Terlaksananya Fasilitasi Pengelolaan Aset Desa	Jumlah Dokumen Hasil Fasilitasi Pengelolaan Aset Desa	Dokumen	Sub Kegiatan di laksanakan oleh Kab/Kota dalam rangka pendampingan dan pembinaan yang bertujuan untuk meningkatkan kapasitas pemerintah desa dalam menginventarisasi, mengelola, dan memanfaatkan aset desa sehingga Meningkatkan akuntabilitas dan transparansi pengelolaan aset oleh Desa berdasarkan Permendagri No. 1 Tahun 2016 tentang Pengelolaan Aset Desa
2.13.04.2.01.0014	Pembinaan Peningkatan Kapasitas Anggota BPD	Terlaksananya Pembinaan Peningkatan Kapasitas Anggota BPD	Jumlah Anggota BPD yang Mengikuti Pembinaan Peningkatan Kapasitas	Orang	Sub Kegiatan ini dalam rangka Pemerintah Kab/Kota mendorong kemampuan, pengetahuan, dan keterampilan anggota BPD dalam menjalankan fungsi legislasi, pengawasan, dan penyaluran aspirasi masyarakat desa secara efektif, partisipatif, dan sesuai dengan Peraturan Menteri dalam Negeri Nomor 110 Tahun 2017 Tentang Badan Permusyawaratan Desa.
2.13.04.2.01.0015	Fasilitasi Penetapan dan Penegasan Batas Desa	Terlaksananya Fasilitasi Penetapan dan Penegasan Batas Desa	Jumlah Desa yang Difasilitasi dalam Penetapan Dan Penegasan Batas Desa	Desa	Sub Kegiatan ini dalam rangka pendampingan, asistensi teknis, dan koordinasi yang dilakukan oleh pemerintah kabupaten/kota untuk membantu desa dalam menetapkan dan menegaskan batas wilayahnya secara legal, partisipatif, dan sesuai dengan ketentuan peraturan perundang-undangan, untuk menjamin kepastian hukum dan mendukung tertib administrasi pemerintahan desa.
2.13.05.2.01.0002	Fasilitasi Penataan, Pemberdayaan dan Pendayagunaan Kelembagaan Lembaga Kemasyarakatan Desa/Kelurahan (RT, RW, PKK, Posyandu, LPM, dan Karang Taruna), Lembaga Adat Desa/Kelurahan dan Masyarakat Hukum Adat	Terlaksananya Penataan, Pemberdayaan dan Pendayagunaan Kelembagaan Lembaga Kemasyarakatan Desa/Kelurahan (RT, RW, PKK, Posyandu, LPM, dan Karang Taruna), Lembaga Adat Desa/Kelurahan dan Masyarakat Hukum Adat	Jumlah Dokumen Hasil Penataan, Pemberdayaan dan Pendayagunaan Kelembagaan Lembaga Kemasyarakatan Desa/Kelurahan (RT, RW, PKK, Posyandu, LPM, dan Karang Taruna), Lembaga Adat Desa/Kelurahan dan Masyarakat Hukum Adat	Dokumen	0
2.13.05.2.01.0003	Peningkatan Kapasitas Kelembagaan Lembaga Kemasyarakatan Desa/Kelurahan (RT, RW, PKK, Posyandu, LPM, dan Karang Taruna), Lembaga Adat Desa/Kelurahan dan Masyarakat Hukum Adat	Meningkatnya Kapasitas Kelembagaan Lembaga Kemasyarakatan Desa/Kelurahan (RT, RW, PKK, Posyandu, LPM, dan Karang Taruna), Lembaga Adat Desa/Kelurahan dan Masyarakat Hukum Adat	Jumlah Lembaga Kemasyarakatan Desa/Kelurahan (RT, RW, PKK, Posyandu, LPM, dan Karang Taruna), Lembaga Adat Desa/Kelurahan dan Masyarakat Hukum Adat yang Ditingkatkan Kapasitasnya	Lembaga	0
2.13.05.2.01.0006	Fasilitasi Pemerintah Desa dalam Pemanfaatan Teknologi Tepat Guna	Terlaksananya Fasilitasi Pemerintah Desa dalam Pemanfaatan Teknologi Tepat Guna	Jumlah Laporan Hasil Fasilitasi Pemerintah Desa dalam Pemanfaatan Teknologi Tepat Guna	Laporan	0
2.13.05.2.01.0009	Fasilitasi Tim Penggerak PKK dalam Penyelenggaraan Gerakan Pemberdayaan Masyarakat dan Kesejahteraan Keluarga	Terlaksananya Fasilitasi Tim Penggerak PKK dalam Penyelenggaraan Gerakan Pemberdayaan Masyarakat dan Kesejahteraan Keluarga	Jumlah Dokumen Hasil Fasilitasi Tim Penggerak PKK dalam Penyelenggaraan Gerakan Pemberdayaan Masyarakat dan Kesejahteraan Keluarga	Dokumen	0
2.13.01.2.01.0006	Koordinasi dan Penyusunan Laporan Capaian Kinerja dan Ikhtisar Realisasi Kinerja SKPD				
2.13.01.2.02.0001	Penyediaan Gaji dan Tunjangan ASN				
2.13.01.2.02.0003	"Pelaksanaan Penatausahaan dan

Pengujian/Verifikasi Keuangan SKPD"				
2.13.01.2.06.0002	Penyediaan Peralatan dan Perlengkapan Kantor				
2.13.01.2.06.0004	Penyediaan Bahan Logistik Kantor				
2.13.01.2.07.0011	Pengadaan Sarana dan Prasarana Pendukung Gedung Kantor atau Bangunan Lainnya				
2.13.01.2.08.0002	Penyediaan Jasa Komunikasi, Sumber Daya Air dan Listrik				
2.13.01.2.08.0004	Penyediaan Jasa Pelayanan Umum Kantor				
2.13.01.2.09.0002	Penyediaan Jasa Pemeliharaan, Biaya Pemeliharaan, Pajak dan Perizinan Kendaraan Dinas Operasional atau Lapangan				
2.13.01.2.09.0009	Pemeliharaan/Rehabilitasi Gedung Kantor dan Bangunan Lainnya				
2.13.01.2.09.0011	Pemeliharaan/Rehabilitasi Sarana dan Prasarana Pendukung Gedung Kantor atau Bangunan Lainnya				
2.14.02.2.01.0027	Advokasi, Sosialisasi dan Fasilitasi Pelaksanaan Pendidikan Kependudukan Jalur Formal di Satuan Pendidikan Jenjang SD/MI dan SLTP/MTS, serta Jalur Nonformal dan Informal				
2.14.02.2.02.0012	Pencatatan dan Pengumpulan Data Keluarga				
2.14.02.2.02.0013	Pengolahan dan Pelaporan Data Pengendalian Lapangan dan Pelayanan KB	Terlaksananya Pengolahan dan Pelaporan Data Pengendalian Lapangan dan Pelayanan KB	Jumlah Dokumen Pengolahan dan Pelaporan Data Pengendalian Lapangan dan Pelayanan KB	Dokumen	Mengolah dan Membuat Laporan Data Pengendalian Lapangan Pelayanan KB.
2.14.03.2.01.0010	Pengelolaan Operasional dan Sarana di Balai Penyuluhan Bangga Kencana	Terkelolanya Operasional dan Sarana di Balai Penyuluhan Bangga Kencana (Pembangunan Keluarga, Kependudukan, dan Keluarga Berencana)	Jumlah Laporan Hasil Pengelolaan Operasional dan Sarana di Balai Penyuluhan Bangga Kencana (Pembangunan Keluarga, Kependudukan, dan Keluarga Berencana)	Laporan	"Sarana: Adalah segala sesuatu yang dapat dipakai sebagai alat dalam mencapai maksud atau tujuan
Balai Penyuluh KB: adalah bangunan yang terletak di wilayah kecamatan, berfungsi sebagai tempat beraktifitas dalam merencanakan, melaksanakan, mengevaluasi, mengendalikan dan pembinaan kepada petugas dan pengelola (PKB dan PLKB, Institusi Masyarakat Perdesaan/Perkotaan dan mitra kerja) dalam operasional Program KKBPK tingkat kecamatan."
2.14.03.2.01.0012	Promosi dan KIE Program Bangga Kencana Melalui Media Massa Cetak dan Elektronik serta Media Luar Ruang	Terlaksananya Promosi dan KIE Program Bangga Kencana (Pembangunan Keluarga, Kependudukan, dan Keluarga Berencana) Melalui Media Massa Cetak dan Elektronik serta Media Luar Ruang	Jumlah Dokumen Promosi dan KIE Program Bangga Kencana (Pembangunan Keluarga, Kependudukan, dan Keluarga Berencana) Melalui Media Massa Cetak dan Elektronik serta Media Luar Ruang	Dokumen	"Media Cetak: Adalah segala barang cetak yang dipergunakan sebagai sarana penyampaian pesan

Media Elektronik: Adalah media yang menggunakan elektronik atau energi elektromekanik bagi pengguna akhir untuk mengakses kontennya

Media Luar Ruang: media yang berukuran besar dipasang di tempat - tempat terbuka seperti di pinggir jalan, di pusat keramaian, atau tempat - tempat khusus lainnya, seperti di dalam bus kota, gedung, pagar tembok, dan sebagainya.

untuk advokasi Promosi dan KIE Program Bangga Kencana Sesuai Kearifan Budaya Lokal"
2.14.03.2.01.0014	Advokasi Program Bangga kencana oleh pokja advokasi kepada Stakeholders dan Mitra Kerja	Terlaksananya Advokasi Program Bangga Kencana (Pembangunan Keluarga, Kependudukan, dan Keluarga Berencana) kepada Stakeholders dan Mitra Kerja	Jumlah Organisasi yang Mendapatkan Advokasi Program Bangga Kencana (Pembangunan Keluarga, Kependudukan, dan Keluarga Berencana) kepada Stakeholders dan Mitra Kerja	Organisasi	"Pemangku kepentingan/Stakeholder (Lembaga pemerintah): Adalah segenap pihak lembaga pemerintah  yang terkait dengan isu dan permasalahan yang sedang diangkat 
Mitra Kerja (Lembaga Non Pemerintah): pihak Non pemerintah yang membantu/ bekerjasama dalam melaksanakan tugas-tugas yang dikerjasamakan."
2.14.03.2.02.0004	Penggerakan Kader Institusi Masyarakat Pedesaan (IMP)	Terlaksananya Penggerakan Kader Institusi Masyarakat Pedesaan (IMP)	Jumlah Kader yang Mengikuti Penggerakan Kader Institusi Masyarakat Pedesaan (IMP)	Orang	"Penggerakkan KB: Adalah rangkaian kegiatan berupa pemantapan calon peserta agar bersedia menggunakan KB khususnya MKJP
IMP (institusi masyarakat pedesaan) : Adalah wadah pengorganisasian dan pembinaan keluarga serta wadah pengelolaan dan pelaksanaan gerakan KB Nasional ditingkat desa / kelurahan kebawah. Wadah tersebut secara nasional disebut PPKBD, Sub PPKBD dan Kelompok KB."
2.14.03.2.03.0001	Pengendalian Pendistribusian Alat dan Obat Kontrasepsi dan Sarana Penunjang Pelayanan KB ke Fasilitas Kesehatan Termasuk Jaringan dan Jejaringnya				
2.14.03.2.03.0003	Peningkatan Kesertaan Penggunaan Metode Kontrasepsi Jangka Panjang (MKJP)	Terwujudnya Peningkatan Kesertaan Penggunaan Metode Kontrasepsi Jangka Panjang (MKJP)	Jumlah Orang yang Mengikuti Kesertaan Penggunaan Metode Kontrasepsi Jangka Panjang (MKJP)	Orang	Peningkatan Kesertaan KB MKJP: Adalah upaya yang dilakukan untuk menambah akseptor KB MKJP.
2.14.03.2.03.0004	Penyediaan Dukungan Ayoman Komplikasi Berat dan Kegagalan Penggunaan MKJP	Tersedianya Dukungan Ayoman Komplikasi Berat dan Kegagalan Penggunaan MKJP	Jumlah Laporan Dukungan Ayoman Komplikasi Berat dan Kegagalan Penggunaan MKJP	Laporan	"Dukungan anggaran daerah: Anggaran yang dialokasikan oleh pemerintah daerah 
Penanganan Komplikasi Berat Penggunaan MKJP: Penanganan efek samping dari penggunaan KB MKJP 
Kegagalan Penggunaan MKJP: Terjadinya kehamilan tidak diinginkan yang diakibatkan penggunaan KB MKJP yang tidak efektif"
2.14.03.2.03.0008	Pembinaan Pelayanan Keluarga Berencana dan Kesehatan Reproduksi di Fasilitas Kesehatan Termasuk Jaringan dan Jejaringnya				
2.14.03.2.03.0016	Promosi dan Konseling KB Pasca Persalinan				
2.14.03.2.04.0005	Fasilitasi Pengelolaan Dapur Sehat Atasi Stunting (DASHAT) di Kampung Keluarga Berkualitas				
2.14.04.2.01.0017	Promosi dan Sosialisasi Kelompok Kegiatan Ketahanan dan Kesejahteraan Keluarga (BKB, BKR, BKL, PPKS, PIK-R dan Usaha Peningkatan Pendapatan Keluarga Akseptor (UPPKA))	Terlaksananya Promosi dan Sosialisasi Kelompok Kegiatan Ketahanan dan Kesejahteraan Keluarga (BKB, BKR, BKL, PPPKS, PIK-R dan Pemberdayaan Ekonomi Keluarga/UPPKS)	Jumlah Laporan Hasil Promosi dan Sosialisasi Kelompok Kegiatan Ketahanan dan Kesejahteraan Keluarga (BKB, BKR, BKL, PPPKS, PIK-R dan Pemberdayaan Ekonomi Keluarga/UPPKS)	Laporan	"Ketahanan Keluarga: adalah kemampuan keluarga dalam mengelola masalah yang dihadapinya berdasarkan sumberdaya yang dimiliki untuk memenuhi kebutuhan keluarga
Sosialisasi: Adalah Upaya penyebarluasan informasi
Promosi: Adalah persuasi satu arah yang di buat untuk mempengaruhi orang lain.
Bina Keluarga Balita (BKB): adalah program penyuluhan bagi orang tua untuk memberikan pemahaman yang baik mengenai pola asuh balita dengan tujuan agar anak bisa tumbuh optimal di usia emas.
Bina Keluarga Remaja (BKR):adalah wadah kegiatan yang beranggotakan keluarga yang mempunyai remaja usia 10 – 24 tahun
Bina Keluarga Lansia (BKL): adalah kelompok kegiatan yang dilakukan untuk meningkatkan pengetahuan dan keterampilan keluarga yang memiliki lanjut usia dalam pengasuhan, perawatan dan pemberdayaan lansia agar dapat meningkatkan kesejahteraannya.
Usaha Peningkatan Pendapatan Keluarga Sejahtera Akseptor (UPPKA): Adalah kelompok usaha ekonomi produktif yang beranggotkan sekumpulan anggota keluarga baik pasangan usia subur yang sudah ber-KB maupun yang belum ber-KB dengan tujuan meningkatkan dan memantapkan  kesejahteraan keluarga.
Pusat Informasi dan Konseling Remaja (PIK-R): Adalah suatu wadah kegiatan PKBR (Pusat Penyiapan Kehidupan Berkeluarga Bagi Remaja) yang dikelola dari, oleh dan untuk remaja guna memberikan pelayanan informasi dan konseling tentang perencanaan kehidupan berkeluarga bagi Remaja serta kegiatan-kegiatan penunjang lainnya."
2.14.04.2.01.0021	Orientasi dan Pelatihan Teknis Pengelola Ketahanan dan Kesejahteraan Keluarga (BKB, BKR, BKL, PPKS, PIK-R dan Usaha Peningkatan Pendapatan Keluarga Akseptor (UPPKA)	Terlaksananya Orientasi dan Pelatihan Teknis Pengelola Ketahanan dan Kesejahteraan Keluarga (BKB, BKR, BKL, PPKS, PIK-R dan Pemberdayaan Ekonomi Keluarga/UPPKA)	Jumlah Laporan Hasil Orientasi dan Pelatihan Teknis Pengelola Ketahanan dan Kesejahteraan Keluarga (BKB, BKR, BKL, PPKS, PIK-R dan Pemberdayaan Ekonomi Keluarga/UPPKA)	Laporan	"Orientasi/Pelatihan: Adalah adalah proses pendidikan jangka pendek yang menggunakan prosedur yang sistematis dan terorganisir.
Ketahanan Keluarga: adalah kemampuan keluarga dalam mengelola masalah yang dihadapinya berdasarkan sumberdaya yang dimiliki untuk memenuhi kebutuhan keluarga
Bina Keluarga Balita (BKB): adalah program penyuluhan bagi orang tua untuk memberikan pemahaman yang baik mengenai pola asuh balita dengan tujuan agar anak bisa tumbuh optimal di usia emas.
Bina Keluarga Remaja (BKR):adalah wadah kegiatan yang beranggotakan keluarga yang mempunyai remaja usia 10 – 24 tahun
Bina Keluarga Lansia (BKL): adalah kelompok kegiatan yang dilakukan untuk meningkatkan pengetahuan dan keterampilan keluarga yang memiliki lanjut usia dalam pengasuhan, perawatan dan pemberdayaan lansia agar dapat meningkatkan kesejahteraannya.
Usaha Peningkatan Pendapatan Keluarga Sejahtera Akseptor (UPPKA): Adalah kelompok usaha ekonomi produktif yang beranggotkan sekumpulan anggota keluarga baik pasangan usia subur yang sudah ber-KB maupun yang belum ber-KB dengan tujuan meningkatkan dan memantapkan  kesejahteraan keluarga.
Pusat Informasi dan Konseling Remaja (PIK-R): Adalah suatu wadah kegiatan PKBR (Pusat Penyiapan Kehidupan Berkeluarga Bagi Remaja) yang dikelola dari, oleh dan untuk remaja guna memberikan pelayanan informasi dan konseling tentang perencanaan kehidupan berkeluarga bagi Remaja serta kegiatan-kegiatan penunjang lainnya."
2.14.04.2.01.0026	Penyediaan Biaya Operasional bagi Kelompok Kegiatan Ketahanan dan Kesejahteraan Keluarga (BKB, BKR, BKL, PPKS, PIK-R dan Usaha Peningkatan Pendapatan Keluarga Akseptor (UPPKA)				
2.14.04.2.02.0005	Pemantauan  Data dan Informasi Keluarga Berisiko Stunting (Termasuk remaja Calon Pengantin/Calon PUS, Ibu Hamil, Pasca salin/kelahiran, Baduta/Balita)	Terlaksananya Pemantauan  Data dan Informasi Keluarga Berisiko Stunting (Termasuk remaja Calon Pengantin/Calon PUS, Ibu Hamil, Pasca salin/kelahiran, Baduta/Balita)	Cakupan  Pemantauan  Data dan Informasi Keluarga Berisiko Stunting (Termasuk remaja Calon Pengantin/Calon PUS, Ibu Hamil, Pasca salin/kelahiran, Baduta/Balita)	laporan	Cakupan: Adalah Suatu pengukuran, biasanya dinyatakan dalam presentase terhadap semua orang atau rumah tangga yang memperoleh pelayanan dibandingkan dengan total orang atau rumah tangga yang seharusnya mendapatkannya
2.14.04.2.02.0006	Pendampingan Keluarga Berisiko Stunting (Termasuk remaja Calon Pengantin/Calon PUS, Ibu Hamil, Pasca salin/kelahiran, Baduta/Balita)				
2.15.02.2.01.0007	Pelaksanaan Evaluasi (Reviu) Rencana Induk Jaringan LLAJ Kabupaten/Kota				
2.15.02.2.02.0002	Penyediaan Perlengkapan Jalan di Jalan Kabupaten/Kota	Tersedianya Perlengkapan Jalan di Jalan Kabupaten/Kota	Jumlah Perlengkapan Jalan di Jalan Kabupaten/Kota yang Tersedia	Unit	"Penyediaan perlengkapan jalan yang dimaksud adalah  pengadaan dan pemasangan perlengkapan jalan meliputi marka, rambu, Alat Pemberi Isyarat Lalu Lintas (APILL), alat pengendali dan pengaman pengguna jalan, alat pengawasan dan pengamanan jalan, serta fasilitas pendukung.

RIncian Perlengkapan Jalan :

1.	Rambu peringatan:
Rambu peringatan yang dipasang pada perlintasan sebidang antara jalan dengan jalur kereta api adalah: 
a.	Rambu peringatan pintu perlintasan sebidang kereta api
b.	Rambu peringatan pintu perlintasan sebidang kereta api tanpa pintu
c.	Untuk meningkatkan kewaspadaan pengguna jalan dapat dipasang rambu tambahan tentang jarak lokasi kritis dengan perlintasan sebidang
d.	Rambu peringatan dengan kata-kata yang menyatakan agar berhati-hati mendekati perlintasan kereta api
e.	Rambu yang menyatakan adanya rintangan atau objek berbahaya pada sisi jalan.

2.	Rambu Larangan:
Rambu larangan yang dipasang pada perlintasan sebidang antara jalan dengan jalur kereta api, terdiri dari: 
a.	Rambu larangan berhenti terus karena wajib berhenti sesaat dan/atau melanjutkan perjalanan setelah dipastikan selamat dari konflik lalu lintas dari arah lainnya
b.	Rambu larangan berjalan terus pada perlintasan sebidang lintasan kereta api jalur tunggal sebelum mendapatkan kepastian selamat dari konflik
c.	Rambu larangan berjalan terus pada perlintasan sebidang lintasan kereta api jalur ganda sebelum mendapatkan kepastian selamat dari konflik.

3.	Marka Jalan
Marka jalan yang dipasang pada perlintasan sebidang antara jalan dengan jalur kereta api, terdiri dari: 
a.	Marka melintang berupa garis utuh sebagai batas wajib berhenti kendaraan sebelum melintasi jalur kereta api
b.	Marka membujur berupa garis utuh sebagai larangan kendaraan untuk melintasi garis tersebut
c.	Marka lambang berupa tanda silang dan tulisan &KA& sebagai tanda peringatan adanya perlintasan jalan dengan jalur kereta api.

4.	Alat Pengendali Isyarat Lalu Lintas (APILL)
Memiliki 2 lampu isyarat berupa Warning Light (WL) yang merupakan peringatan hati-hati terhadap keadaan lingkungan ditandai dengan lampu mengedip berwarna kuning.

5.	Pita Penggaduh
Merupakan kelengkapan pada jalan yang berfungsi sebagai:
a.	Mengurangi kecepatan kendaraan
b.	Mengingatkan pengemudi tentang objek di depan yang harus diwaspadai
c.	Melindungi penyeberang jalan
d.	Mengingatkan pengemudi akan lokasi rawan kecelakaan.

6.	Yellow Box
Merupakan marka kotak berwarna kuning yang ditempatkan pada perlintasan sebidang untuk mencegah penumpukan kendaraan di atas perlintasan sebidang yang diakibatkan pengguna jalan tidak mau mengalah ketika kereta api akan melintas atau pintu perlintasan sudah tertutup."
2.15.02.2.02.0003	Rehabilitasi dan Pemeliharaan Prasarana Jalan	Terlaksananya Rehabilitasi dan Pemeliharaan Prasarana Jalan	Jumlah Prasarana Jalan yang Terehabilitasi dan Terpelihara	Unit	Rehabilitasi dan pemeliharaan merupakan kegiatan Untuk mempertahankan kelaikan kondisi
2.15.02.2.02.0004	Rehabilitasi dan Pemeliharaan Perlengkapan Jalan	Terlaksananya Rehabilitasi dan Pemeliharaan Perlengkapan Jalan	Jumlah Perlengkapan Jalan yang Terehabilitasi dan Terpelihara	Unit	Rehabilitasi dan pemeliharaan perlengkapan jalan merupakan kegiatan Untuk mempertahankan kelaikan kondisi jalan
2.15.02.2.03.0011	Rehabilitasi dan Pemeliharaan Terminal Tipe C (Fasilitas Utama dan Penunjang)	Terlaksananya Rehabilitasi dan Pemeliharaan Terminal Tipe C (Fasilitas Utama dan Penunjang)	Jumlah Terminal Tipe C (Fasilitas Utama dan Penunjang) yang terehabilitasi dan terpelihara	Unit	Rehabilitasi dan pemeliharaan terminal merupakan kegiatan untuk melakukan perbaikan dan melakukan perawatan terhadap gedung, fasilitas  utama dan pendukung pada terminal
2.15.02.2.04.0001	Fasilitasi Pemenuhan Persyaratan Perolehan Izin Penyelenggaraan dan Pembangunan Fasilitas Parkir Kewenangan Kabupaten/Kota dalam Sistem Pelayanan Perizinan Berusaha Terintegrasi Secara Elektronik	Terfasilitasinya Pemenuhan Persyaratan Perolehan Izin Penyelenggaraan dan Terbangunnya Fasilitas Parkir Kewenangan Kabupaten/Kota dalam Sistem Pelayanan Perizinan Berusaha Terintegrasi Secara Elektronik	Jumlah Dokumen Pemenuhan Persyaratan Perolehan Izin Penyelenggaraan dan Terbangunnya Fasilitas Parkir Kewenangan Kabupaten/Kota dalam Sistem Pelayanan Perizinan Berusaha Terintegrasi Secara Elektronik	Dokumen	Kegiatan fasilitasi pemenuhan persayaratan adalah kegiatan yang dilakukan dalam rangka memenuhi persyaratan perolehan izin penyelenggaraan parkir seperti: penyiapan Denah marka parkir, luas area parkir dan perhitungan kapasitas parkir, persetujuan hasil ANDALALIN (apabila dipersayaratkan).
2.15.02.2.04.0002	Koordinasi dan Sinkronisasi Pengawasan Pelaksanaan Izin Penyelenggaraan dan Pembangunan Fasilitas Parkir Kewenangan Kabupaten/Kota	Terlaksananya Koordinasi dan Sinkronisasi Pengawasan Pelaksanaan Izin Penyelenggaraan dan Terbangunnya Fasilitas Parkir Kewenangan Kabupaten/Kota	Jumlah Laporan Koordinasi dan Sinkronisasi Pengawasan Pelaksanaan Izin Penyelenggaraan dan Terbangunnya Fasilitas Parkir Kewenangan Kabupaten/Kota	Laporan	"Pengawasan sebagai langkah pembinaan dalam penyelenggaraan dan pembangunan fasilitas parkir dengan selamat, aman, tertib,
lancar, dan efisien, serta dapat dipertanggungjawabkan"
2.15.02.2.05.0001	Penyediaan Sarana dan Prasarana Pengujian Berkala Kendaraan Bermotor	Tersedianya Sarana dan Prasarana Pengujian Berkala Kendaraan Bermotor	Jumlah Sarana dan Prasarana Pengujian Berkala Kendaraan Bermotor yang Tersedia	Unit	"Penyediaan sarana dan prasarana dimaksud berupa fasilitas dan peralatan pengujian kendaraan bermotor

Fasilitas pengujian kendaraan bermotor pada lokasi yang bersifat tetap, terdiri dari:
a. Bangunan gedung pengujian
b. Bangunan gedung untuk generator set, kompresor dan gudang
c. Jalan keluar-masuk
d. Lapangan parkir
e. bangunan gedung administrasi
f. Pagar
g. Fasilitas penunjang untuk umum
h. Fasilitas listrik
i. Lampu penerangan
j. Pompa air dan menara air.

Peralatan uji berkala kendaraan bermotor meliputi peralatan utama dan penunjang. peralatan utama meliputi:
a. Alat uji emisi gas buang
b. Alat uji ketebalan asap gas buang
c. Alat uji kebisingan suara klakson dan/atau knalpot
d. Alat uji rem
e. Alat uji lampu
f. Alat uji kincup roda depan
g. Alat uji  penunjuk kecepatan
h. Alat pengukur kedalaman alur ban
i. Alat pengukur berat
j. Alat pengukur dimensi 
k. Alat uji daya tembus cahaya dan kaca

peralatan penunjang meliputi:
a. Kompresor udara
b. generator set
c. peralatan bantu (palu, senter, alat bantu uji dimensi, alat untuk pengambilan foto berwarna kendaraan wajib uji, alat untuk mengisi, membaca, mengubah dan menghapus uji pada kartu uji, alat untuk mengumpulkan dan menyimpan data hasil uji secara digital serta toolkit)

Serta Penyediaan Sarana Pendukung Sistem Berupa 
1. Hardware (Komputer, Ptinter, Reader, Server, Tab, CCTV)
2. Sofware ( SIM PKB, Update SIM PKB, Bandwith Internet)

Penyediaan Anggaran Berkaitan dengan pengembangan Inovasi"
2.15.02.2.05.0004	Penyediaan Bukti Lulus Uji Pengujian Berkala Kendaraan Bermotor	Tersedianya Bukti Lulus Uji Pengujian Berkala Kendaraan Bermotor	Jumlah Dokumen Bukti Lulus Uji Pengujian Berkala Kendaraan Bermotor	Dokumen	"Penyediaan Bukti Lulus Uji Pengujian Berkala Kendaraan Bermotor adalah proses penerbitan dokumen resmi sebagai tanda bahwa kendaraan bermotor telah lulus uji berkala dan dinyatakan memenuhi persyaratan teknis serta laik jalan. Bukti ini diterbitkan oleh unit pelaksana uji berkala setelah kendaraan menjalani serangkaian pemeriksaan terhadap sistem rem, lampu, emisi, dan komponen keselamatan lainnya sesuai standar Kementerian Perhubungan.

Bukti lulus uji terdiri dari kartu uji (baik dalam bentuk elektronik BLUe maupun non-elektronik) dan tanda uji berupa stiker yang dipasang pada kendaraan. Keduanya berfungsi sebagai identitas kelulusan uji yang memuat informasi penting seperti data teknis kendaraan, daya angkut, dan masa berlaku hasil uji. Penyediaan bukti ini adalah untuk memastikan kendaraan yang beroperasi di jalan aman, layak, dan ramah lingkungan, sekaligus memudahkan pengawasan oleh pemerintah.

Sehingga diperlukan penyediaan Anggaran pengadaan Bukti lulus uji elektronik PNBP"
2.15.02.2.05.0005	Sosialisasi Standar Operasional Prosedur Pengujian Berkala Kendaraan Bermotor	Tersosialisasinya Standar Operasional Prosedur Pengujian Berkala Kendaraan Bermotor	Jumlah LaporanSosialisasi Standar Operasional Prosedur Pengujian Berkala Kendaraan Bermotor	Laporan	standar operasional prosedur berfungsi sebgai penjelasan langkah pelaksanaan pengujian berkala kendaraan bermotor yang bertujuan pengoperasian kendaraan bermotor yang selamat, aman, tertib, lancar, dan efisien, serta dapat dipertanggungjawabkan
2.15.02.2.05.0007	Pemeliharaan Sarana dan Prasarana Pengujian Berkala Kendaraan Bermotor	Terpeliharanya Sarana dan Prasarana Pengujian Berkala Kendaraan Bermotor	Jumlah Sarana dan Prasarana Pengujian Berkala Kendaraan Bermotor yang Terpelihara	Unit	"Pemeliharaan Sarana dan Prasarana Pengujian Berkala Kendaraan Bermotor adalah kegiatan yang dilakukan secara rutin dan berkala untuk menjaga agar seluruh peralatan, bangunan, serta fasilitas pendukung uji kendaraan tetap berfungsi dengan baik, akurat, dan memenuhi standar teknis pengujian.

Kegiatan ini meliputi pemeriksaan, perawatan, kalibrasi, dan perbaikan terhadap peralatan uji (seperti alat uji rem, emisi gas buang, lampu, dan spidometer), serta pemeliharaan fasilitas fisik seperti ruang uji, jalur uji, sistem drainase, dan peralatan keselamatan kerja.Tujuan dari aktivitas ini adalah untuk menjamin keandalan hasil pengujian kendaraan bermotor, meningkatkan keselamatan lalu lintas, serta memastikan layanan uji berkala berjalan efektif dan sesuai dengan ketentuan yang ditetapkan oleh Kementerian Perhubungan."
2.15.02.2.06.0014	Sosialisasi Pelaksanaan Manajemen dan Rekayasa Lalu Lintas untuk Jaringan Jalan Kabupaten/Kota	Terlaksananya  Sosialisasi Pelaksanaan Manajemen dan Rekayasa Lalu Lintas untuk Jaringan Jalan Kabupaten/Kota	Jumlah Laporan Sosialisasi Pelaksanaan Manajemen dan Rekayasa Lalu Lintas untuk Jaringan Jalan Kabupaten/Kota	Dokumen	"Pelaksanaan  perintah, larangan, peringatan dan/atau petunjuk yang bersifat umum di semua ruas jalan sesuai kebijakan mengenai sirkulasi arus lalu  larangan parker pada ruang milik  dan pembatasan atau larangan untuk jenis kendaraan tertentu

Sosialisasi dilakukan kepada pemangku kepentingan dan masyarakat"
2.15.02.2.06.0015	Forum Lalu Lintas dan Angkutan Jalan untuk Jaringan Jalan Kabupaten/Kota	Terlaksananya Forum Lalu Lintas dan Angkutan Jalan untuk Jaringan Jalan Kabupaten/Kota	Jumlah laporan Forum Lalu Lintas dan Angkutan Jalan untuk Jaringan Jalan Kabupaten/Kota	Laporan	Forum lalu Lintas dan Angkutan Jalan diselenggarakan dalam rangka melakukan koordinasi antar instansi penyelenggara lalu lintas dan angkutan jalan Kabupaten/Kota. Forum lalu lintas dapat diselenggarakan oleh stakeholder yang berkaitan dengan lalu lintas jalan dan menghasilkan kesepakatan yang merupakan solusi dalam perencanaan atau penyelesaian permasalahan lalu lintas dan angkutan jalan
2.15.02.2.06.0016	Pengadaan dan Pemasangan Perlengkapan Jalan dalam rangka Manajemen dan Rekayasa Lalu Lintas	Terlaksananya Pengadaan dan Pemasangan Perlengkapan Jalan dalam Rangka Manajemen dan Rekayasa Lalu Lintas	Jumlah Perlengkapan Jalan dalam Rangka Manajemen dan Rekayasa Lalu Lintas yang dilaksanakan pengadaan dan Pemasangan	Dokumen	"Pengadaan dan Pemasangan Perlengkapan Jalan merupakan kegiatan dalam proses perencanaan untuk mengadakan perlengkapan jalan yang diperlukan.

Perlengkapan Jalan memiliki Umur Teknis yang membutuhkan penggantian berupa Pengadaan dan Pemasangan Baru."
2.15.02.2.06.0017	Penataan Manajemen dan Rekayasa Lalu Lintas untuk Jaringan Jalan Kabupaten/Kota	Terlaksananya penataan Manajemen dan Rekayasa Lalu Lintas Untuk Jaringan Jalan Kabupaten/Kota	Jumlah laporan pelaksanaan Penataan Manajemen dan Rekayasa Lalu Lintas Untuk Jaringan Jalan Kabupaten/Kota	Laporan	Manajemen dan Rekayasa Lalu Lintas adalah serangkaian usaha dan kegiatan yang meliputi perencanaan, pengadaan, pemasangan, pengaturan dan pemeliharaan fasilitas perlengkapan jalan dalam rangka mewujudkan, mendukung dan memelihara keamanan, keselamatan, ketertiban dan kelancaran lalu lintas
2.15.02.2.07.0003	Koordinasi dan Sinkronisasi Penilaian Hasil Andalalin	Terlaksananya Koordinasi dan Sinkronisasi Penilaian Hasil Andalalin	Jumlah Laporan Koordinasi dan Sinkronisasi Penilaian Hasil Andalalin	Laporan	"Koordinasi dan Sinkronisasi dilakukakan dalam rangka: 
a. Membahas dokumen Analisis Dampak Lalu Lintas dengan Pengembang atau Pembangun yang dituangkan dalam berita 
b. Membahas hasil pengawasan pelaksanaan rekomendasi andalalin"
2.15.02.2.07.0006	Pengawasan Pelaksanaan Rekomendasi Persetujuan Teknis Andalalin	Terlaksananya Pengawasan Pelaksanaan Rekomendasi Persetujuan Teknis Andalalin	Jumlah laporan Rekomendasi Persetujuan Teknis Andalalin yang terawasi	Laporan	"Pengawasan terhadap Pelaksanaan Pemenuhan Kewajiban Pengembang/ Pembangun dilakukan oleh Tim Monitoring dan Evaluasi Analisis Dampak Lalu Lintas melakukan monitoring dan evaluasi secara berkala untuk:
a. melakukan pemantauan dan pengawasan terhadap pelaksanaan pemenuhan rekomendasi persetujuan hasil Analisis Dampak Lalu  dan 
b. melakukan evaluasi kesesuaian pelaksanaaan mitigasi penanganan dampak rekomendasi hasil atau terhadap pelaksanaan dan pemenuhan atas persetujuan Analisis Dampak Lalu Lintas yang telah 

Dalam melakukan monitoring dan evaluasi secara berkala baik pada saat konstruksi dan operasional, Tim Monitoring dan Evaluasi dapat melakukan tindakan korektif terhadap rekomendasi hasil analisis dampak lalu lintas."
2.15.02.2.09.0002	Pengendalian dan Pengawasan Ketersediaan Angkutan Umum untuk Jasa Angkutan Orang dan/atau Barang Antar Kota dalam 1 (Satu) Kabupaten/Kota	Terkendalinya dan Terawasinya Ketersediaan Angkutan Umum untuk Jasa Angkutan Orang dan/atau Barang Antar Kota dalam 1 (Satu) Kabupaten/Kota	Jumlah Laporan Pengendalian dan Pengawasan Ketersediaan Angkutan Umum untuk Jasa Angkutan Orang dan/atau Barang Antar Kota dalam 1 (Satu) Kabupaten/Kota	Laporan	Pengendalian dan pengawasan memastikan penyelenggaraan angkutan umum untuk jasa angkutan orang dan/atau barang antar kota dalam 1 (satu) kabupaten/kota baik dalam trayek ataupun tidak dalam trayek. Pengendalian dan pengawasan meliputi Administrasi dan Operasional Angkutan Umum sesuai dengan jenisnya berdasarkan peraturan perundang-undangan yang berlaku.
2.15.02.2.09.0003	Penyediaan Angkutan Umum untuk Jasa Angkutan Orang dan/atau Barang Antar Kota dalam 1 (Satu) Daerah Kabupaten/Kota	Tersedianya Angkutan Umum untuk Jasa Angkutan Orang dan/atau Barang Antar Kota dalam 1 (Satu) Daerah Kabupaten/Kota	Jumlah Armada Angkutan Umum untuk Jasa Angkutan Orang dan/atau Barang Antar Kota dalam 1 (Satu) Daerah Kabupaten/Kota yang Tersedia	Unit	Penyediaan Angkutan Umum untuk Jasa Angkutan Orang dan/atau Barang Antar Kota dalam 1 (satu) Daerah Kabupaten/Kota dilakukan oleh Pemerintah Daerah Kabupaten/Kota termasuk penyediaan subsidi angkutan barang dan sistem angkutan umum massal perkotaan, sesuai dengan Peraturan Menteri Perhubungan nomor 44 tahun 2019 tentang  Strandar Pelayanan Minimal Angkutan Orang dengan Kendaraan Bermotor Umum Tidak dalam Trayek. Jenis Angkutan meliputi Angkutan Dalam Trayek , Angkutan Tidak Dalam Trayek (AJDP sama dengan Angkutan Antar Jemput Dalam Provinsi, Taksi, Angkutan Sewa Khusus), Angkutan Barang Umum.
2.15.02.2.12.0002	Sosialisasi dan Uji Coba Pelaksanaan Kebijakan Rencana Umum Jaringan Trayek Pedesaan Kewenangan Kabupaten/Kota	Tersosialisasinya dan Terlaksananya Uji Coba Pelaksanaan Kebijakan Rencana Umum Jaringan Trayek Pedesaan Kewenangan Kabupaten/Kota	Jumlah Dokumen Sosialisasi dan Uji Coba Pelaksanaan Kebijakan Rencana Umum Jaringan Trayek Pedesaan Kewenangan Kabupaten/Kota	Dokumen	Rencana umum jaringan trayek Pedesaan dalam 1 (satu) Daerah Kabupaten/Kota merupakan dokumen yang memuat  jaringan trayek dan kebutuhan Kendaraan Bermotor Umum ditetapkan oleh Bupati/Walikota untuk jangka waktu 10 (sepuluh) tahun dan dikaji ulang secara berkala paling lama 5 (lima) tahun.
2.15.01.2.01.0001	Penyusunan Dokumen Perencanaan Perangkat Daerah				
2.15.01.2.01.0006	Koordinasi dan Penyusunan Laporan Capaian Kinerja dan Ikhtisar Realisasi Kinerja SKPD				
2.15.01.2.02.0001	Penyediaan Gaji dan Tunjangan ASN				
2.15.01.2.02.0003	"Pelaksanaan Penatausahaan dan

Pengujian/Verifikasi Keuangan SKPD"				
2.15.01.2.02.0007	Koordinasi dan Penyusunan Laporan Keuangan Bulanan/ Triwulanan/ Semesteran SKPD				
2.15.01.2.06.0002	Penyediaan Peralatan dan Perlengkapan Kantor				
2.15.01.2.06.0004	Penyediaan Bahan Logistik Kantor				
2.15.01.2.07.0006	Pengadaan Peralatan dan Mesin Lainnya				
2.15.01.2.08.0002	Penyediaan Jasa Komunikasi, Sumber Daya Air dan Listrik				
2.15.01.2.08.0004	Penyediaan Jasa Pelayanan Umum Kantor				
2.15.01.2.09.0002	Penyediaan Jasa Pemeliharaan, Biaya Pemeliharaan, Pajak dan Perizinan Kendaraan Dinas Operasional atau Lapangan				
2.15.01.2.09.0009	Pemeliharaan/Rehabilitasi Gedung Kantor dan Bangunan Lainnya				
2.15.01.2.09.0010	Pemeliharaan/Rehabilitasi Sarana dan Prasarana Gedung Kantor atau Bangunan Lainnya				
2.16.02.2.01.0014	Relasi Media	Terlaksananya Relasi Media	Jumlah aktivitas relasi media kepada media yang memenuhi kriteria sebagai berikut: 1. terverifikasi dewan pers, dan 2. terdaftar di Dinas Kominfo, dan 3. aktif dalam kegiatan relasi media	Laporan	"1. Relasi dengan media dengan cara:
   a. membuat siaran 
   b. melaksanakan kegiatan dengan media terkait pemberitaan yang meliputi: 
       - konferensi  
       - kunjungan  
       - kunjungan ke  
       - pertemuan dengan pemimpin 
       - liputan  dan 
       - melakukan klarifikasi pemberitaan,
   c. melaksanakan kegiatan lainnya dengan media terkait pemberitaan dan/atau non  
   d. mengelola ruang  dan
   e. melaksanakan evaluasi terhadap pelaksanaan kegiatan relasi dengan media.

Perhitungan Indikator: Hotung jumlah aktivitas relasi media kepada media sesuai kritria 
1. terverifikasi dewan 
2. terdaftar di Dinas  dan
3. aktif dalam kegiatan relasi media."
2.16.02.2.01.0015	Kemitraan Komunikasi dengan Komunitas Informasi Masyarakat				
2.16.02.2.01.0017	Pelayanan Informasi Publik				
2.16.02.2.01.0019	Monitoring Informasi Kebijakan, Opini, dan Aspirasi Publik				
2.16.02.2.01.0021	Pengelolaan Media Komunikasi Publik				
2.16.02.2.01.0023	Penyusunan Konten				
2.16.03.2.01.0004	Pengelolaan Nama Domain dan Sub Domain Penyelenggaraan Pemerintah Daerah dan Pengelolaan Nama Domain Pemerintah Desa	Terlaksananya Pengelolaan Nama Domain dan Sub Domain Penyelenggaraan Pemerintah Daerah dan Pengelolaan Nama Domain Pemerintah Desa	Jumlah Dokumen Pengelolaan Nama Domain dan Sub Domain Pemerintah Daerah serta Domain Pemerintah Desa	Dokumen	"1. Bentuk pengelolaan Nama Domain pemerintah daerah merupakan pendaftaran dan penggunaan Nama Domain .go.id untuk alamat resmi pemerintah daerah, layanan publik nasional/layanan administrasi pemerintahan nasional, atau layanan kegiatan berskala nasional/internasional.
2. Bentuk pengelolaan nama domain pemerintah desa merupakan pendaftaran dan penggunaan Nama Domain .desa.id untuk alamat resmi pemerintah
3. Sub domain merupakan turunan dari nama domain go.id dan .id yang digunakan oleh semua perangkat daerah. 
4. Pemerintah Daerah harus mendaftarkan dan menggunakan Nama Domain Pemerintah Daerah sebagai alamat elektronik resmi Pemerintah Daerah sesuai dengan ketentuan peraturan perundang-undangan.
5. Pemerintah Daerah kabupaten/kota menetapkan peraturan kepala daerah mengenai tata cara pengelolaan Nama Domain Pemerintah Daerah dan subdomain di lingkungan Pemerintah Daerah kabupaten/kota dan pemerintah desa.

Perhitungan indikator:
Hitung Jumlah Dokumen Pengelolaan Nama Domain dan Sub Domain Pemerintah Daerah serta Domain Pemerintah Desa yang telah disusun"
2.16.03.2.02.0024	Penyelenggaraan Jaringan Intra Pemerintah Daerah Kab/Kota				
2.16.03.2.02.0036	Penyediaan Akses Internet				
2.16.03.2.02.0037	Koordinasi penyusunan kebijakan tata kelola SPBE meliputi arsitektur, peta rencana, proses bisnis, serta penyusunan rencana dan anggaran SPBE Pemerintah Daerah				
2.16.01.2.01.0001	Penyusunan Dokumen Perencanaan Perangkat Daerah				
2.16.01.2.01.0006	Koordinasi dan Penyusunan Laporan Capaian Kinerja dan Ikhtisar Realisasi Kinerja SKPD				
2.16.01.2.02.0001	Penyediaan Gaji dan Tunjangan ASN				
2.16.01.2.02.0003	"Pelaksanaan Penatausahaan dan

Pengujian/Verifikasi Keuangan SKPD"				
2.16.01.2.06.0002	Penyediaan Peralatan dan Perlengkapan Kantor				
2.16.01.2.06.0004	Penyediaan Bahan Logistik Kantor				
2.16.01.2.06.0006	Penyediaan Bahan Bacaan dan Peraturan Perundang-undangan				
2.16.01.2.07.0005	Pengadaan Mebel				
2.16.01.2.07.0010	Pengadaan Sarana dan Prasarana Gedung Kantor atau Bangunan Lainnya				
2.16.01.2.08.0002	Penyediaan Jasa Komunikasi, Sumber Daya Air dan Listrik				
2.16.01.2.08.0004	Penyediaan Jasa Pelayanan Umum Kantor				
2.16.01.2.09.0002	Penyediaan Jasa Pemeliharaan, Biaya Pemeliharaan, Pajak dan Perizinan Kendaraan Dinas Operasional atau Lapangan				
2.16.01.2.09.0009	Pemeliharaan/Rehabilitasi Gedung Kantor dan Bangunan Lainnya				
2.16.01.2.09.0011	Pemeliharaan/Rehabilitasi Sarana dan Prasarana Pendukung Gedung Kantor atau Bangunan Lainnya				
2.20.02.2.01.0017	Pengelolaan Kegiatan Statistik Sektoral Dalam Sistem Statistik Nasional				
2.21.02.2.01.0005	Pelaksanaan Keamanan Informasi Pemerintahan Daerah Berbasis Elektronik dan Non Elektronik				
2.18.02.2.02.0004	Penyusunan Peta Potensi Investasi Kabupaten/Kota				
2.18.03.2.01.0002	Pelaksanaan Kegiatan Promosi Penanaman Modal Daerah Kabupaten/Kota	Terlaksananya Kegiatan Promosi Penanaman Modal Kabupaten/Kota	Jumlah Dokumen Hasil Kegiatan Promosi Penanaman Modal Kabupaten/Kota	Dokumen	"Promosi Penanaman Modal selanjutnya disebut Promosi adalah segala bentuk komunikasi yang digunakan untuk menginformasikan, dan/atau meyakinkan tentang potensi dan peluang serta iklim Penanaman Modal kepada pemangku kepentingan baik di dalam maupun luar negeri. 
Penjelasan lebih lanjut terdapat dalam Peraturan BKPM Nomor 3 Tahun 2019 tentang Pedoman dan Tata Cara Promosi Penanaman Modal Pasal 16 s.d. 28."
2.18.04.2.01.0006	Penyediaan Pelayanan Perizinan Berusaha melalui Sistem Perizinan Berusaha Berbasis Risiko Terintegrasi secara Elektronik	Tersedianya Pelayanan Perizinan Berusaha melalui Sistem Perizinan Berusaha Berbasis Risiko Terintegrasi secara Elektronik	Jumlah Pelaku Usaha yang Mendapatkan Pelayanan Perizinan Berusaha melalui Sistem Perizinan Berusaha Berbasis Risiko Terintegrasi secara Elektronik	Pelaku Usaha	"&Perizinan Berusaha adalah legalitas yang diberikan kepada Pelaku Usaha untuk memulai dan menjalankan usaha dan/atau kegiatannya. Perizinan Berusaha Berbasis Risiko adalah Perizinan Berusaha berdasarkan tingkat Risiko kegiatan usaha. Sistem Perizinan Berusaha Terintegrasi Secara Elektronik (Online Single Submission) yang selanjutnya disebut Sistem OSS adalah sistem elektronik terintegrasi yang dikelola dan diselenggarakan oleh Lembaga OSS untuk penyelenggaraan Perizinan Berusaha Berbasis Risiko. 
 Penyelenggaraan pelayanan perizinan berusaha mencakup Perizinan Berusaha Berbasis  dan Perizinan Berusaha Untuk Menunjang Kegiatan Usaha. Perizinan Berusaha Berbasis Risiko terdiri atas  Sertifikat Standar dan Izin Perizinan Berusaha Untuk Menunjang Kegiatan Usaha mencakup standar usaha dan/atau standar produk yang dapat diajukan sebelum atau sesudah tahap operasional dan/atau komersial sesuai dengan ketentuan kementerian/lembaga. Pelayanan Perizinan Berusaha diatur dalam Peraturan Kepala BKPM Nomor 4 Tahun 2021 tentang Pelayanan Perizinan Berusaha Berbasis Risiko pada Pasal 6 s.d. 10 dan Pasal 17 s.d. 65. Ketentuan mengenai Sistem OSS diatur dalam Peraturan Kepala BKPM Nomor 3 Tahun 2021 tentang Sistem Perizinan Berusaha Berbasis Risiko Terintegrasi secara Elektronik. Penyelenggaraan perizinan berusaha berbasis risiko melalui Sistem OSS merupakan pelaksanaan Undang-Undang Nomor 11 Tahun 2020 Tentang Cipta Kerja. OSS Berbasis Risiko wajib digunakan oleh pelaku usaha sebelum memulai kegiatan usaha di Indonesia
&"
2.18.04.2.01.0007	Penyediaan dan pengelolaan Layanan konsultasi perizinan berusaha berbasis risiko	Tersedianya dan terkelolanya Layanan Konsultasi terhadap Perizinan Berusaha melalui Sistem Perizinan Berusaha Berbasis Risiko Terintegrasi secara Elektronik	Jumlah Pelaku usaha yang Memperoleh Layanan Konsultasi Perizinan Berusaha melalui Sistem Perizinan Berusaha Berbasis Risiko Terintegrasi secara Elektronik	Pelaku Usaha	Pelayanan konsultasi diberikan oleh Lembaga OSS, kementerian/lembaga, dan pemerintah daerah memberikan fasilitasi Perizinan Berusaha kepada Pelaku Usaha terutama UMK-M. Dalam rangka memberikan fasilitasi harus menyediakan tempat dan petugas dan tidak dikenakan biaya. Penjelasan lebih lanjut mengenai pengelolaan layanan konsultasi perizinan berusaha berbasis risikoterdapat dalam Peraturan Kepala BKPM Nomor 4 Tahun 2021 tentang Pelayanan Perizinan Berusaha Berbasis Risiko pada Pasal 89 s.d. 91
2.18.05.2.01.0004	Penyelesaian Permasalahan dan Hambatan yang dihadapi Pelaku Usaha dalam merealisasikan Kegiatan Usahanya				
2.18.05.2.01.0005	Bimbingan Teknis kepada Pelaku Usaha	Terlaksananya Bimbingan Teknis/ Sosialisasi Implementasi  Perizinan Perizinan Berusaha Berbasis Risikodan Pengawasan Perizinan Berusaha Berbasis Risiko	Jumlah Pelaku Usaha yang Mengikuti Bimbingan Teknis/ Sosialisasi Implementasi Perizinan Berusaha Berbasis Risiko dan Pengawasan Perizinan Berusaha Berbasis Risiko	Pelaku Usaha	Bimbingan Teknis kepada Pelaku Usaha adalah kegiatan pembelajaran dan pelatihan formal yang diselenggarakan oleh instansi pemerintah (pusat atau daerah), lembaga OSS, badan pengelola izin, atau pihak yang berwenang lainnya, bertujuan untuk meningkatkan pemahaman dan kemampuan Pelaku Usaha dalam melaksanakan kewajiban, standar, prosedur, dan penggunaan sistem terkait sub sistem pengawasan diantaranya meliputi: pengawasan/ inspeksi lapangan, laporan berkala dari pelaku usaha/ LKPM, pembinaan dan sanksi, serta pemenuhan standar teknis dan administratif sesuai dengan ketentuan Peraturan Menteri Investasi dan Hilirisasi/Kepala Badan Koordinasi Penanaman Modal tentang Pedoman dan Tata Cara Pengawasan Perizinan Berusaha Berbasis Risiko.
2.18.05.2.01.0006	Pengawasan Penanaman Modal	Terlaksananya Analisa dan Verifikasi Data,  Profil dan Informasi Kegiatan Usaha dari Pelaku  Inspeksi Lapangan terhadap Kegiatan  serta Evaluasi Penilaian Kepatuhan Pelaksanaan Perizinan Berusaha Para Pelaku Usaha	Jumlah Kegiatan Usaha dari Pelaku Usaha yang Telah Dianalisa dan Diverifikasi Data,  Profil dan Informasi Kegiatan Usaha dari Pelaku  DIlakukan Inspeksi Lapangan ; serta DIlakukan Evaluasi Penilaian Kepatuhan Pelaksanaan Perizinan Berusaha	Kegiatan Usaha	Pengawasan adalah upaya untuk memastikan pelaksanaan kegiatan usaha sesuai dengan standar pelaksanaan kegiatan usaha yang dilakukan melalui pendekatan berbasis Risiko dan kewajiban yang harus dipenuhi oleh Pelaku Usaha sesuai Peraturan Menteri Investasi dan Hilirisasi/Kepala Badan Koordinasi Penanaman Modal tentang Pedoman dan Tata Cara Pengawasan Perizinan Berusaha Berbasis Risiko.
2.18.01.2.01.0001	Penyusunan Dokumen Perencanaan Perangkat Daerah				
2.18.01.2.02.0001	Penyediaan Gaji dan Tunjangan ASN				
2.18.01.2.02.0003	"Pelaksanaan Penatausahaan dan

Pengujian/Verifikasi Keuangan SKPD"				
2.18.01.2.06.0002	Penyediaan Peralatan dan Perlengkapan Kantor				
2.18.01.2.06.0004	Penyediaan Bahan Logistik Kantor				
2.18.01.2.07.0010	Pengadaan Sarana dan Prasarana Gedung Kantor atau Bangunan Lainnya				
2.18.01.2.08.0002	Penyediaan Jasa Komunikasi, Sumber Daya Air dan Listrik				
2.18.01.2.08.0004	Penyediaan Jasa Pelayanan Umum Kantor				
2.18.01.2.09.0002	Penyediaan Jasa Pemeliharaan, Biaya Pemeliharaan, Pajak dan Perizinan Kendaraan Dinas Operasional atau Lapangan				
2.18.01.2.09.0009	Pemeliharaan/Rehabilitasi Gedung Kantor dan Bangunan Lainnya				
2.18.01.2.09.0010	Pemeliharaan/Rehabilitasi Sarana dan Prasarana Gedung Kantor atau Bangunan Lainnya				
2.23.02.2.01.0004	Pembinaan Perpustakaan pada Satuan Pendidikan Dasar di Seluruh Wilayah Kabupaten/Kota Sesuai dengan Standar Nasional Perpustakaan	Terlaksananya Pembinaan Perpustakaan pada Satuan Pendidikan Dasar Di Seluruh Wilayah Kabupaten/Kota dalam Mewujudkan Standar Nasional Perpustakaan	Jumlah Perpustakaan pada Satuan Pendidikan Dasar dan yang Dilakukan Pembinaan dalam Mewujudkan Standar Nasional Perpustakaan	Perpustakaan	jumlah perpustakaan pada satuan pendidikan Dasar dan yang dilakukan pembinaan dalam mewujudkan Standar Nasional
2.23.02.2.01.0011	Pengembangan Perpustakaan di Tingkat Daerah Kabupaten/Kota	Terlaksananya Pengembangan Perpustakaan di Tingkat Daerah Kabupaten/Kota dalam Mewujudkan Standar Nasional Perpustakaan di Wilayah Kabupaten/Kota Sesuai Kewenangannya	Jumlah Perpustakaan yang Dikembangkan di Tingkat Daerah Kabupaten/Kota Sesuai Standar Nasional Perpustakaan di Wilayah Kabupaten/Kota Sesuai Kewenangannya	Perpustakaan	"Pengembangan perpustakaan dilakukan baik mengembangkan layanan perpustakaan yang sudah ada untuk ditingkatkan kapasitasnya maupun mengembangkan perpustakaan baru. Perpustakaan yang dikembangkan sesuai dengan kewenangan perpustakaan Kabupaten/Kota.

Standar nasional perpustakaan meliputi standar koleksi, sarana prasarana, pelayanan, tenaga, penyelenggaraan dan pengelolaan perpustakaan.

Pengukurannya dengan menghitung jumlah perpustakaan yang dikembangkan sesuai standar nasional perpustakaan"
2.23.02.2.01.0017	Penyusunan Data dan Informasi Perpustakaan	Terlaksananya Penyusunan Data dan Informasi Perpustakaan Tingkat Daerah Kabupaten/Kota	Jumlah Data dan informasi Perpustakaan	Dokumen	"Kegiatan melalui pengolahan data dan penyajian Informasi perpustakaan, meliputi:
1.  Data kunjungan peepustakaan 
2.  Data anggota perpustakaan
3.  Data perpustakaan sesuai jenisnya
4.  Data tenaga  perpustakaan (pustakawan dan tenaga teknis perpustakaan)
5.  Data koleksi perpustakaan dalam bentuk cetak dan terekam (judul/eksemplar)  
6.  Data sarana dan prasarana perpustakaan
7.  Data anggaran perpustakaan
8.  Data informasi lainnya terkait perpustakaan (seperti : data penerbit, data toko buku, data pegiat literasi dll)

Data tersebut meliputi data perpustakaan pada perangkat daerah yang membidangi urusan perpustakaan daerah kabupaten/kota, data perpustakaan sesuai kewenangannya, dan data perpustakaan di seluruh wilayah kabupaten/kota. 

Pengukurannya dengan menghitung jumlah data dan informasi perpustakaan yang disusun"
2.23.02.2.01.0019	Pengembangan Kekhasan Koleksi Perpustakaan Daerah Tingkat Kabupaten/Kota	Terlaksananya Pengembangan Kekhasan Koleksi Perpustakaan Daerah Tingkat Kabupaten/Kota	Jumlah Koleksi Perpustakaan Khas Dearah Tingkat Kabupaten/Kota yang Dikembangkan	Eksemplar	"Koleksi perpustakaan adalah semua informasi dalam bentuk karya tulis, karya cetak, dan/atau karya rekam dalam berbagai media yang mempunyai nilai pendidikan, yang dihimpun, diolah, dan dilayankan.

Pengembangan koleksi adalah kegiatan yang ditujukan untuk menjaga agar koleksi perpustakaan tetap mutakhir dan bertambah sesuai kebutuhan pemustaka.

Yang termasuk koleksi khas sebagai berikut: a. Koleksi buku langka, manuskrip, peta, foto, bentuk mikro, rekaman suara yang sudah ada sejak berdirinya Perpustakaan  b. Koleksi khusus sesuai amanat Undang-Undang Nomor 43 Tahun 2007 tentang Perpustakaan, yaitu bahan perpustakaan yang dilarang berdasarkan peraturan perundang-undangan. c. Koleksi kearifan budaya etnis  d. Koleksi untuk pemustaka berkebutuhan khusus atau difable 

Pengukurannya dengan menghitung jumlah koleksi kekhasan daerah yang dikembangkan"
2.23.02.2.02.0009	Pemberian Penghargaan Gerakan Budaya Gemar Membaca	Terlaksananya Pemberian Penghargaan Gerakan Budaya Gemar Membaca Tingkat Kabupaten Kota	Jumlah Orang yang Mendapatkan Penghargaan Gerakan Budaya Gemar Membaca Tingkat Kabupaten Kota	Orang	"Pemerintah daerah memberikan penghargaan kepada masyarakat dan/atau lembaga yang berhasil melakukan gerakan pembudayaan gemar membaca.

Penghargaan diberikan dalam bentuk barang (seperti: piala dan piagam) dan/atau bantuan pembinaan.

Pengukurannya dengan menghitung orang dan/atau lembaga yang mendapat penghargaan."
2.23.02.2.02.0010	Sosialisasi Budaya Baca dan Literasi pada Satuan Pendidikan Dasar dan Masyarakat	Meningkatnya Keterlibatan Satuan Pendidikan Dasar dan masyarakat dalam Sosialisasi Budaya Baca dan Literasi	Jumlah Lokus Pembudayaan Kegemaran Membaca dan Literasi pada Satuan Pendidikan Dasar dan Masyarakat	Lokus	"Sosialisasi Budaya Baca dan literasi merupakan upaya memasyarakatkan budaya baca  dan literasi sehingga masyarakat mengenal, memahami, dan menghayati  informasi yang dibacanya serta memiliki kemampuan dan keterampilan individu dalam membaca, menulis, berbicara, menghitung dan memecahkan masalah pada tingkat keahlian tertentu yang diperlukan dalam kehidupan sehari-hari. 

Lokus pembudayaan kegemaran membaca dan literasi meliputi kegiatan sosialisasi pembudayaan kegemaran membaca baik melalui tatap muka langsung maupun online termasuk promosi melalui media cetak dan elektronik.

Pengukurannya dengan menghitung jumlah lokus pembudayaan kegemaran membaca dan literasi"
2.23.03.2.01.0003	Peningkatan Peran Serta Masyarakat dalam Penyimpanan, Perawatan, Pelestarian, dan Pendaftaran Naskah Kuno	Meningkatnya Peran serta Masyarakat dalam Penyimpanan, Perawatan, Pelestarian, dan Pendaftaran Naskah Kuno	Jumlah masyarakat yang berperan dalam penyimpanan, perawatan, pelestarian dan pendaftaran naskah kuno	Orang	"Masyarakat berperan serta dalam pembentukan, penyelenggaraan, pengelolaan, pengembangan, dan pengawasan perpustakaan. 

Kegiatannya meliputi pendataan, sosialisasi, desiminasi, bimtek pelestarian naskah kuno yang dimiliki/diikuti oleh masyarakat.

Pengukurannya dengan menghitung jumlah orang yang berperan serta dalam pelestarian naskah kuno."
2.24.02.2.01.0001	Penciptaan dan Penggunaan Arsip Dinamis	Terkelolanya Penciptaan dan Penggunaan Arsip Dinamis	Jumlah Naskah Dinas yang Diciptakan dan Digunakan	Berkas	"Penciptaan merupakan rekaman kegiatan baik dibuat atau diterima, berupa pembuatan dan penerimaan naskah dinas sedangkan pemeliharaan arsip merupakan kegiatan menjaga keutuhan, keamanan dan keselamatan arsip baik fisik maupun informasi yang meliputi kegiatan pemberkasan, penataan dan penyimpanan arsip aktif,  penataan dan penyimpanan arsip inaktif, dan alih media arsip.

Pemeliharaan Arsip Dinamis dilakukan dengan pemberkasan arsip, penataan arsip inaktif, dan penyimpanan arsip  sesuai peraturan"
2.24.03.2.04.0002	Penilaian dan Penetapan Hasil Alih Media Sesuai Persyaratan Penjaminan Keabsahan Arsip	Terkelolanya Penilaian dan Penetapan Hasil Alih Media Sesuai Persyaratan Penjaminan Keabsahan Arsip	Jumlah Daftar Arsip yang Dilakukan Penilaian dan Penetapan Alih Media Sesuai Persyaratan Penjaminan Keabsahan Arsip	Arsip	Pengukuran Penilaian dan Penetapan Hasil Alih Media Sesuai Persyaratan Penjaminan Keabsahan Arsip dilakukan dengan menghitung  Jumlah Daftar Arsip yang dilakukan Penilaian dan Penetapan Alih Media Sesuai Persyaratan Penjaminan Keabsahan Arsip sebagai bukti autentik
2.24.01.2.01.0006	Koordinasi dan Penyusunan Laporan Capaian Kinerja dan Ikhtisar Realisasi Kinerja SKPD				
2.24.01.2.02.0001	Penyediaan Gaji dan Tunjangan ASN				
2.24.01.2.02.0003	"Pelaksanaan Penatausahaan dan

Pengujian/Verifikasi Keuangan SKPD"				
2.24.01.2.06.0002	Penyediaan Peralatan dan Perlengkapan Kantor				
2.24.01.2.06.0004	Penyediaan Bahan Logistik Kantor				
2.24.01.2.08.0002	Penyediaan Jasa Komunikasi, Sumber Daya Air dan Listrik				
2.24.01.2.08.0004	Penyediaan Jasa Pelayanan Umum Kantor				
2.24.01.2.09.0001	Penyediaan Jasa Pemeliharaan, Biaya Pemeliharaan, dan Pajak Kendaraan Perorangan Dinas atau Kendaraan Dinas Jabatan				
2.24.01.2.09.0009	Pemeliharaan/Rehabilitasi Gedung Kantor dan Bangunan Lainnya				
2.24.01.2.09.0010	Pemeliharaan/Rehabilitasi Sarana dan Prasarana Gedung Kantor atau Bangunan Lainnya				
2.22.02.2.01.0002	Pembinaan Sumber Daya Manusia, Lembaga, dan Pranata Kebudayaan	Terlaksananya Pembinaan Sumber Daya Manusia, Lembaga, dan Pranata Kebudayaan	Jumlah Peserta Pembinaan Sumber Daya Manusia, Lembaga, dan Pranata Kebudayaan	Orang	"Pembinaan adalah upaya pemberdayaan Sumber Daya Manusia Kebudayaan, lembaga Kebudayaan, dan pranata Kebudayaan dalam meningkatkan dan memperluas peran aktif dan inisiatif masyarakat,                                                                                                              Peningkatan mutu Sumber Daya Manusia Kebudayaan, lembaga Kebudayaan, dan pranata Kebudayaan dilakukan melalui:
1.	peningkatan pendidikan dan pelatihan di bidang 
2.	standardisasi dan sertifikasi Sumber Daya Manusia Kebudayaan sesuai dengan kebutuhan dan  dan/atau
3.	peningkatan kapasitas tata kelola lembaga Kebudayaan dan pranata Kebudayaan."
2.22.02.2.02.0002	Pembinaan Sumber Daya Manusia, Lembaga, dan Pranata Tradisional	Terlaksananya Pembinaan Sumber Daya Manusia, Lembaga, dan Pranata Tradisional	Jumlah Laporan Pembinaan Sumber Daya Manusia, Lembaga, dan Pranata Tradisional	Laporan	Pembinaan adalah upaya pemberdayaan Sumber Daya Manusia Kebudayaan, lembaga kebudayaan dan pranata kebudayaan dalam meningkatkan dan memperluas peran aktif dan inisiatif masyarakat
2.22.02.2.03.0001	Pelindungan, Pengembangan, Pemanfaatan Objek Pemajuan Lembaga Adat	Terlaksananya Pelindungan, Pengembangan, Pemanfaatan Objek Pemajuan Lembaga Adat	Jumlah Objek Pemajuan Lembaga Adat yang Telah Dilakukan Pelindungan, Pengembangan dan Pemanfaatan	Objek	Lembaga dan pranata kebudayaan adalah upaya pemberdayaan Lembaga dan pranata kebudayaan yang bertujuan untuk mengembangkan dan membina kebudayaan, serta penataan sistem  proses dan kegiatan kebudayaan secara resmi.
2.22.05.2.01.0002	Penetapan Cagar Budaya	Terlaksananya Penetapan Cagar Budaya	Jumlah Objek Cagar Budaya yang Ditetapkan	Objek	Penetapan adalah pemberian status Cagar Budaya terhadap benda, bangunan, struktur, lokasi, atau satuan ruang geografis yang dilakukan oleh pemerintah kabupaten/kota berdasarkan rekomendasi Tim Ahli Cagar Budaya
3.26.02.2.01.0007	Monitoring dan Evaluasi Pengelolaan Daya Tarik Wisata Kabupaten/Kota	Terlaksananya Monitoring dan Evaluasi Pengelolaan Daya Tarik Wisata Kabupaten/Kota	Jumlah Laporan hasil pelaksanaan Monitoring dan evaluasi Pengelolaan Daya Tarik Wisata Kabupaten/Kota	Laporan	"Pemantauan adalah kegiatan mengamati perkembangan pelaksanaan rencana pembangunan, mengidentifikasi serta mengantisipasi permasalahan yang timbul dan/atau akan timbul untuk dapat diambil tindakan sedini mungkin.
Evaluasi dilakukan atas pelaksanaan Renja-OPD bidang pariwisata dan ekonomi kreatif. Evaluasi dilakukan untuk melihat sejauh mana intervensi OPD berkontribusi pada pencapaian sasaran pembangunan. Hasil evaluasi juga digunakan untuk memperbaiki perencanaan dan tata Kelola pelaksanaan mendatang."
3.26.02.2.01.0008	Peningkatan Kapasitas SDM Pengelola Daya Tarik Wisata Unggulan Kabupaten/Kota	Terlaksananya Peningkatan Kapasitas Pengelola Daya Tarik Wisata Unggulan Kabupaten/Kota	Jumlah Orang Pengelola Daya Tarik Wisata Unggulan yang Dikembangkan	Orang	"Peningkatan kapasitas dilaksanakan dalam format pelatihan atau bimbingan teknis (bimtek) yaitu pemberian pembelajaran secara praktis dalam waktu yang relatif singkat oleh seseorang yang ahli kepada orang lain (peserta) dengan tujuan meningkatkan pemahaman, keterampilan, pengetahuan maupun sikap nilai yang benar dalam bidang pariwisata.
Peningkatan kapasitas dalam hal Pengelola Daya Tarik Wisata Provinsi dapat menyusun modul pembelajaran dengan merujuk kepada antara lain: dokumen Pedoman Pengembangan Daya Tarik Wisata Alam, Budaya dan Buatan. Termasuk Pedoman Pengembangan Desa Wisata."
3.26.02.2.03.0003	Pengembangan Destinasi Pariwisata Kabupaten/Kota	Terlaksananya Pengembangan Destinasi Pariwisata Kabupaten/Kota Sesuai dengan Tahapan (Rintisan, Berkembang, Pemantapan, Revitalisasi)	Jumlah Destinasi Pariwisata Kabupaten/Kota yang Dikembangkan Sesuai dengan Tahapan Pengembangan (Rintisan, Berkembang, Pemantapan, Revitalisasi)	Lokasi	Pengembangan berarti meningkatkan komponen yang terkait dengan kepariwisataan, dengan tujuan agar wisatawan lebih banyak datang, lebih lama tinggal, lebih banyak mengeluarkan uang dan kepuasan wisatawan dapat terpenuhi secara optimal serta lingkungan destinasi dapat tetap terjaga. komponen destinasi pariwisata meliputi aksesibilitas, amenitas dan atraksi
3.26.02.2.03.0004	Pengadaan/Pemeliharaan/Rehabilitasi Sarana dan Prasarana dalam Pengelolaan Destinasi Pariwisata Kabupaten/Kota	Tersedia dan Terpeliharanya Sarana dan Prasarana dalam Pengelolaan Destinasi Pariwisata Kabupaten/Kota	Jumlah Sarana dan Prasarana Pengelolaan Destinasi Pariwisata Kabupaten/Kota yang Tersedia dan Terpelihara	Unit	Pengembangan destinasi pariwisata dilakukan melalui pembangunan sarana dan prasarana yang terkait dengan Atraksi, Aksesibilitas dan Amenitas (3A). Tiga unsur tersebut perlu dipersiapkan untuk dapat mewujudkan destinasi pariwisata yang dapat memberi kenyamanan  yang baik kepada wisatawan. Melalui penyediaan prasarana dan sarana diharapkan destinasi pariwisata dapat menjadi lebih berdaya saing dan dapat memperpanjang lama tinggal (length of stay) wisatawan dengan tetap mempertahankan karakter lokal dan mengutamakan kelestarian lingkungan.
3.26.02.2.03.0006	Pemberdayaan Masyarakat dalam Pengelolaan Destinasi Pariwisata Kabupaten/Kota	Terlaksananya Pemberdayaan Masyarakat dalam Pengelolaan Destinasi Pariwisata Kabupaten/Kota	Jumlah Laporan Hasil Pemberdayaan Masyarakat dalam Pengelolaan Destinasi Pariwisata Kabupaten/Kota	Laporan	Proses pengelolaan destinasi pariwisata yang melibatkan aktivitas masyarakat melalui kelompok sadar wisata
3.26.03.2.01.0003	Penyediaan Data dan Penyebaran Informasi Pariwisata Kabupaten/Kota, Baik Dalam dan Luar Negeri	Terlaksananya Penyediaan Data dan Penyebaran Informasi Pariwisata Kabupaten/Kota, Baik Dalam dan Luar Negeri	Jumlah Dokumen Hasil Pelaksanaan Penyediaan Data dan Penyebaran Informasi Pariwisata Kabupaten/Kota, Baik Dalam dan Luar Negeri	Dokumen	Penyediaan Data dan Penyebaran Informasi Pariwisata adalah proses sistematis yang melibatkan pengumpulan, pengelolaan, dan distribusi informasi yang relevan mengenai destinasi pariwisata di tingkat kabupaten/kota. Tujuannya adalah untuk menyediakan informasi yang akurat dan terkini tentang potensi wisata, fasilitas, dan kegiatan pariwisata baik untuk wisatawan lokal, nasional maupun internasional
3.26.03.2.01.0004	Peningkatan Kerja Sama dan Kemitraan Pariwisata Dalam dan Luar Negeri	Meningkatnya Kerja Sama dan Kemitraan Pariwisata Dalam dan Luar Negeri	Jumlah Dokumen Kerja Sama dan Kemitraan Pariwisata Dalam dan Luar Negeri	Dokumen	Meningkatnya Kerja Sama dan Kemitraan Pariwisata Dalam dan Luar Negeri adalah serangkaian aktivitas yang bertujuan untuk membangun, memperkuat, dan mengelola hubungan kerja sama dan kemitraan strategis dengan berbagai pihak, baik di tingkat lokal maupun internasional, dengan tujuan utama  untuk memajukan sektor pariwisata melalui kolaborasi yang efektif, bertukar pengetahuan, dan memanfaatkan sinergi antara berbagai pemangku kepentingan
3.26.03.2.01.0006	Fasilitasi Kegiatan Pemasaran Pariwisata Baik Dalam dan Luar Negeri Pariwisata Kabupaten/Kota	Terlaksananya Fasilitasi Kegiatan Pemasaran Pariwisata Baik Dalam dan Luar Negeri	Jumlah Kegiatan Pemasaran Pariwisata Baik Dalam dan Luar Negeri	Kegiatan	Fasilitasi Kegiatan Pemasaran Pariwisata Baik Dalam dan Luar Negeri adalah kegiatan yang dilaksanakan oleh pemerintah daerah dalam bentuk sales mission, exhibition, festival, dan famtrip dengan outputnya adalah jumlah kegiatan dengan satuan laporan, berdasarkan Permen, Juklak dan Juknis dan dilaksanakan oleh unit kerja di Bidang Pemasaran Pariwisata dan Ekonomi Kreatif
3.26.03.2.01.0007	Penguatan Promosi Melalui Media Cetak, Elektronik, dan Media Lainnya Baik Dalam dan Luar Negeri	Terlaksananya Penguatan Promosi Melalui Media Cetak, Elektronik, dan Media Lainnya Baik Dalam dan Luar Negeri	Jumlah Dokumen Hasil Penguatan Promosi Melalui Media Cetak, Elektronik, dan Media Lainnya Baik Dalam dan Luar Negeri	Promosi	Penguatan Promosi Melalui Media Cetak, Elektronik, dan Media Lainnya Baik Dalam dan Luar Negeri adalah  Terpublikasikannya destinasi pariwisata melalui media digital, media sosial, dan owned media, media elektronik, media cetak, dan media luar ruang baik dalam dan luar negeri dalam rangka penguatan promosi pariwisata dengan satuan promosi, berdasarkan Rencana Strategis Deputi Bidang Pemasaran, Kementerian Pariwisata dan Ekonomi Kreatif dan dilaksanakan oleh unit kerja di Bidang Pemasaran Pariwisata dan Ekonomi Kreatif.
3.26.05.2.01.0009	Pemberdayaan dan Pembinaan Masyarakat untuk Pengembangan Pariwisata	Meningkatnya Kemampuan dan Pengetahuan Masyarakat yang memperoleh Pemberdayaan dan Pembinaan Masyarakat untuk pengembangan Pariwisata	Jumlah Masyarakat yang memperoleh Pemberdayaan dan Pembinaan Masyarakat untuk pengembangan Pariwisata	Orang	Pengembangan Kapasitas Masyarakat untuk dapat berkontribusi dalam pengembangan Pariwisata. Pelatihan atau Bimtek diberikan kepada masyarakat di sekitar destinasi wisata dan desa wisata dengan muatan pengetahuan tentang pengembangan usaha Pariwisata
3.26.05.2.02.0001	Pelatihan, Bimbingan Teknis, dan Pendampingan Ekonomi Kreatif	Terlaksanya Pelatihan, Bimbingan Teknis, dan Pendampingan Ekonomi Kreatif	Jumlah Orang yang Mengikuti Pelatihan, Bimbingan Teknis, dan Pendampingan Ekonomi Kreatif	Orang	Program peningkatan kapasitas Sumber Daya Manusia ekonomi kreatif, melalui Bimbingan teknis, pelatihan, pendampingan dan wirausaha digital mandiri, untuk menciptakan SDM yang unggul, dan berdaya saing serta siap berwirausaha untuk mencipatkan lapangan pekerjaan seluas luasnya.
3.26.01.2.01.0006	Koordinasi dan Penyusunan Laporan Capaian Kinerja dan Ikhtisar Realisasi Kinerja SKPD				
3.26.01.2.02.0001	Penyediaan Gaji dan Tunjangan ASN				
3.26.01.2.02.0003	"Pelaksanaan Penatausahaan dan

Pengujian/Verifikasi Keuangan SKPD"				
3.26.01.2.06.0004	Penyediaan Bahan Logistik Kantor				
3.26.01.2.07.0006	Pengadaan Peralatan dan Mesin Lainnya				
3.26.01.2.08.0002	Penyediaan Jasa Komunikasi, Sumber Daya Air dan Listrik				
3.26.01.2.08.0004	Penyediaan Jasa Pelayanan Umum Kantor				
3.26.01.2.09.0001	Penyediaan Jasa Pemeliharaan, Biaya Pemeliharaan, dan Pajak Kendaraan Perorangan Dinas atau Kendaraan Dinas Jabatan				
3.26.01.2.09.0009	Pemeliharaan/Rehabilitasi Gedung Kantor dan Bangunan Lainnya				
3.26.01.2.09.0010	Pemeliharaan/Rehabilitasi Sarana dan Prasarana Gedung Kantor atau Bangunan Lainnya				
2.09.02.2.01.0003	Penyediaan Infrastruktur Pendukung Kemandirian Pangan Lainnya	Tersedianya Infrastruktur Pendukung Kemandirian Pangan	Jumlah Infrastruktur Pendukung Kemandirian Pangan yang Tersedia	Unit	Penyediaan dan pengelolaan  prasarana dan sarana yang digunakan untuk menjaga kualitas dan mempertahankan umur simpan bahan pangan yang dilaksanakan oleh pemerintah daerah atau bekerjasama dengan pelaku usaha pangan
2.09.03.2.01.0008	Stabilisasi Pasokan dan Harga Pangan Tingkat Produsen dan Konsumen di Kabupaten/Kota	Terlaksananya Stabilisasi Pasokan dan Harga Pangan Tingkat Produsen dan Konsumen di Kabupaten/Kota	Jumlah kegiatan Stabilisasi Pasokan dan Harga Pangan Tingkat Produsen dan Konsumen di Kabupaten/Kota	laporan	"Stabilisasi Pasokan dan Harga Pangan baik di tingkat Produsen untuk 
melindungi harga jual produksi pangan dengan harga yang layak dan 
menguntungkan maupun di tingkat Konsumen untuk menjamin harga 
pembelian bahan pangan oleh konsumen dengan harga yang wajar 
di Provinsi dan dilaksanakan sebagai intervensi pada saat terjadinya 
terjadinya gejolak harga pangan di tingkat produsen dan konsumen 
melalui kegiatan: (1) Fasilitasi Distribusi Pangan (FDP); (2) Gerakan Pangan 
Murah (GPM); (3) Informasi Harga Pangan di tingkat produsen dan konsumen 
dan (4) Pengawasan Pasokan dan Harga Pangan"
2.09.03.2.01.0010	Pengembangan Kelembagaan Distribusi Pangan Kabupaten/kota	Berkembangnya Kelembagaan Distribusi Pangan kabupaten/kota	Jumlah Kelembagaan Distribusi Pangan	Unit	Pendataan, fasilitasi pertemuan antar pelaku usaha pangan, penguatan kelembagaan dan bisnis pelaku usaha pangan
2.09.03.2.02.0006	Pengelolaan Cadangan Pangan Pemerintah Kab/Kota	Terlaksananya pengelolaan Cadangan Pangan Pemerintah Kab/Kota	Jumlah Cadangan Pangan Pemerintah Kab/Kota yang terpelihara	Ton	Pengelolaan Cadangan Pangan Pemerintah adalah kegiatan untuk menyimpan dan mengelola Cadangan Pangan Pemerintah dengan memperhatikan masa simpan dan upaya lain untuk mempertahankan mutu. Dalam pelaksanaanya dapat dilaksanakan oleh Pemerintah Daerah atau bekerja sama dengan BUMN dan/atau BUMD di bidang Pangan.
2.09.03.2.04.0002	Pemberdayaan Masyarakat dalam Penganekaragaman Konsumsi Pangan Berbasis Sumber Daya Lokal	Terlaksananya Pemberdayaan Kelompok Masyarakat dalam Penganekaragaman Konsumsi Pangan Berbasis Sumber Daya Lokal	Jumlah Pemberdayaan Kelompok Masyarakat dalam Penganekaragaman Konsumsi Pangan Berbasis Sumber Daya Lokal	Laporan	Pemberdayaan Masyarakat dalam Penganekaragaman Konsumsi Pangan Berbasis Sumber Daya Lokal meliputi kegiatan optimalisasi pemanfaatan pekarangan, pengembangan Desa Beragam, Bergizi Seimbang dan Aman (B2SA), Rumah Pangan B2SA dan Fasilitasi Peralatan pengolahan Pangan Lokal.
2.09.04.2.02.0004	Pelaksanaan Intervensi Kewaspadaan Pangan dan Gizi	Terlaksananya Intervensi Kewaspadaan Pangan dan Gizi	Jumlah Intervensi Kewaspadaan Pangan dan Gizi	Dokumen	Intervensi Kewaspadaan Pangan dan Gizi merupakan kegiatan dalam pencegahan dan penanganan kerawanan pangan dan gizi sebagai tindak lanjut dari rekomendasi kebijakan atau hasil analisis kewaspadaan pangan dan gizi Sistem Peringatan Dini Kerawanan Pangan dan Gizi (SKPG) atau Food Insecurity Experiences Scale (FIES) atau Peta Ketahanan dan  Kerentanan Pangan atau Prevalence of Undernourishment (PoU) atau Kesiapsiagaan Krisis Pangan atau analisis kerawanan pangan  lainnya di tingkat kabupaten/kota. Bentuk intervensi yang dapat dilakukan antara lain pemberian paket bantuan pangan, penyelamatan pangan, kegiatan edukasi dan pemberian makanan bergizi untuk siswa, dan intervensi lainnya kepada masyarakat untuk  pencegahan dan penanganan kerawanan pangan dan gizi.
2.09.05.2.01.0007	Penyediaan Sarana Pengujian keamanan dan mutu pangan segar asal tumbuhan Daerah Kabupaten/Kota	Tersedianya sarana pengujian keamanan dan mutu pangan segar  asal tumbuhan daerah kabupaten/kota	Jumlah sarana pengujian keamanan dan mutu pangan segar asal tumbuhan daerah kabupaten/kota	Dokumen	Penyediaan sarana pengujian dapat berupa fisik: 1) laboratorium  dan 2)  instrumen pengujian sederhana uji cepat keamanan dan mutu pangan segar asal tumbuhan
2.09.05.2.01.0008	Koordinasi dan sinkronisasi keamanan dan mutu pangan segar asal tumbuhan	Terlaksananya koordinasi, dan sinkronisasi keamanan dan mutu pangan segar asal tumbuhan	Jumlah pelaksanaan koordinasi, dan sinkronisasi keamanan dan mutu pangan segar asal tumbuhan	Laporan	Koordinasi dan sinkronisasi keamanan dan mutu pangan segar mencakup: 1) pertemuan/ sosialisasi/monitoring evaluasi yang dilakukan dengan pihak terkait dan masyarakat mengenai keamanan dan mutu pangan segar, termasuk penyediaan  media cetak/elektronik dalam rangka edukasi, komunikasi dan informasi kepada  dan 2) pertemuan/ sosialisasi/monitoring evaluasi  untuk penguatan pengawasan keamanan pangan segar di peredaran melalui pembentukan sistem pengendalian internal (internal control system) di pasar  dan 3) pembinaan pelaku usaha UMKM di bidang pangan segar asal tumbuhan
3.25.03.2.02.0004	Penyediaan Sarana dan Prasarana Pemberdayaan Usaha Nelayan Skala Kecil	Tersedianya Sarana dan Prasarana Pemberdayaan Usaha Nelayan Skala Kecil	Jumlah Sarana dan Prasarana Pemberdayaan Usaha Nelayan Skala Kecil	Unit	Jumlah penyediaan sarana prasarana pemberdayaan usaha nelayan berupa Perahu/Kapal Penangkap Ikan untuk perairan laut, mesin kapal, alat penangkapan ikan ramah lingkungan, Sarana Pendukung Kegiatan Penangkapan Ikan (GPS, fish finder, lampu, coolbox, dsb), Sarana keselamatan pelayaran (radio komunikasi, life jacket, alat pemadam kebakaran ringan (APAR), dsb)  sesuai dengan kewenangan kab/kota.
3.25.04.2.02.0001	Pengembangan Kapasitas Pembudi Daya Ikan Kecil	Terlaksananya Pengembangan Kapasitas Pembudi Daya Ikan Kecil	Jumlah Kelompok Pembudi Daya Ikan Kecil yang Mengikuti Pengembangan Kapasitas	Kelompok	Jumlah kelompok pembudidaya ikan kecil yang mendapatkan akses pengembangan kapasitas berupa pelatihan teknis dan manajerial usaha budidaya
3.25.04.2.04.0001	Penyediaan Data dan Informasi Pembudidayaan Ikan dalam 1 (Satu) Daerah Kabupaten/Kota	Tersedianya Data dan Informasi Pembudidayaan Ikan dalam 1 (Satu) Daerah Kabupaten/Kota	Jumlah Data dan Informasi Pembudidayaan Ikan dalam 1 (Satu) Daerah Kabupaten/Kota	Dokumen	Jumlah dokumen yang memuat Data dan Informasi  Pembudidayaan Ikan dalam 1 (satu) Daerah Kabupaten/Kota
3.25.04.2.04.0002	Penyediaan Prasarana Pembudidayaan Ikan dalam 1 (Satu) Daerah Kabupaten/Kota	Tersedianya Prasarana Pembudidayaan Ikan dalam 1 (Satu) Daerah Kabupaten/Kota	Jumlah Prasarana Pembudidayaan Ikan dalam 1 (Satu) Daerah Kabupaten/Kota	Unit	Prasarana Pembudidayaan Ikan yang didistribusikan kepada UPTD dan Masyaraka
3.25.04.2.04.0004	Pengelolaan Kesehatan Ikan dan Lingkungan Budidaya dalam 1 (Satu) Daerah Kabupaten/Kota	Tersedianya Hasil Ikan dan Lingkungan Budidaya dalam 1 (Satu) Daerah Kabupaten/Kota yang Teruji Melalui Pengelolaan Kesehatan Ikan	Jumlah Hasil Ikan dan Lingkungan Budidaya dalam 1 (Satu) Daerah Kabupaten/Kota yang Teruji Melalui Pengelolaan Kesehatan Ikan	Dokumen	jumlah dokumen yang memuat hasil dan lingkungan yang teruji dari pengendalian penyakit Ikan, pengendalian Obat lkan, pengendalian residu, pengendalian lingkungan budidaya, rehabilitasi lingkungan budidaya, unit pengelolaan Kesehatan Ikan dan Lingkungan danpenyelenggaraan Kesejahteraan ll&an (aquatic animal wellfare)
3.25.04.2.04.0009	Penjaminan Ketersediaan Sarana Pembudidayaan Ikan dalam 1 (Satu) Daerah Kabupaten/Kota	Tersedianya Sarana Pembudidayaan Ikan dalam 1 (Satu) Daerah Kabupaten/Kota	Jumlah Sarana Pembudidayaan Ikan dalam 1 (Satu) Daerah Kabupaten/Kota	Unit	Sarana Pembudidayaan Ikan yang didistribusikan kepada UPTD dan Masyarakat
3.25.05.2.01.0007	Pengawasan usaha penangkapan ikan dan/atau usaha pengangkutan ikan sesuai kewenangan kabupaten/kota	Usaha Penangkapan Ikan dan/atau Usaha Pengangkutan Ikan di Wilayah Sungai, Danau, Waduk, Rawa, dan Genangan Air Lainnya yang Dapat Diusahakan dalam Kabupaten/Kota Yang Diawasi	Jumlah pelaku usaha penangkapan ikan dan/atau usaha pengangkutan ikan sesuai kewenangan kabupaten/kota	Pelaku Usaha	"1) Pengawasan usaha penangkapan ikan dan/atau usaha pengangkutan ikan  adalah upaya pengawasan oleh Pengawas perikanan dalam memastikan pelaku usaha penangkapan ikan dan/atau pelaku usaha pengangkutan ikan tertib pelaksanaan ketentuan peraturan perundang-undangan di bidang perikanan.
2) Pelaku usaha adalah setiap badan usaha dan/atau perorangan dan/atau kelompok masyarakat yang melakukan pemanfaatan terhadap sumber daya perikanan pada sektor   usaha penangkapan ikan dan/atau usaha  pengangkutan 
3) Pengawasan dilakukan dengan: a) pemeriksaan keberangkatan dan kedatangan kapal  dan/atau b) pemeriksaan pemenuhan standar berusaha dan standar produk sektor penangkapan ikan dan sektor pengangkutan ikan
4) kewenangan provinsi adalah pengawasan usaha penangkapan ikan dan pengangkutan ikan di  wilayah sungai, danau, waduk, rawa dan genangan air lainnya dalam daerah kabupaten/ dan/atau perizinan berusaha yang diterbitkan oleh Bupati/Walikota"
3.25.06.2.03.0001	Peningkatan Ketersediaan Ikan untuk Konsumsi dan Usaha Pengolahan dalam 1 (Satu) Daerah Kabupaten/Kota	Meningkatnya Ketersediaan Ikan untuk Konsumsi dan Usaha Pengolahan Dalam 1 (Satu) Daerah Kabupaten/Kota	Jumlah Peningkatan Ketersediaan Ikan untuk Konsumsi dan Usaha Pengolahan Dalam 1 (Satu) Daerah Kabupaten/Kota	Ton	0
3.25.06.2.03.0002	Pemberian Fasilitas bagi Pelaku Usaha Perikanan Skala Mikro dan Kecil dalam 1 (Satu) Daerah Kabupaten/Kota	Tersedianya Fasilitas bagi Pelaku Usaha Perikanan Skala Mikro dan Kecil dalam 1 (Satu) Daerah Kabupaten/Kota	Jumlah Pelaku Usaha Perikanan Skala Mikro dan Kecil dalam 1 (Satu) Daerah Kabupaten/Kota yang Terfasilitasi	Pelaku Usaha	0
3.27.02.2.01.0001	Pengawasan Penggunaan Sarana Pendukung Pertanian Sesuai dengan Komoditas, Teknologi dan Spesifik Lokasi	Terawasinya Penggunaan Sarana Pendukung Pertanian Sesuai dengan Komoditas, Teknologi dan Spesifik Lokasi	Jumlah Pengawasan Penggunaan Sarana Pendukung Pertanian Sesuai dengan Komoditas, Teknologi dan Spesifik Lokasi	Laporan	Pengawasan sarana pendukung pertanian adalah serangkaian kegiatan pemeriksaan terhadap pengadaan, peredaran dan penggunaan sarana pendukung pertanian agar terjamin mutu dan efektivitasnya, serta kelestarian lingkungan hidup dan sesuai dengan peraturan perundang-undangan yang berlaku.
3.27.02.2.01.0003	Perbanyakan Benih Bersertifikat Tanaman Pangan Berbentuk Biji/Benih	Tersedianya benih bersertifikat Tanaman Pangan Berbentuk biji/benih	Jumlah benih bersertifikat tanaman pangan berbentuk biji/benih yang diperbanyak	Ton	"Perbanyakan benih adalah kegiatan produksi benih bersertifikat tanaman pangan sesuai dengan standar mutu atau PTM. Perbanyakan Benih dilakukan sebagai tindak lanjut dari hasil pengawasan penggunaan sarana pertanian (benih) terkait kebutuhan  benih bersertifikat melalui  perbanyakan benih  yang telah disediakan pusat.  Produksi benih adalah serangkaian kegiatan untuk menghasilkan benih bersertifikat.
Benih bersertifikat adalah benih yang proses produksinya melalui tahapan sistem sertifikasi benih dan telah memenuhi standar mutu, baik standar lapangan maupun laboratorium untuk masing-masing komoditi dan kelas benih yang ditentukan.  

Produksi benih bersertifikat  adalah serangkaian kegiatan untuk menghasilkan benih bersertifikat yang proses produksinya melalui tahapan sistem sertifikasi benih dan telah memenuhi standar mutu, baik standar lapangan maupun laboratorium untuk masing-masing komoditi dan kelas benih yang ditentukan.   

Perbanyakan benih tanaman pangan dilaksanakan melalui koordinasi, pembinaan, pengadaan benih sumber tanaman pangan kelas Benih Dasar (BD) dan Benih Pokok (BP), pembinaan penangkar/produsen benih.  Perbanyakan benih ini harus mengikuti prosedur sertifikasi benih tanaman pangan."
3.27.02.2.02.0002	Peningkatan Kualitas SDG Hewan/Tanaman	Meningkatnya Kualitas SDG Hewan/Tanaman	Jumlah Pelaksanaan Peningkatan Kualitas SDG Hewan/Tanaman	Dokumen	Peningkatan kualitas SDG hewan (rumpun atau galur ternak) dapat dilakukan diantaranya melalui program seleksi dan persilangan ternak dan tidak bertentangan dengan PP 48 Tahun 2011.
3.27.02.2.02.0003	Pemanfaatan SDG Hewan/Tanaman	Termanfaatkannya SDG Hewan/Tanaman	Jumlah Pemanfaatan SDG Hewan/Tanaman	Dokumen	Pemanfaatan adalah serangkaian kegiatan penelitian dan pengembangan, serta penggunaan Sumber Daya Genetik Hewan atau Ternak, termasuk pembagian keuntungan yang berasal dari pemanfaatannya
3.27.02.2.03.0001	Pengawasan Mutu Benih/Bibit Ternak, Bahan Pakan/Pakan/Tanaman Skala Kecil	Terawasinya Mutu Benih/Bibit Ternak, Bahan Pakan/Pakan/Tanaman Skala Kecil	Jumlah Pengawasan Mutu Benih/Bibit Ternak, Bahan Pakan/Pakan/Tanaman Skala Kecil	Laporan	Persyaratan mutu benih dan/atau bibit ternak hasil produksi di dalam negeri berdasarkan Lampiran I Permentan 19/2012.
3.27.02.2.04.0001	Pemeriksaan Mutu, Khasiat dan Keamanan Peredaran Obat Hewan	Terperiksanya Mutu, Khasiat dan Keamanan Obat Hewan	Jumlah Pemeriksaan Mutu, Khasiat dan Keamanan Obat Hewan yang Beredar	Laporan	Pemeriksaan mutu, khasiat dan keamanan peredaran obat hewan adalah proses kegiatan pengujian mutu untuk menilai khasiat dan keamanan sediaan obat hewan.
3.27.03.2.01.0003	Koordinasi dan Sinkronisasi Prasarana Pendukung Pertanian Lainnya	Terlaksananya Koordinasi dan Sinkronisasi Prasarana Pendukung Pertanian Lainnya	Jumlah Koordinasi dan Sinkronisasi Prasarana Pendukung Pertanian Lainnya	Laporan	"a. Melaksanakan koordinasi dengan instansi 
b. Menyusun petunjuk pelaksanaan sebagai penjabaran dari petunjuk teknis, yang disesuaikan dengan kondisi 
c. Melaksanakan pembinaan dan pengendalian mulai dari persiapan, pelaksanaan monitoring dan evaluasi kegiatan"
3.27.03.2.02.0003	Pembangunan, Rehabilitasi dan Pemeliharaan Jalan Usaha Tani	Terbangun, Terehabilitasi dan Terpeliharanya Jalan Usaha Tani	Jalan Usaha Tani yang Dibangun, Direhabilitasi dan Dipelihara	Unit	"Pelaksanaan  pembangunan, rehabilitasi dan pemeliharaan  jalan yang dibangun pada kawasan pertanian tanaman pangan untuk pengangkutan sarana produksi menuju lahan pertanian, memperlancar mobilitas alat dan mesin pertanian serta mengangkut hasil produk pertanian dari lahan pertanian menuju tempat pengumpulan sementara, tempat pengolahan atau pasar.
Pembangunan dilakukan dalam konteks pengembangan prasarana pertanian."
3.27.03.2.02.0008	Pembangunan, Rehabilitasi dan Pemeliharaan Balai Penyuluh di Kecamatan serta Sarana Pendukungnya	Terbangun, Terehabilitasi dan Terpeliharanya Balai Penyuluh di Kecamatan serta Sarana Pendukungnya	Jumlah Balai Penyuluh di Kecamatan serta Sarana Pendukungnya yang Dibangun, Direhabilitasi dan Dipelihara	Unit	"Pembangunan BPP adalah pengadaan bangunan BPP baru atau perbaikan/perubahan/ penambahan/perluasan bangunan yang sudah ada sesuai dengan perencanaan pembangunan BPP serta penyediaan sarana pendukung dan pemeliharaannya.
Pembangunan dilakukan dalam konteks pengembangan prasarana pertanian."
3.27.03.2.02.0009	Pembangunan, Rehabilitasi dan Pemeliharaan Prasarana Pertanian Lainnya	Terbangun, Terehabilitasi dan Terpeliharanya Prasarana Pertanian Lainnya	Jumlah Prasarana Pertanian Lainnya yang Dibangun, Direhabilitasi dan Dipelihara	Unit	Pembangunan, Rehabilitasi dan Pemeliharaan Prasarana Pertanian Lainnya adalah pembangunan yang dilakukan dalam konteks pengembangan prasarana pertanian.
3.27.03.2.02.0010	Rehabilitasi dan Pemeliharaan Jaringan Irigasi Usaha Tani	terehabilitasi dan terpeliharanya jaringan irigasi usaha tani	Jumlah jaringan irigasi usaha tani yang direhabilitasi	Unit	"Pelaksanaan , rehabilitasi dan pemeliharaan jaringan irigasi usaha tani
 
 1. Melaksanakan koordinasi dengan instansi 
 2.Menyusun petunjuk teknis sebagai penjabaran dari petunjuk pelaksanaan yang disesuaikan dengan kondisi 
 3.Menetapkan tim teknis/koordinator lapangan (korlap) ;
 4.Menetapkan calon penerima bantuan pemerintah (Calon Petani dan Calon Lokasi);
 5. Melaksanakan bimbingan kepada petugas lapangan, Poktan/Gapoktan/P3A penerima bantuan ;
 6.Pengawasan pelaksanaan kegiatan fisik dan pertanggungjawaban penggunaan dana bantuan oleh Poktan/Gapoktan/ dan
 7.Menyusun laporan pelaksanaan kegiatan di kabupaten/kota untuk disampaikan ke provinsi dengan tembusan ke pusat."
3.27.03.2.02.0015	Pembangunan, Rehabilitasi, Pemeliharaan dan operasionalisasi Rumah Potong Hewan	Terbangun, terehabilitasi, terpelihara dan beroperasinya rumah potong hewan	Jumlah rumah potong hewan yang dibangun, direhabilitasi dan dipelihara serta beroperasi	Unit	"Rumah Potong Hewan yang selanjutnya disebut dengan RPH adalah suatu 
bangunan atau kompleks bangunan dengan desain dan syarat tertentu yang 
digunakan sebagai tempat memotong hewan bagi konsumsi masyarakat 
umum.
Pembangunan dilakukan dalam konteks pengembangan prasarana pertanian.
umum.

Pembangunan dilakukan dalam konteks pengembangan prasarana pertanian."
3.27.03.2.03.0001	Pelestarian dan Pemanfaatan Wilayah Sumber Bibit Ternak dan Rumpun/Galur Ternak	Terlaksananya Pelestarian dan Pemanfaatan Wilayah Sumber Bibit Ternak dan Rumpun/Galur Ternak	Jumlah Wilayah Sumber Bibit Ternak dan Rumpun/Galur Ternak yang Dilestarikan dan Dimanfaatkan	Laporan	"Wilayah sumber bibit adalah suatu kawasan agroekosistem yang tidak dibatasi oleh wilayah administrasi pemerintahan dan mempunyai potensi untuk pengembangan bibit dari jenis atau rumpun tertentu.

Galur ternak adalah sekelompok individu ternak dalam satu rumpun yang mempunyai karakteristik tertentu yang dimanfaatkan untuk tujuan pemuliaan atau perkembangbiakan

Pengelolaan wilayah sumber bibit dilakukan oleh dinas kabupaten/kota atau provinsi sesuai dengan kewenangannya untuk dapat mempertahankan persyaratan sesuai dengan pasal 3 dan 4 permentan 48/2011 dan 64/2012.  Pembinaan terhadap pengelolaan wilsumbit dilakukan oleh Menteri, Gubernur dan/atau Bupati/Walikota sesuai kewenangannya. Pembinaan sesuai pasal 19 mencakup: pembiayaan pendampingan dan bimbingan teknis dan pengadaan sarana pendukung utama pembibitan  penjaminan kelangsungan  pemberdayaan terbentuknya klompok pembibit  dan penerapan cara pembibitan ternak yang baik (GBP)."
3.27.04.2.01.0005	Pelaksanaan Surveilans Penyakit Hewan dan Zoonosis pada Hewan	Terlaksananya surveilans penyakit hewan dan zoonosis pada Hewan	Jumlah wilayah yang dilakukan surveilans dan zoonosis pada Hewan	Wilayah	Surveilans penyakit hewan dan zoonosis pada hewan dilakukan dengan pengambilan, pengujian, analisis data dan pelaporan terhadap sampel dan/atau spesimen sebagai dasar pengambilan kebijakan kesehatan hewan.
3.27.04.2.03.0002	Penyediaan Pelayanan Jasa Medik Veteriner	Tersedianya Pelayanan Jasa Medik Veteriner	Jumlah Pelayanan Jasa Medik Veteriner	Laporan	"Pelayanan jasa medik veteriner adalah layanan jasa yang berkaitan dengan kompetensi dokter hewan yang diberikan kepaada masyarakat dalam rangka praktik kedokteran hewan termasuk di dalamnya pemenuhan sarana prasarana pendukung beserta pengembangan kompetensi tenaga kesehatan hewan sebagai pelaksanab jasa medik veteriner.

Dokter Hewan adalah orang yang memiliki profesi di bidang kedokteran Hewan, sertifikat kompetensi, dan kewenangan medik Veteriner dalam melaksanakan 
penyelenggaraan kesehatan Hewan"
3.27.04.2.04.0002	Pengawasan Peredaran Hewan dan Produk Hewan	Terawasinya Peredaran Hewan dan Produk Hewan	Jumlah Pengawasan Peredaran Hewan dan Produk Hewan	Laporan	Pengawasan peredaran terhadap hewan dan produk hewan di wilayah Kabupaten/Kota
3.27.05.2.01.0001	Pengendalian Organisme Pengganggu Tumbuhan (OPT) Tanaman Pangan, Hortikultura, dan Perkebunan	Terkendalinya Organisme Pengganggu Tumbuhan (OPT) Tanaman Pangan, Hortikultura, dan Perkebunan	Jumlah Luas Serangan Organisme Pengganggu Tumbuhan (OPT) Tanaman Pangan, Hortikultura, dan Perkebunan yang Dikendalikan	Ha	"Pengendalian Organisme Pengganggu Tumbuhan (OPT)  Tanaman  Pangan, Hortikultura,  dan Perkebunan yang ditangani dan tidak difasilitasi oleh pusat.

Pengendalian OPTsebagai salah satu upaya penekanan kehilangan hasil akibat serangan Organisme Pengganggu Tumbuhan (OPT), menjamin mutu hasil sehingga memiliki daya saing yang tinggi dan aman dikonsumsi masyarakat. Tindakan pengendalian dapat dilakukan secara preventif (pencegahan) maupun kuratif (telah terjadi serangan), dilaksanakan dengan prinsip PHT baik skala kecil/individual maupun skala luas."
3.27.07.2.01.0001	Peningkatan Kapasitas Kelembagaan Penyuluhan Pertanian di Kecamatan dan Desa				
3.27.07.2.01.0002	Pengembangan Kapasitas Kelembagaan Petani di Kecamatan dan Desa				
3.27.07.2.01.0006	Penyediaan dan Peningkatan Kapasitas Penyuluh pertanian				
3.27.01.2.01.0001	Penyusunan Dokumen Perencanaan Perangkat Daerah				
3.27.01.2.01.0006	Koordinasi dan Penyusunan Laporan Capaian Kinerja dan Ikhtisar Realisasi Kinerja SKPD				
3.27.01.2.02.0001	Penyediaan Gaji dan Tunjangan ASN				
3.27.01.2.02.0003	"Pelaksanaan Penatausahaan dan

Pengujian/Verifikasi Keuangan SKPD"				
3.27.01.2.02.0007	Koordinasi dan Penyusunan Laporan Keuangan Bulanan/ Triwulanan/ Semesteran SKPD				
3.27.01.2.03.0004	Pembinaan, Pengawasan, dan Pengendalian Barang Milik Daerah pada SKPD				
3.27.01.2.06.0002	Penyediaan Peralatan dan Perlengkapan Kantor				
3.27.01.2.06.0004	Penyediaan Bahan Logistik Kantor				
3.27.01.2.08.0002	Penyediaan Jasa Komunikasi, Sumber Daya Air dan Listrik				
3.27.01.2.08.0004	Penyediaan Jasa Pelayanan Umum Kantor				
3.27.01.2.09.0002	Penyediaan Jasa Pemeliharaan, Biaya Pemeliharaan, Pajak dan Perizinan Kendaraan Dinas Operasional atau Lapangan				
3.27.01.2.09.0009	Pemeliharaan/Rehabilitasi Gedung Kantor dan Bangunan Lainnya				
2.17.03.2.01.0004	Pelaksanaan Proses Pemeriksaan dan Pengawasan Koperasi yang Wilayah Keanggotaannya Daerah Kabupaten/Kota	Pelaksanaan proses  Pemeriksaan dan Pengawasan Koperasi  yang Wilayah Keanggotaannya Daerah Kabupaten/ Kota	Jumlah Koperasi yang telah dilakukan Pemeriksaan dan Pengawasan	Unit Usaha	Pemeriksaan Kesehatan Koperasi adalah serangkaian kegiatan mengumpulkan, memverifikasi, mengolah, dan menganalisis data dan/atau keterangan lain yang dilakukan oleh Pengawas Koperasi untuk memastikan kepatuhan terhadap peraturan perundang-undangan dalam rangka menetapkan tingkat kesehatan Koperasi dan penerapan sanksi. Objek pengawasan koperasi meliputi unit simpan pinjam dan non simpan pinjam sesuai dengan wilayah keanggotaan koperasi. Dalam pemeriksaan Kesehatan koperasi harus menggunakan KKPKK (Kertas Kerja Pemeriksaan Kesehatan Koperasi) dan meliputi, tata Kelola, profil resiko, kinerja keuangan dan permodalan. Hal ini sesuai dengan Peraturan Menteri Koperasi Nomor 9 Tahun 2020 ttg Pengawasan Koperasi.
2.17.04.2.01.0001	Pelaksanaan Penilaian Kesehatan KSP/USP Koperasi Kewenangan Kabupaten/Kota	Terlaksananya Penilaian Kesehatan KSP/USP Koperasi Kewenangan Kabupaten/Kota	Jumlah Unit Usaha Koperasi yang Telah Dilakukan Penilaian Kesehatan	Unit Usaha	Penilaian Kesehatan Koperasi merupakan penilaian untuk mengukur tingkat kesehatan Koperasi yang menjalankan kegiatan usaha simpan Pinjam, baik konvensional maupun Syariah. Penilaian Kesehatan Koperasi hanya dilakukan pada KSP/USP. Penilaian Kesehatan Koperasi berpedoman pada Peraturan Menteri Koperasi Nomor 9 Tahun 2020 ttg Pengawasan Koperasi dan Peraturan Menteri Koperasi Nomor 8 Tahun 2023 tentang Koperasi SImpan Pinjam
2.17.05.2.01.0001	Peningkatan Pemahaman dan Pengetahuan Perkoperasian serta Kapasitas dan Kompetensi SDM Koperasi	Meningkatnya Pemahaman dan Pengetahuan Perkoperasian serta Kapasitas dan Kompetensi SDM Koperasi	Jumlah SDM yang Memahami Pengetahuan Perkoperasian	Orang	Peningkatan pemahanan dan pengetahuan perkoperasian serta kapasitas kompetensi SDM Koperasi dapat dilakukan dengan melaksanakan pelatihan . Pelatihan adalah kegiatan secara terencana dalam  peningkatan pengetahuan,  keterampilan  dan  sikap kepada peserta Pelatihan  dalam  waktu  yang  relatif singkat di bidang Koperasi. Pelaku pelatihan dapat berupa pengurus, pengawas dan pengelola koperasi.
2.17.06.2.01.0005	Peningkatan Produktivitas, Nilai Tambah, Akses Pasar, Akses Pembiayaan, Penguatan Kelembagaan, Penataan Manajemen, Standarisasi, dan Restrukturisasi Usaha	Meningkatnya Produktivitas, Nilai Tambah, Akses Pasar, Akses Pembiayaan, Penguatan Kelembagaan, Penataan Manajemen, Standarisasi, dan Restrukturisasi Usaha	Jumlah Unit Usaha yang Produktif, Bernilai Tambah, Memiliki Akses Pasar, Akses Pembiayaan, Penguatan Kelembagaan, Penataan Manajemen, Standarisasi, dan Restrukturisasi Usaha	Unit Usaha	Peningkatan Produktivitas mengacu pada usaha untuk meningkatkan efisiensi dan hasil produksi koperasi, sehingga dapat memberikan kontribusi yang lebih besar terhadap ekonomi. Nilai Tambah  koperasi bertujuan untuk meningkatkan nilai tambah produk atau layanan yang dihasilkan oleh koperasi, sehingga dapat menarik minat konsumen dan menghasilkan keuntungan lebih besar. Akses Pasar mencakup upaya untuk memberikan akses yang lebih baik ke pasar, baik melalui promosi, distribusi, atau kerja sama dengan pelaku bisnis lainnya. Akses Pembiayaan menggambarkan upaya untuk memberikan akses yang lebih baik terhadap sumber pembiayaan atau pendanaan, sehingga koperasi dapat mengembangkan dan memperluas kegiatan bisnisnya. Penguatan Kelembagaan fokus pada perbaikan struktur dan fungsi internal koperasi untuk meningkatkan daya tahan dan kinerja jangka panjang. Penataan Manajemen berkaitan dengan penyusunan sistem manajemen yang efektif untuk mengoptimalkan operasional dan pengambilan keputusan dalam koperasi. Standarisasi merupakan pengembangan standar untuk produk atau layanan koperasi, sehingga dapat memenuhi persyaratan pasar nasional dan internasional. Restrukturisasi Usaha koperasi bisa mencakup restrukturisasi bisnis untuk menyesuaikan model operasional dengan perubahan pasar atau lingkungan bisnis. Penjabaran lebih lanjut dapat mempedomani Peraturan Pemerintah Nomor 7 Tahun 2021 tentang Kemudahan, Pelindungan, dan Pemberdayaan KUMKM pada Pasal 21
2.17.07.2.01.0002	Pemberdayaan Melalui Kemitraan Usaha Mikro				
2.17.07.2.01.0004	Pemberdayaan Kelembagaan Potensi dan Pengembangan Usaha Mikro				
2.17.08.2.01.0003	Penumbuhan dan Pengembangan Kewirausahaan				
3.30.03.2.01.0001	Penyediaan Sarana Distribusi Perdagangan	Tersedianya Sarana Distribusi Perdagangan	Jumlah Sarana Distribusi Perdagangan	Unit	Penyediaan Sarana Distribusi Perdagangan adalah Tersedianya Sarana Distribusi Perdagangan dengan alat ukur Jumlah Sarana Distribusi Perdagangan dengan satuan unit
3.30.03.2.01.0002	Fasilitasi Pengelolaan Sarana Distribusi Perdagangan	Tersedianya Fasilitasi Pengelolaan Sarana Distribusi Perdagangan	Jumlah Fasilitasi Pengelolaan Sarana Distribusi Perdagangan	Unit	Fasilitasi Pengelolaan Sarana Distribusi Perdagangan adalah Tersedianya fasilitas Pengelolaan Sarana Distribusi Perdagangan dengan alat ukur Jumlah fasilitas Pengelolaan Sarana Distribusi Perdagangan dengan satuan unit
3.30.03.2.02.0001	Pembinaan dan Pengendalian Pengelola Sarana Distribusi Perdagangan	Terlaksananya Pembinaan dan Pengendalian kepada Pengelola Sarana Distribusi Perdagangan	Jumlah Dokumen Hasil Pembinaan dan Pengendalian kepada Pengelola Sarana Distribusi Perdagangan	Dokumen	Pembinaan dan Pengendalian Pengelola Sarana Distribusi Perdagangan adalah Terlaksananya pembinaan dan pengendalian kepada Pengelola Sarana Distribusi Perdagangan dengan alat ukur Jumlah pengelola sarana distribusi perdagangan yang dibina dengan satuan Orang/Pengelola
3.30.04.2.02.0001	Pemantauan Harga dan Stok Barang Kebutuhan Pokok dan Barang Penting pada Pelaku Usaha Distribusi Barang dalam 1 (Satu) Kabupaten/Kota	Tersedianya Laporan Pemantauan Harga dan Stok Barang Kebutuhan Pokok dan Barang Penting pada Pelaku Usaha Distribusi Barang dalam 1 (Satu) Kabupaten/Kota	Jumlah Laporan Pemantauan Harga dan Stok Barang Kebutuhan Pokok dan Barang Penting pada Pelaku Usaha Distribusi Barang dalam 1 (Satu) Kabupaten/Kota	Laporan	Pemantauan Harga dan Stok Barang Kebutuhan Pokok dan Barang Penting pada Pelaku Usaha Distribusi Barang dalam 1 (satu) Kabupaten/Kota adalah Tersedianya Laporan Pemantauan Harga dan Stok Barang Kebutuhan Pokok dan Barang Penting pada Pelaku Usaha Distribusi Barang dalam 1 (satu) Kabupaten/Kota dengan alat ukur Laporan Pemantauan Harga dan Stok Barang Kebutuhan Pokok dan Barang Penting pada Pelaku Usaha Distribusi Barang dalam 1 (satu) Kabupaten/Kota dengan satuan laporan
3.30.05.2.01.0005	Peningkatan Citra Produk Ekspor	Meningkatnya Citra Produk Ekspor	Jumlah Produk Unggulan Ekspor Daerah yang Disusun Menjadi Materi Promosi	Produk	Peningkatan Citra Produk Ekspor adalah meningkatnya Citra Produk Ekspor dengan alat ukur Jumlah produk unggulan ekspor daerah yang disusun menjadi materi promosi dengan satuan produk dilaksanakan oleh sub bidang urusan perdagangan
3.30.06.2.01.0001	Pelaksanaan Metrologi Legal, Berupa Tera, Tera Ulang	Meningkatnya Kesesuaian Alat Ukur, Alat Takar, Alat Timbang, dan Alat Perlengkapan Terhadap Ketentuan yang Berlaku	Jumlah Alat Ukur, Alat Takar, Alat Timbang, dan Alat Perlengkapan Ditera Ulang	Unit	"Pelaksanaan Metrologi Legal, Berupa Tera, Tera Ulang adalah Meningkatnya kesesuaian alat ukur, alat takar, alat timbang, dan alat perlengkapan terhadap ketentuan yang berlaku dengan alat ukur jumlah alat ukur, alat takar, alat timbang, dan alat perlengkapan yang ditera ulang oleh Unit Metrologi Legal Kabupaten/kota dengan satuan unit berdasarkan Peraturan Menteri Perdagangan Nomor 67 tahun 2019 tentang Alat Ukur, Takar, Timbang dan Perlengkapannya yang wajib ditera dan ditera ulang dilaksanakan oleh sub bidang urusan perdagangan
Kegiatan operasional yang dilakukan dalam rangka mendukung pelaksanaan tera dan tera ulang alat ukur, alat takar, alat timbang, dan alat perlengkapan adalah
- Verifikasi Standar Internal. Kegiatan ini merupakan kegiatan yang dilakukan oleh UML untuk memastikan akurasi dari peralatan standar yang dimiliki sesuai dengan persyaratan dam ketentuan yang telah ditetapkan. Komponen kegiatan ini mencakup pengadaan tanda verifikasi.
- Verifikasi Standar Eksternal ke BSML atau Direktorat Metrologi. Kegiatan ini merupakan kegiatan untuk membawa standar milik UML ke BSML atau Direktorat Metrologi untuk dilakukan verifikasi memastikan akurasi dari standar ukuran. Komponen dari kegiatan ini mencakup perjalanan dinas ke lokasi BSML atau Ditrektorat Metrologi, penyediaan biaya pengujian/verifikasi standar, penyediaan biaya asuransi peralatan standar selama perjalanan, dan/atau pengiriman standar.
- Pendataan/Pemetaan dan Pemutakhiran Data Potensi Alat Ukur, Alat Takar, Alat Timbang Dan Alat Perlengkapan dan Wajib Tera. Kegiatan ini merupakan kegiatan untuk mendata seluruh Alat Ukur, Alat Takar, Alat Timbang Dan Alat Perlengkapan dan wjib tera yang ada di wilayah kabupaten/kota. Komponen dari kegiatan ini adalah sensus terhadap wajib tera di wilayah kabuapaten/kota dan penginputan data pada sistem informasi yang dikelola oleh Direktorat Metrologi.
- Operasional Tera/Tera Ulang Alat Ukur, Alat Takar, Alat Timbang Dan Alat Perlengkapan kegiatan ini merupakan kegiatan pelayanan tera dan tera ulang di kantor dan lokasi tempat Alat Ukur, Alat Takar, Alat Timbang Dan Alat Perlengkapan digunakan/terpasang. Komponen kegiatan ini antara lain pengembangan mutu pelayanan di kantor, penyediaan dukungan operasional pelaksanaan pelayanan di tempat Alat Ukur, Alat Takar, Alat Timbang Dan Alat Perlengkapan terpasang atau digunakan, dan/atau penyampaian informasi jadwal pelaksanaan tera dan tera ulang.
- Pemeliharaan, renovasi dan pembangunan Sarana dan Prasarana. Kegiatan ini merupakan kegiatan yang dilakukan untuk memastikan bahwa laboratorium uji dan peralatan standar yang dimiliki oleh UML tetap memenuhi persyaratan dan berfungsi dengan baik sehingga tetap menjaga akurasi hasil pengujian. Komponen kegiatan ini mencakup pemeliharaan laboratorium uji dan peralatan standar, renovasi labporatorium uji/ruang pelayanan, pengadaan peralatan dan/atau pembangunan sarana dan prasarana.
- Cek Antara. Kegiatan ini merupakan kegiatan untuk memastikan konsistensi akurasi dari standar ukuran yang dimiliki oleh UML.
- Interkomparasi Standar Kerja Antar UML. Kegiatan ini merupakan kegiatan untuk memastikan kesetaraan kemampuan Unit Metrologi Legal melalui kesetaraan standar ukuran dan kemampuan verifikasi UML yang dibandingkan dengan UML di regional masing-masing dan dikordinasikan oleh BSML. Komponen dari kegiatan ini mencakup perjalanan dinas ke lokasi BSML atau Ditrektorat Metrologi, penyediaan biaya pengujian/verifikasi standar, penyediaan biaya asuransi peralatan standar selama perjalanan, dan/atau pengiriman standar.
- Audit Internal. Kegiatan ini merupakan kegiatan yang dilakukan oleh UML untuk memonitoring dan mengevaluasi kesesuaian penyelenggaraan pelayanan tera dan tera ulang dengan persyaratan yang telah ditetapkan. Komponen kegiatan ini mencakup penyelenggaraan pertemuan secara internal.
- Kaji Ulang Permintaan. Kegiatan ini  merupakan kegiatan yang dilakukan oleh UML untuk mengevaluasi kesesuaian penyelenggaraan pelayanan tera dan tera ulang dengan persyaratan yang telah ditetapkan secara keseluruhan berdasarkan pedoman yang telah ditetapkan. Komponen kegiatan ini mencakup penyelenggaraan pertemuan secara internal dan/atau eksternal.
- Penambahan Ruang Lingkup. Kegiatan ini merupakan kegiatan yang dilakukan oleh UML untuk menambah ruang lingkup pelayanan. Kegiatan ini terdiri dari kegiatan penilaian yang dilakukan oleh Direktorat Metrolo0gi berdasarkan permohonan dari UML untuk memastikan pemenuhan persyaratan yang ada. Komponen kegiatan ini mencakup perjalanan dinas bagi tenaga assesor Direktorat Metrologi dan penyelenggaraan pertemuan secara internal dan/atau eksternal.
- Kaji Ulang Manajemen. Kegiatan ini merupakan kegiatan yang dilakukan oleh UML untuk mengevaluasi kesesuaian penyelenggaraan pelayanan tera dan tera ulang dengan persyaratan yang telah ditetapkan secara keseluruhan berdasarkan pedoman yang telah ditetapkan. Komponen kegiatan ini mencakup penyelenggaraan pertemuan secara internal dan/atau eksternal.
- Dukungan Surveillance (sebagai Asessi). Kegiatan ini merupakan kegiatan dukungan dari UML untuk memfasilitasi penyelenggaraan kegiatan surveillance yang dilakukan oleh Direktorat Metrologi dalam memastikan konsistensi penyelenggaraan pelayanan sesuai dengan persyaratan yang ditetapkan. Komponen kegiatan ini mencakup penyelenggaraan pertemuan secara internal dan/atau eksternal.
- Pelatihan Fungsional Penera. Kegiatan ini merupakan kegiatan untuk mengembangkan komptensi dan kemampuan SDM UML melalui keikutsertaan dalam pelatihan fungsional Penera yang diselenggarakan oleh Kementerian Perdagangan melalui Pusat Pengembangan Sumber Daya Kemetrologian. Komponen kegiatan mencakup perjalanan dinas bagi peserta pelatihan dan/atau penyediaan biaya pelatihan. 
- Pelatihan Teknis Penera. Kegiatan ini merupakan kegiatan untuk mengembangkan kompetensi dan kemampuan SDM UML melalui keikutsertaan dalam pelatihan teknis Penera yang diselenggarakan oleh Kementerian Perdagangan. Komponen kegiatan mencakup perjalanan dinas bagi peserta pelatihan pemanggilan tenaga pengajar dari luar dan/atau penyediaan biaya pelatihan.
- Pelaksanaan Uji Kompetensi. Kegiatan ini merupakan kegiatan terkait penilaian kemampuan/kompetensi Penera yang dilakukan secara berkala oleh Direktorat Metrologi. Komponen kegiatan mencakup perjalanan dinas bagi peserta pelatihan dan/atau penyediaan biaya uji kompetensi.
- Penilaian Angka Kredit Penera. Kegiatan ini merupakan kegiatan penilaian angka kredit bagi Penera. Komponen kegiatan ini mencakup penyampaian berkas PAK dan perjalanan dinas dalam hal kebutuhan penilaian bagi jenjang tertentu.
- Pelaksanaan Magang, Coaching, Bimtek ke BSML /Ditmet. Kegiatan ini merupakan kegiatan untuk mengembangkan komptensi dan kemampuan SDM UML melalui keikutsertaan dalam Magang, Coaching, Bimtek yang diselenggarakan oleh Kementerian Perdagangan. Kegiatan ini dilakukan berdasarkan penawaran yang diberikan oleh Kementerian Perdagangan melalui Direktorat Metrologi. Komponen kegiatan ini mencakup perjalanan dinas bagi peserta.
- Pelatihan Menajemen Operasional Kemetrologian. Kegiatan ini merupakan kegiatan untuk mengembangkan kompetensi dan kemampuan SDM UML melalui keikutsertaan dalam Pelatihan Menajemen Operasional Kemetrologian yang diselenggarakan oleh Kementerian Perdagangan. Komponen kegiatan mencakup perjalanan dinas bagi peserta pelatihan dan/atau penyediaan biaya pelatihan.
- Harmonisasi Kegiatan Metrolgi Legal Regional. Kegiatan ini merupakan kegiatan pertemuan yang dihadiri oleh seluruh UML di regional masing-masing dalam rangka mengharmonisasikan penyelenggaraan kegiatan kemetrologian. Komponen kegiatan ini mencakup perjalanan dinas bagi peserta.
- Pertemuan Teknis Kemetrologian Nasional. Kegiatan ini merupakan kegiatan pertemuan yang dihadiri oleh seluruh UML secara nasional dalam rangka pembahasan dan uji publik prosedur teknis dan rancangan NSPK di bidang metrologi legal yang akan diterapkan maupun yang sudah diterbitkan sehigga NSPK di bidang metrologi legal dapat diimplementasikan dengan baik. Komponen kegiatan ini mencakup perjalanan dinas bagi peserta.
- Sistem Informasi Layanan Tera/Tera Ulang. Kegiatan ini merupakan kegiatan dalam rangka memanfaatkan sistem informasi terkait layanan tera dan tera ulang yang dibangun oleh Kementerian Perdagangan, seperti pelaporan tera dna tera ulang, pendataan wajib tera, verifikasi standar, pelayanan tera dan tera ulang.
- Promosi layanan tera dan tera ulang. Kegiatan ini merupakan kegiatan untuk menyebarkan informasi kepada masyarakat dan wajib tera terkait dengan layanan tera dan tera ulang. Kegiatan ini bisa berupa pembuatan banner, spanduk, stiker, sosialisasi tatap muka, webinar, penyuluhan, pembuatan video publikasi di radio, TV, media elektronik, media cetak, dan lain-lain"
3.30.06.2.01.0002	Pengawasan/Penyuluhan Metrologi Legal	Pelaku Usaha di Bidang Metrologi Legal yang Dibina	Jumlah Pelaku Usaha di Bidang Metrologi Legal yang Dibina	Orang	"Pengawasan dan Penyuluhan Metrologi Legal adalah Meningkatnya kesesuaian alat ukur, alat takar, alat timbang, dan alat perlengkapan dan barang dalam keadaan terbungkus terhadap ketentuan yang berlaku dengan alat ukur jumlah pelaku usaha dibidang metrologi legal yang bina yang meliputi wajib tera/pengguna alat ukur, alat takar, alat timbang, dan alat perlengkapan sesuai dengan ruang lingkup pada Peraturan Menteri Perdagangan Nomor 67 tahun 2019 tentang Alat Ukur, Takar, Timbang dan Perlengkapannya yang wajib ditera dan ditera ulang dan Peraturan Menteri Perdagangan Nomor 68 tahun 2019 tentang Tera dan/atau tera ulang serta produsen/pengemas barang dalam keadaan terbungkus sesuai dengan ruang lingkup pada Peraturan Menteri Perdagangan Nomor 31 tahun 2011 tentang Barang Dalaqm Keadaan Terbungkus agar mememenuhi kewajiban di bidang metrologi legal. Kegiatan pengawasan dan penyuluhan dilakukan berdasarkan data jumlah alat ukur, alat takarm alat timbang, dan alat perlengkapan serta jumlah sampel barang dalam keadaan terbungkus yang diambil dalam kegiatan pemantauan, pengamatan dan pengawasan kemetrologian.

Kegiatan operasional yang dilakukan dalam rangka mendukung pelaksanaan pengawasan dan penyuluhan adalah
- Pendataan/Pemetaan  Data Potensi dan kondisi Alat Ukur, Alat Takar, Alat Timbang Dan Alat Perlengkapan dan BDKT. Kegiatan ini merupakan kegiatan yang dilakukan untuk mendata dan memantau kondisi Alat Ukur, Alat Takar, Alat Timbang Dan Alat Perlengkapan dan BDKT. Komponen dari kegiatan ini adalah survei terhadap kondisi Alat Ukur, Alat Takar, Alat Timbang Dan Alat Perlengkapan dan BDKT di wilayah kabuapaten/kota dan penginputan data pada sistem informasi yang dikelola oleh Direktorat Metrologi.
- Operasionalisasi Pengawasan Alat Ukur, Alat Takar, Alat Timbang Dan Alat Perlengkapan. Kegiatan ini merupakan kegiatan yang dilakukan untuk menyelenggarakan kegiatan pengawasan ALAT UKUR, Alat Takar, Alat Timbang Dan Alat Perlengkapan di wilayah kabupaten/kota. Komponen kegiatan ini mencakup perjalanan dinas dalam rangka pengawasan di kabupaten/kota, penyediaan perlengkapan pengawasan, pengadaan garis metrologi dan label barang dalam pengawasan
- Penyuluhan Kemetrologian Melalui Tatap Muka, Media Cetak, Elektronik, Internet. Kegiatan ini merupakan kegiatan untuk menyebarkan informasi kepada masyarakat dan wajib tera terkait dengan metrologi legal. Kegiatan ini bisa berupa pembuatan banner, spanduk, stiker, sosialisasi tatap muka, webinar, penyuluhan, pembuatan video, publikasi di radio, TV, media elektronik, media cetak, dan lain-lain
- Operasionalisasi Pengawasan BDKT. Kegiatan ini merupakan kegiatan yang dilakukan untuk menyelenggarakan kegiatan pengawasan BDKTdi wilayah kabupaten/kota. Komponen kegiatan ini mencakup perjalanan dinas dalam rangka pengawasan di kabupaten/kota, penyediaan perlengkapan pengawasan, pengadaan garis metrologi dan label barang dalam pengawasan.
- Pembelian Sampling BDKT. Kegiatan ini merupakan kegiatan yang dilakukan dalam rangka membeli sampel BDKT yang akan diuji dlaam rangka pengawasan BDKT yang dilakukan di post market. Komponen kegiatan ini mencakup pembelian sampel BDKT untuk dilakukan pengujian dalam rangka pengawasan.
- Pengadaan, Pengelolaan dan Pemeliharaan Standar Kerja Pengawasan. Kegiatan ini merupakan kegiatan yang dilakukan untuk memastikan  Standar Kerja Pengawasan tetap memenuhi persyaratan dan berfungsi dengan baik sehingga tetap menjaga akurasi hasil pengujian. Komponen kegiatan ini mencakup pemeliharaan laboratorium uji dan peralatan standar, renovasi labporatorium uji/ruang pelayanan, pengadaan peralatan dan/atau pembangunan sarana dan prasarana.
- Audit Internal Pengawasan/Penyuluhan. Kegiatan ini merupakan kegiatan yang dilakukan oleh daerahuntuk memonitoring dan mengevaluasi kesesuaian penyelenggaraan Pengawasan/Penyuluhan dengan persyaratan yang telah ditetapkan. Komponen kegiatan ini mencakup penyelenggaraan pertemuan secara internal.
- Kaji Ulang Manajemen Pengawasan/Penyuluhan Kemetrologian. Kegiatan ini merupakan kegiatan yang dilakukan oleh daerah untuk mengevaluasi kesesuaian penyelenggaraan Pengawasan/Penyuluhan Kemetrologiandengan persyaratan yang telah ditetapkan secara keseluruhan berdasarkan pedoman yang telah ditetapkan. Komponen kegiatan ini mencakup penyelenggaraan pertemuan secara internal dan/atau eksternal.
- Dukungan Surveillance sebagai Asessi. Kegiatan ini merupakan kegiatan dukungan dari daerah untuk memfasilitasi penyelenggaraan kegiatan surveillance yang dilakukan oleh Direktorat Metrologi dalam memastikan konsistensi penyelenggaraan pengawsan sesuai dengan persyaratan yang ditetapkan. Komponen kegiatan ini mencakup penyelenggaraan pertemuan secara internal dan/atau eksternal.
- Pelatihan Fungsional Pengawasan Kemetrologian. Kegiatan ini merupakan kegiatan untuk mengembangkan kompetensi dan kemampuan SDM melalui keikutsertaan dalam pelatihan fungsional Pengawas Kemetrologian dan/atau pengamat tera yang diselenggarakan oleh Kementerian Perdagangan melalui Pusat Pengembangan Sumber Daya Kemetrologian. Komponen kegiatan mencakup perjalanan dinas bagi peserta pelatihan dan/atau penyediaan biaya pelatihan.
- Pelatihan Teknis Pengawas Kemetrologian. Kegiatan ini merupakan kegiatan untuk mengembangkan kompetensi dan kemampuan SDM  melalui keikutsertaan dalam pelatihan teknis Pengawas Kemetrologian dan/atau pengamat tera yang diselenggarakan oleh Kementerian Perdagangan. Komponen kegiatan mencakup perjalanan dinas bagi peserta pelatihan, pemanggilan tenaga pengajar dari luar dan/atau penyediaan biaya pelatihan.
- Pelaksanaan Uji Kompetensi. Kegiatan ini merupakan kegiatan terkait penilaian kemampuan/kompetensi Pengawas Kemetrologian dan/atau pengamat tera yang dilakukan secara berkala oleh Direktorat Metrologi. Komponen kegiatan mencakup perjalanan dinas bagi peserta pelatihan dan/atau penyediaan biaya uji kompetensi.
- Penilaian Angka Kredit Pengawas Kemetrologian. Kegiatan ini merupakan kegiatan penilaian angka kredit bagi Pengawas Kemetrologian dan/atau pengamat tera. Komponen kegiatan ini mencakup penyampaian berkas PAK dan perjalanan dinas dalam hal kebutuhan penilaian bagi jenjang tertentu.
- Pelaksanaan Magang, Coaching, Bimtek ke BSML /Ditmet. Kegiatan ini merupakan kegiatan untuk mengembangkan komptensi dan kemampuan SDM UML melalui keikutsertaan dalam Magang, Coaching, Bimtek yang diselenggarakan oleh Kementerian Perdagangan. Kegiatan ini dilakukan berdasarkan penawaran yang diberikan oleh Kementerian Perdagangan melalui Direktorat Metrologi. Komponen kegiatan ini mencakup perjalanan dinas bagi peserta.
- Pelatihan Menajemen Operasional Kemetrologian. Kegiatan ini merupakan kegiatan untuk mengembangkan kompetensi dan kemampuan SDM UML melalui keikutsertaan dalam Pelatihan Menajemen Operasional Kemetrologian yang diselenggarakan oleh Kementerian Perdagangan. Komponen kegiatan mencakup perjalanan dinas bagi peserta pelatihan dan/atau penyediaan biaya pelatihan.
- Harmonisasi Kegiatan Metrolgi Legal Regional. Kegiatan ini merupakan kegiatan pertemuan yang dihadiri oleh seluruh UML di regional masing-masing dalam rangka mengharmonisasikan penyelenggaraan kegiatan kemetrologian. Komponen kegiatan ini mencakup perjalanan dinas bagi peserta.
- Forum Pengawasan Kemetrologian Nasional. Kegiatan ini merupakan kegiatan pertemuan yang dihadiri oleh seluruh UML secara nasional dalam rangka pembahasan dan uji publik prosedur teknis dan rancangan NSPK di bidang metrologi legal yang akan diterapkan maupun yang sudah diterbitkan sehigga NSPK di bidang metrologi legal dapat diimplementasikan dengan baik. Komponen kegiatan ini mencakup perjalanan dinas bagi peserta.
- Sistem Informasi Pengawasan Kemetrologian. Kegiatan ini merupakan kegiatan dalam rangka memanfaatkan sistem informasi terkait layanan tera dan tera ulang yang dibangun oleh Kementerian Perdagangan, seperti pelaporan pemantauan dan pengawasan Alat Ukur, Alat Takar, Alat Timbang Dan Alat Perlengkapan dan BDKT
- Penanganan Pengaduan /Laporan Masyrakat. Kegiatan ini merupakan kegiatan tindaklanjut pengaduan masyarakt di bidang metrolgoi legal. 
- Penyelidikan (Pengumpulan Bahan Keterangan)/Wasmatlitrik. Kegiatan ini merupakan kegiatan untuk mengumpulkan bahan keterangan tindaknaljut hasil pengawasan yang akan diteruskan ke tahap penyidikan.
- Expose hasil pengawasan kemetrologian. Kegiatan ini merupakan egiatan untuk menyebarkan informasi kepada masyarakat dan wajib tera terkait dengan hasil pengawasan. Kegiatan ini bisa berupa sosialisasi tatap muka, webinar, pembuatan video publikasi di radio, TV, media elektronik, media cetak, dan lain-lain"
3.30.07.2.01.0005	Pelaksanaan Promosi Penggunaan Produk Dalam Negeri di Tingkat Kabupaten/Kota	Terlaksananya Promosi Penggunaan Produk Dalam Negeri di Tingkat Kabupaten/Kota	Jumlah UMKM yang memperoleh fasilitasi Promosi Penggunaan Produk Dalam Negeri di Tingkat Kabupaten/Kota	UMKM	Pelaksanaan Promosi Penggunaan Produk Dalam Negeri di Tingkat Kabupaten/Kota adalah Terlaksananya Promosi Penggunaan Produk Dalam Negeri di Tingkat Kabupaten/Kota dengan alat ukur Jumlah UMKM yang memperoleh fasilitasi Promosi Penggunaan Produk Dalam Negeri di Tingkat Kabupaten/Kota dengan satuan UMKM
3.30.07.2.01.0006	Pemasaran dan Peningkatan Penggunaan Produk Dalam Negeri di Tingkat Kabupaten/Kota	Meningkatnya Akses Pemasaran Produk Dalam Negeri Terutama Produk yang Dihasilkan oleh UMKM Melalui Kemitraan dengan Retail, Marketplace, Perhotelan dan Jasa Akomodasi	Jumlah UMKM yang memperoleh fasilitasi pemasaran produk dalam negeri  melalui kemitraan dengan retail, marketplace, perhotelan dan jasa akomodasi	UMKM	Pemasaran dan Peningkatan Penggunaan Produk Dalam Negeri di Tingkat Kabupaten/Kota adalah meningkatnya akses pemasaran produk dalam negeri terutama produk yang dihasilkan oleh UMKM melalui kemitraan dengan retail, marketplace, perhotelan dan jasa akomodasi dengan alat ukur Jumlah UMKM yang memperoleh fasilitasi pemasaran produk dalam negeri  melalui kemitraan dengan retail, marketplace, perhotelan dan jasa akomodasi dengan satuan UMKM
3.31.02.2.01.0002	Koordinasi, Sinkronisasi, dan Pelaksanaan Kebijakan Percepatan Pengembangan, Penyebaran dan Perwilayahan Industri	Terselenggaranya Koordinasi, Sinkronisasi dan Pelaksanaan Kebijakan Percepatan, Pengembangan, Penyebaran dan Perwilayahan Industri	Jumlah Dokumen Hasil Koordinasi, Sinkronisasi dan Pelaksanaan Kebijakan Percepatan, Pengembangan, Penyebaran dan Perwilayahan Industri	Dokumen	"Kinerja pada sub kegiatan Koordinasi, Sinkronisasi, dan Pelaksanaan Kebijakan Percepatan Pengembangan, Penyebaran dan Perwilayahan Industri adalah Jumlah dokumen hasil koordinasi, sinkronisasi dan pelaksanaan kebijakan percepatan, pengembangan, penyebaran dan perwilayahan industri  selama 1 tahun. Pelaksanaan Kebijakan perwilayahan dimaksud dapat berupa :
1. Wilayah pusat pertumbuhan industri
2. Kawasan peruntukan industri 
3. Kawasan industri"
3.31.02.2.01.0003	Koordinasi, Sinkronisasi, dan Pelaksanaan Pembangunan Sumber Daya Industri	Terselenggaranya Koordinasi, Sinkronisasi, dan Pelaksanaan Pembangunan Sumber Daya Industri	Jumlah Dokumen Hasil Koordinasi, Sinkronisasi, dan pelaksanaan Pembangunan Sumber Daya Industri	Dokumen	"1.  Pembangunan SDM  industri dapat dilakukan melalui:
a Menyelenggarakan Pendidikan Vokasi Industri berbasis kompetensi
b Menyelenggarakan Pelatihan Industri Berbasis Kompetensi
c  Memfasilitasi pelaksanaan Sertifikasi Kompetensi Tenaga Kerja Industri
d  Memberikan insentif bagi Perusahaan Industri dan/atau Perusahaan Kawasan Industri yang menerima Pemagangan Industri
e Memfasilitasi pembangunan pusat pendidikan dan pelatihan Industri di wilayah pusat     pertumbuhan Industri
f  Pelaksanaan Diklat Teknis Industri untuk ASN daerah&		
2.  Pemanfaatan Sumber daya alam industri dapat dilakukan melalui:
a Penyediaan sumber daya alam untuk industri di daerah
b Penyaluran sumber daya alam untuk industri di daerah
c  Fasilitasi ketersediaan Sumber Daya Alam terbarukan dan Sumber Daya Alam tidak terbarukanmelalui pemetaan dan penetapan wilayah Penyediaan Sumber Daya Alam terbarukan, konservasi Sumber Daya Alam  dan/atau penanganan budi daya dan pasca panen Sumber Daya Alam terbarukan.
d Penyediaan informasi potensi sumber daya alam di daerah guna penyusunan rencana Penyediaan dan Penyaluran sumber daya alam
e Fasilitasi kemudahan untuk mendapatkan Bahan Baku dan/atau Bahan Penolong dengan  menjamin ketersediaan dari dalam negeri atau luar negeri bagi Perusahaan Industri serta penyaluran Bahan Baku dan/atau Bahan Penolong di daerah
3.  Pengembangan dan pemanfaatan teknologi industri dilakukan melalui:
a Peningkatan penguasaan dan pemanfaatan teknologi industri
b Fasilitasi kerja sama dalam peningkatan penguasaan, pemanfaatan, dan penerapan teknologi industri		
4.  Pengembangan dan Pemanfaatan kreativitas dan inovasi dapat dilakukan melalui:
a. Penyediaan ruang dan wilayah untuk masyarakat dalam berkreativitas dan berinovasi
b. Pengembangan sentra Industri kreatif
c. Pelatihan teknologi dan desain
d. Konsultasi, bimbingan, advokasi, dan fasilitasi perlindungan Hak Kekayaan Intelektual khususnya bagi Industri kecil
e. Fasilitasi promosi dan pemasaran produk Industri kreatif di dalam dan luar negeri.    
f.  Fasilitasi pengembangan Alat Mekanis Multiguna Pedesaan (AMMDes) untuk meningkatkan produktivitas masyarakat pedesaan melalui pelaksanaan Pilot Project pemanfaatan aplikasi AMMDes untuk menumbuhkan kegiatan ekonomi pedesaan serta sosialisasi program pemanfaatan AMMDes guna penyebaran informasi, membangun awareness, mendorong penerimaan dan pemanfaatan AMMDes untuk meningkatkan produktivitas dan kesejahteraan masyarakat di desa.
g. Fasilitasi  pembangunan dan pengembangan Virtual Technopark (Software, Aplikasi dan Game) melalui peningkatan kapasitas dan kapabilitas sumberdaya manusia untuk mendukung pengembangan Virtual Technopark, penyiapan sarana dan prasarana  Virtual Technopark dan sosialisasi program Virtual Technopark  guna penyebaran informasi, dan membangun awareness.  
Pemanfaatan kreativitas dan inovasi tersebut dapat dilakukan Pemerintah Daerah Kabupaten/Kota sesuai dengan ketentuan yang berlaku.   		
5.  Pembiayaan yang berasal dari Pemerintah Daerah sebagaimana dimaksud  hanya dapat diberikan kepada Perusahaan Industri yang  berbentuk badan usaha milik negara dan badan usaha  milik daerah, dalam bentuk:
a   pemberian pinjaman
b    hibah, dan/atau
c    penyertaan modal"
3.31.02.2.01.0005	Koordinasi, Sinkronisasi, dan Pelaksanaan Pemberdayaan Industri dan Peran Serta Masyarakat	Terselenggaranya Koordinasi, Sinkronisasi dan Pelaksanaan Pemberdayaan Industri dan Peran Serta Masyarakat	Jumlah Dokumen Hasil Koordinasi, Sinkronisasi, dan Pelaksanaan Pemberdayaan Industri dan Peran Serta Masyarakat	Dokumen	"Kinerja sub kegiatan Koordinasi, Sinkronisasi, dan Pelaksanaan Pemberdayaan Industri Kecil dan Menengah serta Peran Serta Masyarakat diukur dari Jumlah dokumen hasil Koordinasi, Sinkronisasi, dan Pelaksanaan Pemberdayaan Industri Kecil dan Menegah serta Peran Serta Masyarakat dalam 1 tahun. Pemberdayaan industri yang dapat dilakukan oleh Pemda khususnya terkait IKM. Pemberdayaan IKM yang dapat dilakukan Pemda sesuai PP nomor 29 tahun 2018 tentang Pemberdayaan IKM adalah : 
1. penguatan kapasitas kelembagaan 
2. pemberian fasilitas
Pelaksanaan Sub Kegiatan meliputi:		
1. Pelaksanaan urusan peningkatan kompetensi internal  IKM sebagai berikut:		
a. Penerapan e-business dalam rangka digitalisasi IKM melalui (Pelatihan dan pendampingan IKM dalam penggunaan e – business), dan/ atau	
b. Kompetisi start-up IKM dalam rangka meningkatkan aktivitas pengembangan produk IKM digital berbasis teknologi yang hasilnya dapat dimanfaatkan kepada industri maupun sektor lainnya	
2. Pelaksanaan urusan penguatan kapasitas kelembagaan IKM  sebagai berikut:
a. Peningkatan Kemampuan Sentra IKM dapat dilaksanakan oleh Pemerintah Daerah Kabupaten/Kota sesuai ketentuan yang berlaku melalui:	
• membangun atau merevitalisasi sentra IKM berdasarkan kebutuhan perioritas IKM
• memfasilitasi pembentukan kepengurusan sentra IKM
• meningkatkan kemampuan kegiatan usahamelalui Revitalisasi sentra IKM
• mendirikan Unit Pelayanan Teknis berdasarkan kebutuhan prioritas IKM
• pengembangan sentra industri kreatif
b. Peningkatan Kemampuan Unit Pelayanan Teknis IKM (UPT IKM) dapat dilaksanakan oleh Pemerintah Daerah Kabupaten/Kota sesuai ketentuan yang berlaku melalui:	
• optimalisasi dan/ atau restrukturisasi mesin/ peralatan
• pengembangan organisasi dan tata kerja Unit Pelayanan Teknis
• peningkatan SDM (pengelola maupun operatornya), dan/ atau 
• perluasan jejaring kerja (dapat bekerjasama dengan Lembaga Pendidikan, Lembaga Litbang, maupun Lembaga tekait lainnya) 
c. Pemberdayaan Tenaga Penyuluh (PFPP, TPL IKM) dapat dilaksanakan oleh Pemerintah Daerah Kabupaten/Kota sesuai ketentuan yang berlaku melalui:	
• pendidikan dan pelatihan untuk upskilling Tenaga Penyuluh (PFPP, TPL IKM) agar dapat melakukan pembinaan lebih baik kepada IKM
• magang untuk menambah kemampuan teknis Tenaga Penyuluh (PFPP, TPL IKM) agar dapat melakukan pembinaan lebih baik kepada IKM, dan/ atau 
• sertifikasi kompetensi untuk meningkatkan kompetensi Tenaga Penyuluh (PFPP, TPL IKM) agar dapat melakukan pembinaan lebih baik kepada IKM
d. Kerjasama - kerjasama dapat dilaksanakan oleh Pemerintah Daerah Kabupaten/Kota sesuai ketentuan yang berlaku melalui:
• Lembaga Pendidikan (Diklat, pendirian incubator wirausaha industri, survey dan riset pasar, dan/ atau pemanfaatan hasil riset)
•  Lembaga Litbang (identifikasi masalah teknis dan manajerial, identifikasi kebutuhan mesin dan peralatan, pengembangan desain dan produk, pemanfaatan laboratorium, survey dan riset pasar, pemanfaatan hasil riset, dan/ atau sertifikasi kompetensi)
•  Asosiasi Industri (pengembangan pasar produk sentra IKM, alih teknologi kepada IKM dan Unit Pelayanan Teknis, pengembangan SDM, Pemagangan, Pendampingan ke sentra IKM dan Unit Pelayanan Teknis, dan/ atau pembukaan akses ke sumber bahan baku bagi sentra IKM), dan/ atau
•  Asosiasi Profesi Terkait (pengalihan teknologi kepada sentra IKM dan Unit Pelayanan Teknis, pengembangan SDM, survey dan riset, dan/ atau pendampingan ke sentra IKM atau Unit Pelayanan Teknis)
3. Pelaksanaan urusan Pemberian Fasilitas Kepada Industri Kecil dan Menengah  sebagai berikut:		
a. Peningkatan kompetensi SDM dan sertifikasi kompetensi  dapat dilaksanakan oleh Pemerintah Daerah Kabupaten/Kota sesuai ketentuan yang berlaku melalui:	
• kompetensi SDM  (pendidikan dan pelatihan teknis maupun manajerial), dan/ atau
• sertifikasi kompetensi pelaku usaha dan/ atau tenaga kerja IKM (uji kompetensi sesuai dengan bidang kerja dan tugasnya)
b. Pemberian bantuan dan bimbingan teknis  dapat dilaksanakan oleh Pemerintah Daerah Kabupaten/Kota sesuai ketentuan yang berlaku melalui:	
• Pemagangan berupa (manajeman usaha, penguasaan teknologi, proses produksi dan tata letak mesin/ peralatan, sistem mutu dan standar mutu, desain produk, dan/ atau desain kemasan) bagi pelaku usaha dan/ atau tenaga kerja IKM di Unit Pelayanan Teknis dan/ atau perusahaan industri yang lebih maju  , dan/ atau
• Pendampingan oleh Tenaga Ahli, TPL, dan/ atau Konsultan IKM (Penyuluh) pada unit usaha IKM dan/ atau sentra IKM berupa (manajeman usaha, penguasaan teknologi, proses produksi dan tata letak mesin/ peralatan, sistem mutu dan standar mutu, desain produk, desain kemasan, dan/ atau HKI) kepada IKM 
c. Pemberian bantuan bahan baku dan bahan penolong  dapat dilaksanakan oleh Pemerintah Daerah Kabupaten/Kota sesuai ketentuan yang berlaku melalui:	
• skema penyediaan bahan baku dan bahan penolong yang merupakan hasil kerjasama penyediaan bahan baku antara Pemerintah Pusat dan/ atau Pemerintah Daerah dengan penyediaan bahan baku dan IKM
• mendirikan dan mengelola unit pelayanan bahan baku dan bahan penolong yang lokasinya memperhatikan potensi sentra IKM dan rencana pengembangannya oleh Pemerintah Pusat dan/ atau Pemerintah Daerah. Unit tersebut dapat melakukan pengolahan awal guna penyiapan bahan baku
• pengenalan bahan baku dan bahan penolong alternatif yang bersumber dari hasil penelitian yang telah teruji dengan menggunakan sumber daya lokal dan nasional dan diuji coba di perusahaan IKM, dan/ atau
• bantuan bahan baku dan bahan penolong yang diberikan secara langsung kepada Industri Kecil yang menghadapi hambatan dan permasalahan jumlah, kualitas atau kesinambungan dalam pengadaan bahan baku dan bahan penolong
d. Pemberian bantuan mesin atau peralatan  dapat dilaksanakan oleh Pemerintah Daerah Kabupaten/Kota sesuai ketentuan yang berlaku melalui:	
• pemberian bantuan mesin atau peralatan secara langsung kepada kelompok usaha bersama Industri Kecil yang masih menggunakan peralatan tradisional/ manual yang telah diverifikasi dalam rangka meningkatkan produktivitas, mutu, dan/ atau ragam produk, dan/ atau
• potongan harga pembelian mesin atau peralatan yang telah diverifikasi  yang diberikan pada tahun berjalan atau tahun berikutnya dalam rangka meningkatkan produktivitas, mutu, dan/ atau ragam produk
e. Pemberian bantuan pengembangan produk IKM dapat dilaksanakan oleh Pemerintah Daerah Kabupaten/Kota sesuai ketentuan yang berlaku melalui:	
• bantuan penelitian dan pengembangan produk IKM yang termasuk dalam prioritas pengembangan IKM dalam rangka diversifikasi, hilirisasi, atau standardisasi produk yang dapat dilakukan melalui kerjasama dengan lembaga Litbang, lembaga sertifikasi produk atau lembaga lainnya
• promosi alih teknologi IKM yang termasuk dalam prioritas pengembangan IKM dalam rangka diversifikasi, hilirisasi, atau standardisasi produk yang dapat dilakukan melalui kerjasama dengan lembaga Litbang, lembaga sertifikasi produk atau lembaga lainnya
• bantuan desain produk IKM yang termasuk dalam prioritas pengembangan IKM dalam rangka diversifikasi, hilirisasi, atau standardisasi produk yang dapat dilakukan melalui kerjasama dengan lembaga Litbang, lembaga sertifikasi produk atau lembaga lainnya
• bantuan desain kemasan IKM yang termasuk dalam prioritas pengembangan IKM dalam rangka diversifikasi, hilirisasi, atau standardisasi produk yang dapat dilakukan melalui kerjasama dengan lembaga Litbang, lembaga sertifikasi produk atau lembaga lainnya
• pembuatan purwarupa (prototype) produk IKM yang termasuk dalam prioritas pengembangan IKM dalam rangka diversifikasi, hilirisasi, atau standardisasi produk yang dapat dilakukan melalui kerjasama dengan lembaga Litbang, lembaga sertifikasi produk atau lembaga lainnya
• uji coba pasar IKM yang termasuk dalam prioritas pengembangan IKM dalam rangka diversifikasi, hilirisasi, atau standardisasi produk yang dapat dilakukan melalui kerjasama dengan lembaga Litbang, lembaga sertifikasi produk atau lembaga lainnya
• pemberian konsultansi, bimbingan, advokasi, dan perlindungan HKI IKM yang termasuk dalam prioritas pengembangan IKM dalam rangka diversifikasi, hilirisasi, atau standardisasi produk yang dapat dilakukan melalui kerjasama dengan lembaga Litbang, lembaga sertifikasi produk atau lembaga lainnya, dan/ atau
• bantuan bimbingan dan fasilitasi sertifikasi untuk SNI, spesifikasi teknis dan/ atau pedoman tata cara, dan standar mutu lainnya bagi IKM yang termasuk dalam prioritas pengembangan IKM dalam rangka diversifikasi, hilirisasi, atau standardisasi produk yang dapat dilakukan melalui kerjasama dengan lembaga Litbang, lembaga sertifikasi produk atau lembaga lainnya
• Fasilitasi Sertifikasi Halal Bagi Industri Kecil dan Menengah di level Kabupaten/Kota 
• Fasilitasi Sertifikasi TKDN Bagi Industri Kecil dan Menengah di level Kabupaten/Kota 
f. Pemberian bantuan pencegahan pencemaran lingkungan hidup untuk mewujudkan industri hijau  dapat dilaksanakan oleh Pemerintah Daerah Kabupaten/Kota sesuai ketentuan yang berlaku melalui:	
• bantuan penyusunan upaya pengelolaan lingkungan hidup, upaya pemantauan lingkungan hidup, dan surat pernyataan kesanggupan pengelolaan dan pemantauan lingkungan hidup bagi IKM yang berpotensi menimbulkan pencemaran lingkungan hidup melalui kerjasama dengan lembaga Litbang, konsultan lingkungan hidup, atau tenaga ahli lainnya yang mempunyai kompetensi dalam penerapan produksi ramah lingkungan hidup atau Industri Hijau
• bimbingan dan penyediaan informasi penerapan produksi ramah lingkungan hidup bagi IKM yang berpotensi menimbulkan pencemaran lingkungan hidup melalui kerjasama dengan lembaga Litbang, konsultan lingkungan hidup, atau tenaga ahli lainnya yang mempunyai kompetensi dalam penerapan produksi ramah lingkungan hidup atau Industri Hijau
• penyelenggaraan pengelolaan air limbah baersama bagi IKM yang berpotensi menimbulkan pencemaran lingkungan hidup oleh Pemerintah Daerah Kabupaten/ Kota, dan/ atau
• sertifikasi industri hijau bagi IKM yang berpotensi menimbulkan pencemaran lingkungan hidup
g. Pemberian bantuan informasi pasar, promosi, dan pemasaran  dapat dilaksanakan oleh Pemerintah Daerah Kabupaten/Kota sesuai ketentuan yang berlaku melalui:	
• penyediaan data dan/ atau informasi peluang pasar bagi IKM
• penyediaan sarana promosi dan keikutsertaan dalam pameran serta forum promosi lainnya yang dapat diprioritaskan bagi IKM yang telah memiliki atribut produk (standadisasi dan HKI) dan dapat dipasarkan secara luas/ tidak hanya skala lokal 
• temu usaha bagi IKM dalam rangka penguatan informasi pasar, promosi dan pemasaran, dan/ atau
• kompetisi produk inovatif dan kreatif bagi IKM yang telah memiliki atribut produk lengkap (standadisasi dan HKI) dan dapat dipasarkan secara luas/ tidak hanya skala lokal 
h. Pemberian bantuan akses pembiayaan, termasuk mengusahakan penyediaan modal awal bagi wirausaha baru   dapat dilaksanakan oleh Pemerintah Daerah Kabupaten/Kota sesuai ketentuan yang berlaku melalui:	
• penyediaan informasi skema pembiayaan bagi IKM 
• penyusunan studi kelayakan usaha bagi IKM, dan/ atau
• mengusahakan penyediaan modal awal untuk memberikan kesempatan memulai kegiatan usaha baik dapat berupa investasi (mesin, peralatan, dan/ atau teknologi produksi temasuk perangkat lunak) maupun berupa modal kerja (bahan baku, bahan penolong, dan/ atau sewa tempat usaha paling lama 3 (tiga) tahun bagi wirausaha baru industri kecil yang harus mengajukan permohonan dengan melampirkan rencana usaha
i. Penyediaan/ penguatan Sentra IKM untuk IKM yang berpotensi mencemari lingkungan  dapat dilaksanakan oleh Pemerintah Daerah Kabupaten/Kota sesuai ketentuan yang berlaku melalui:	
• relokasi IKM yang berpotensi menimbulkan pencemaran lingkungan hidup dalam kawasan industri oleh Pemerintah Daerah Kabupaten/ Kota, dan/ atau
• pembangunan kawasan/ sentra untuk IKM yang berpotensi menimbulkan pencemaran lingkungan hidup
j. Pemberian fasilitas pengembangan, penguatan keterkaitan, dan hubungan kemitraan antara industri kecil dengan industri menengah, industri kecil dengan industri besar, industri menengah dengan industri besar, serta industri kecil dan menengah dengan industri besar maupun dengan sektor ekonomi lainnya  dapat dilaksanakan oleh Pemerintah Daerah Kabupaten/Kota sesuai ketentuan yang berlaku melalui:	
• kegiatan temu usaha bagi IKM untuk bermitra, baik  antara industri kecil dengan industri menengah, industri kecil dengan industri besar, industri menengah dengan industri besar, serta industri kecil dan menengah dengan industri besar maupun dengan sektor ekonomi lainnya 
• bantuan penyusunan proposal, kotrak, dan/ atau profil bagi IKM  dalam rangka kemitraan baik antara industri kecil dengan menengah, industri kecil dengan industri besar, industri menengah dengan industri besar, serta industri kecil dan menengah dengan industri besar maupun dengan sektor ekonomi lainnya, dan/ atau
• fasilitas lain bagi IKM yang diperlukan guna menjalin hubungan kemitraan antara industri kecil dengan industri menengah, industri kecil dengan industri besar, industri menengah dengan industri besar, serta industri kecil dan menengah dengan industri besar maupun dengan sektor ekonomi lainnya
k. Dukungan anggaran pembiayaan perencanaan, monitor dan evaluasi, data dan informasi, serta pembinaan lanjutan baik dalam peningkatan kompetensi internal IKM, penguatan kapasitas kelembagaan IKM maupun pemberian fasilitas kepada IKM dilaksanakan oleh Pemerintah Daerah Kabupaten/Kota sesuai ketentuan yang berlaku melalui:
• dukungan anggaran pembiayaan perencanaan baik dalam peningkatan kompetensi internal IKM, penguatan kapasitas kelembagaan IKM maupun pemberian fasilitas kepada IKM oleh Pemerintah Daerah
• dukungan anggaran pembiayaan monitor dan evaluasi baik dalam peningkatan kompetensi internal IKM, penguatan kapasitas kelembagaan IKM maupun pemberian fasilitas kepada IKM oleh Pemerintah Daerah
• dukungan anggaran pembiayaan data dan informasi baik dalam peningkatan kompetensi internal IKM, penguatan kapasitas kelembagaan IKM maupun pemberian fasilitas kepada IKM oleh Pemerintah Daerah, dan
• dukungan anggaran pembiayaan pembinaan lanjutan baik dalam peningkatan kompetensi internal IKM, penguatan kapasitas kelembagaan IKM maupun pemberian fasilitas kepada IKM oleh Pemerintah Daerah.
l. Fasilitas non fiskal bagi industri kecil dan industri menengah yang menerapkan SNI, spesifikasi teknis, dan/ atau pedoman tata cara yang diberlakukan secara wajib dapat dilaksanakan oleh Pemerintah Daerah Kabupaten/Kota sesuai ketentuan yang berlaku."
3.31.03.2.01.0003	Koordinasi dan Sinkronisasi Pengawasan terhadap Perizinan Berusaha sektor perindustrian yang menjadi kewenangan Kabupaten/Kota	Terselenggaranya Koordinasi dan Sinkronisasi Pengawasan terhadap Perizinan Berusaha sektor perindustrian dengan skala usaha Industri Kecil dan Industri Menengah yang berlokasi di satu Kab./Kota sepanjang merupakan Penanaman Modal Dalam Negeri dan selain bidang usaha tertentu yang menjadi kewenangan pemerintah pusat	-Jumlah dokumen hasil Koordinasi dan Sinkronisasi Pengawasan terhadap Perizinan Berusaha industri dengan skala usaha Industri Kecil dan Industri Menengah yang berlokasi di satu Kab./Kota sepanjang merupakan Penanaman Modal Dalam Negeri dan selain bidang usaha tertentu yang menjadi kewenangan pemerintah pusat	Dokumen	"Kinerja sub kegiatan Koordinasi dan Sinkronisasi Pengawasan Perizinan Berusaha industri kewenangan Kabupaten/Kota diukur dari jumlah dokumen hasil Koordinasi dan Sinkronisasi Pengawasan Perizinan berusaha di Bidang Industri Dalam Lingkup perizinan berusaha industri kewenangan Kabupaten/Kota dalam 1 tahun. Dokumen harus memuat informasi sebagai berikut :		
&1.  Rekapitulasi perizinan berusaha industri kewenangan Kabupaten/Kota yang diterbitkan dalam 1 tahun sebelum tahun 
2. Daftar Inventaris peraturan sektoral berlaku dan persyaratan dan/atau kewajiban perizinan berusaha sektor perindustrian, untuk setiap bidang usaha yang terdapat dalam perizinan berusaha industri kewenangan Kabupaten/Kota yang telah terekapitulasi dalam 1 tahun sebelum tahun 
3. Daftar rencana pengawasan industri untuk 1 tahun sebelum tahun berjalan yang paling sedikit memuat objek pengawasan, lingkup pengawasan, jadwal pengawasan, keanggotaan tim pengawasan yang dilakukan melalui sistem e-wasdal dalam 
4. Rekapitulasi realisasi pengawasan terhadap rencana pengawasan industri.
5. Laporan hasil kegiatan pengawasan yang paling sedikit memuat waktu dan lokasi pelaksanaan  identitas Perusahaan  uraian Perizinan  rekomendasi hasil  rencana tindak lanjut rekomendasi hasil pengawasan yang disusun oleh Perusahaan  dan Berita Acara Pelaksanaan Pengawasan dalam 1 tahun sebelum tahun 
6. Laporan evaluasi pemenuhan dan kepatuhan perusahaan industri terhadap peraturan di bidang perindustrian khususnya lingkup perizinan berusaha diantaranya memuat rekapitulasi jumlah perusahaan yang telah dilakukan pengawasan berdasarkan tingkat 
7. Laporan tindak lanjut evaluasi pemenuhan dan kepatuhan perusahaan industri terhadap peraturan di bidang perindustrian khususnya lingkup perizinan berusaha kewenangan Kabupaten/Kota dalam 1 tahun sebelum tahun berjalan, melalui kegiatan pengendalian perizinan berusaha bidang industri berupa fasilitasi, pembinaan dan/atau pemberian sanksi menurut kewenangan Kabupaten/Kota sesuai peraturan perundang-undangan yang berlaku."
3.31.04.2.01.0002	Diseminasi, Publikasi Data Informasi dan Analisa Industri Kabupaten/Kota Melalui SIINas	Terdiseminasi dan Terpublikasikannya Data Informasi dan Analisis Industri Kabupaten/Kota Melalui SIINAS	Jumlah Dokumen Hasil Diseminasi dan Publikasi Data Informasi dan Analisis Industri Kabupaten/Kota Melalui SIINas	Dokumen	"Kinerja sub kegiatan Diseminasi dan Publikasi Data Informasi dan Analisis Industri Kabupaten/Kota melalui SIINas diukur dari jumlah dokumen hasil Diseminasi dan Publikasi Data Informasi dan Analisis Industri Kabupaten/Kota melalui SIINas dalam 1 tahun . Dokumen harus berisi laporan jumlah data, informasi dan analisis industri yang telah masuk dalam SIINAS selama 1 tahun

Pelaksanaan Kegiatan Diseminasi dan Publikasi Data Informasi dan Analisa Industri Kabupaten/Kota melalui SIINas dapat berupa penyusunan Dashboard Sistem Informasi Eksekutif (Executive Information System), Sistem Pendukung Keputusan (Decision Support System) dan bentuk publikasi dan diseminasi lainnya. Penyusunan Diseminasi dan Publikasi ini dapat dikerjakan secara swakelola maupun pihak ketiga."
3.31.01.2.01.0006	Koordinasi dan Penyusunan Laporan Capaian Kinerja dan Ikhtisar Realisasi Kinerja SKPD				
3.31.01.2.02.0001	Penyediaan Gaji dan Tunjangan ASN				
3.31.01.2.02.0003	"Pelaksanaan Penatausahaan dan

Pengujian/Verifikasi Keuangan SKPD"				
3.31.01.2.04.0002	Analisa dan Pengembangan Retribusi Daerah, serta Penyusunan Kebijakan Retribusi Daerah				
3.31.01.2.04.0007	Pelaporan Pengelolaan Retribusi Daerah				
3.31.01.2.05.0009	Pendidikan dan Pelatihan Pegawai Berdasarkan Tugas dan Fungsi				
3.31.01.2.06.0002	Penyediaan Peralatan dan Perlengkapan Kantor				
3.31.01.2.06.0004	Penyediaan Bahan Logistik Kantor				
3.31.01.2.06.0005	Penyediaan Barang Cetakan dan Penggandaan				
3.31.01.2.07.0005	Pengadaan Mebel				
3.31.01.2.07.0006	Pengadaan Peralatan dan Mesin Lainnya				
3.31.01.2.08.0002	Penyediaan Jasa Komunikasi, Sumber Daya Air dan Listrik				
3.31.01.2.08.0004	Penyediaan Jasa Pelayanan Umum Kantor				
3.31.01.2.09.0001	Penyediaan Jasa Pemeliharaan, Biaya Pemeliharaan, dan Pajak Kendaraan Perorangan Dinas atau Kendaraan Dinas Jabatan				
3.31.01.2.09.0009	Pemeliharaan/Rehabilitasi Gedung Kantor dan Bangunan Lainnya				
3.31.01.2.09.0011	Pemeliharaan/Rehabilitasi Sarana dan Prasarana Pendukung Gedung Kantor atau Bangunan Lainnya				
4.01.02.2.01.0001	Penataan Administrasi Pemerintahan	Terlaksananya Penataan Administrasi Pemerintahan	Jumlah Dokumen Hasil Penataan Administrasi Pemerintahan	Dokumen	Kegiatan yang dilakukan untuk meningkatkan tertib administrasi, efisiensi, efektivitas, dan akuntabilitas dalam penyelenggaraan pemerintahan daerah. Kegiatan ini mencakup penyusunan, penataan, pengelolaan, dan pembaruan dokumen-dokumen administrasi pemerintahan yang terkait dengan tata naskah dinas, kelembagaan, ketatalaksanaan, pelaporan, serta penyusunan kebijakan teknis administratif lainnya di lingkungan Pemerintah Provinsi
4.01.02.2.01.0002	Pengelolaan Administrasi Kewilayahan	Terlaksananya Pengelolaan Administrasi Kewilayahan	Jumlah Dokumen Hasil Pengelolaan Administrasi Kewilayahan	Dokumen	Kegiatan yang dilakukan oleh Pemerintah Provinsi dalam rangka penataan, pendataan, pemutakhiran, dan pelaporan administrasi kewilayahan. Hal ini mencakup pengelolaan data wilayah, batas wilayah, kode dan data wilayah administrasi pemerintahan, termasuk pembinaan kepada kabupaten/kota dalam hal administrasi kewilayahan yang sesuai dengan peraturan perundang-undangan
4.01.02.2.01.0003	Fasilitasi Pelaksanaan Otonomi Daerah	Terlaksananya Fasilitasi Pelaksanaan Otonomi Daerah	Jumlah Dokumen Hasil Fasilitasi Pelaksanaan Otonomi Daerah	Dokumen	Kegiatan yang dilakukan oleh Pemerintah Provinsi dalam rangka mendukung, membina, dan mengawasi pelaksanaan otonomi daerah di lingkup provinsi maupun kabupaten/kota. Kegiatan ini mencakup koordinasi, asistensi, pendampingan teknis, evaluasi, dan penyusunan rekomendasi kebijakan untuk memperkuat kapasitas pemerintahan daerah dalam menjalankan urusan pemerintahan yang menjadi kewenangannya sesuai prinsip otonomi dan desentralisasi
4.01.02.2.02.0001	Fasilitasi Pengelolaan Bina Mental Spiritual	Terlaksananya Fasilitasi Pengelolaan Bina Mental Spiritual	Jumlah Dokumen Hasil Fasilitasi Pengelolaan Bina Mental Spiritual	Dokumen	Sub kegiatan yang dilakukan oleh Pemerintah Provinsi dalam rangka mendukung, membina, dan mengembangkan aspek mental dan spiritual masyarakat melalui kegiatan keagamaan, pembinaan akhlak, peningkatan kesadaran beragama, toleransi antar umat beragama, dan penguatan nilai-nilai moral serta etika sosial kemasyarakatan
4.01.02.2.02.0002	Pelaksanaan Kebijakan, Evaluasi, dan Capaian Kinerja Terkait Kesejahteraan Sosial	Terlaksananya Kebijakan, Evaluasi, dan Capaian Kinerja Terkait Kesejahteraan Sosial yang Meliputi Urusan Sosial, Transmigrasi, Kesehatan, Pemberdayaan Perempuan dan Perlindungan Anak, Administrasi Kependudukan Dan Pencatatan Sipil, Pemberdayaan Masyarakat dan Desa, Pengendalian Penduduk dan KB	Jumlah Dokumen Hasil Kebijakan, Evaluasi, dan Capaian Kinerja Terkait Kesejahteraan Sosial yang Meliputi Urusan Sosial, Transmigrasi, Kesehatan, Pemberdayaan Perempuan dan Perlindungan Anak, Administrasi Kependudukan Dan Pencatatan Sipil, Pemberdayaan Masyarakat dan Desa, Pengendalian Penduduk dan KB	Dokumen	Aktivitas yang dilakukan oleh Pemerintah Provinsi dalam rangka menerapkan kebijakan, melakukan evaluasi, dan mengukur capaian kinerja program/kegiatan yang berkaitan dengan urusan kesejahteraan sosial, termasuk perlindungan dan pelayanan sosial kepada kelompok rentan, miskin, penyandang disabilitas, lanjut usia, anak terlantar, dan korban bencana sosial
4.01.02.2.02.0003	Pelaksanaan Kebijakan, Evaluasi, dan Capaian Kinerja Terkait Kesejahteraan Masyarakat	Terlaksananya Kebijakan, Evaluasi, dan Capaian Kinerja Terkait Kesejahteraan Masyarakat yang Meliputi Urusan Kepemudaan dan Olahraga, Pariwisata, Pendidikan, Kebudayaan, Perpustakaan, Kearsipan, Trantibum Linmas	Jumlah Dokumen Hasil Kebijakan, Evaluasi, dan Capaian Kinerja Terkait Kesejahteraan Masyarakat yang Meliputi Urusan Kepemudaan dan Olahraga, Pariwisata, Pendidikan, Kebudayaan, Perpustakaan, Kearsipan, Trantibum Linmas	Dokumen	Sub kegiatan ini meliputi seluruh proses pelaksanaan kebijakan, evaluasi pelaksanaan program, dan pengukuran capaian kinerja yang terkait dengan peningkatan kesejahteraan masyarakat, baik secara sosial, ekonomi, maupun budaya. Kegiatan ini bertujuan untuk memastikan bahwa kebijakan yang dijalankan oleh pemerintah provinsi berdampak langsung dan nyata terhadap peningkatan taraf hidup masyarakat
4.01.02.2.03.0001	Fasilitasi Penyusunan Produk Hukum Daerah	Terfasilitasinya Penyusunan Produk Hukum Daerah	Jumlah Produk Hukum Daerah yang Disusun	Dokumen	Sub kegiatan ini merupakan serangkaian tindakan dan dukungan teknis yang dilakukan oleh Pemerintah Provinsi dalam rangka membantu, mendampingi, dan memfasilitasi proses penyusunan produk hukum daerah, baik berupa peraturan daerah (Perda), peraturan kepala daerah (Perkada), maupun keputusan kepala daerah, agar sesuai dengan ketentuan peraturan perundang-undangan dan prinsip-prinsip penyusunan hukum yang baik
4.01.02.2.03.0002	Fasilitasi Bantuan Hukum	Terlaksananya Fasilitasi Bantuan Hukum	Jumlah Kasus yang Mendapatkan Fasilitasi Bantuan Hukum	Kasus	Kegiatan yang dilakukan oleh Pemerintah Provinsi dalam rangka memberikan dukungan teknis, administratif, dan/atau anggaran untuk menjamin terpenuhinya hak masyarakat, terutama masyarakat miskin atau kelompok rentan, dalam memperoleh bantuan hukum yang adil, merata, dan berkualitas, baik dalam perkara litigasi (di pengadilan) maupun non-litigasi (di luar pengadilan)
4.01.02.2.03.0003	"Pendokumentasian Produk Hukum dan

Pengelolaan Informasi Hukum"	Terlaksananya Pendokumentasian Produk Hukum dan Pengelolaan Informasi Hukum	Jumlah Produk Hukum dan Pengelolaan Informasi Hukum yang Didokumentasi	Dokumen	Kegiatan yang dilakukan oleh Pemerintah Provinsi dalam bentuk pencatatan, pengarsipan, digitalisasi, pemeliharaan, serta penyebarluasan produk hukum daerah (seperti Perda, Pergub, keputusan gubernur, dan peraturan lainnya) untuk menjamin keteraturan, aksesibilitas, dan keterbukaan informasi hukum kepada masyarakat, perangkat daerah, serta pemangku kepentingan lainnya
4.01.02.2.04.0001	Fasilitasi Kerja Sama Dalam Negeri	Terlaksananya Fasilitasi Kerja Sama Dalam Negeri	Jumlah Dokumen Hasil Fasilitasi Kerja Sama Dalam Negeri	Dokumen	Kegiatan yang dilakukan oleh Pemerintah Provinsi dalam rangka memfasilitasi, memediasi, mengoordinasikan, dan mendukung pelaksanaan kerja sama antara Pemerintah Daerah Provinsi dengan pihak lain di dalam negeri, seperti pemerintah daerah lain (provinsi/kabupaten/kota), lembaga negara, BUMN/BUMD, perguruan tinggi, dan/atau pihak swasta, dalam rangka penyelenggaraan urusan pemerintahan dan peningkatan pelayanan publik
4.01.02.2.04.0002	Fasilitasi Kerja Sama Luar Negeri	Terlaksananya Fasilitasi Kerja Sama Luar Negeri	Jumlah Dokumen Hasil Fasilitasi Kerja Sama Luar Negeri	Dokumen	Aktivitas administratif dan koordinatif yang dilakukan oleh Pemerintah Provinsi dalam rangka menjalin, mengelola, memfasilitasi, dan mengawasi pelaksanaan kerja sama dengan pemerintah atau lembaga luar negeri (negara sahabat, organisasi internasional, NGO asing, lembaga donor, sektor swasta asing) guna mendukung pembangunan daerah dan peningkatan kapasitas daerah sesuai dengan ketentuan peraturan perundang-undangan dan kebijakan pemerintah pusat
4.01.02.2.04.0003	Evaluasi Pelaksanaan Kerja Sama	Terlaksananya Evaluasi Pelaksanaan Kerja Sama	Jumlah Laporan Hasil Evaluasi Pelaksanaan Kerja Sama	Laporan	Proses sistematis yang dilakukan oleh Pemerintah Provinsi untuk menilai efektivitas, efisiensi, manfaat, dan kepatuhan pelaksanaan kerja sama daerah—baik dengan pemerintah daerah lain, instansi pusat, badan usaha, masyarakat, maupun pihak luar negeri—sesuai dengan perjanjian kerja sama yang telah disepakati dan peraturan perundang-undangan yang berlaku
4.01.03.2.01.0001	Koordinasi, Sinkronisasi, Monitoring dan Evaluasi Kebijakan Pengelolaan BUMD dan BLUD	Terlaksananya Koordinasi, Sinkronisasi, Monitoring dan Evaluasi Kebijakan Pengelolaan BUMD dan BLUD	Jumlah Dokumen Hasil Koordinasi, Sinkronisasi, Monitoring dan Evaluasi Kebijakan Pengelolaan BUMD dan BLUD	Dokumen	Aktivitas yang dilakukan oleh Pemerintah Provinsi dalam rangka memastikan keterpaduan kebijakan, keselarasan program, dan efektivitas pelaksanaan pengelolaan Badan Usaha Milik Daerah (BUMD) dan Badan Layanan Umum Daerah (BLUD). Kegiatan ini mencakup koordinasi antar perangkat daerah dan pemangku kepentingan, sinkronisasi kebijakan pengelolaan, serta pelaksanaan pemantauan dan evaluasi terhadap implementasi dan kinerja BUMD/BLUD
4.01.03.2.01.0002	Pengendalian dan Distribusi Perekonomian	Terlaksananya Pengendalian dan Distribusi Perekonomian	Jumlah Laporan Hasil Pengendalian dan Distribusi Perekonomian	Laporan	Aktivitas pemerintah provinsi dalam mengatur, mengendalikan, serta memfasilitasi distribusi barang dan jasa strategis untuk menjamin stabilitas perekonomian daerah. Fokus utamanya adalah mencegah distorsi pasar, memastikan keterjangkauan harga, menjaga ketersediaan barang pokok/strategis, serta mengurangi ketimpangan distribusi antar wilayah
4.01.03.2.01.0003	Perencanaan dan Pengawasan Ekonomi Mikro Kecil	Terlaksananya Perencanaan dan Pengawasan Ekonomi Mikro Kecil	Jumlah Dokumen Hasil Perencanaan dan Pengawasan Ekonomi Mikro Kecil	Dokumen	Proses penyusunan kebijakan, strategi, program, serta kegiatan pengawasan yang berkaitan dengan pengembangan dan pengendalian sektor ekonomi mikro dan kecil di wilayah provinsi. Fokus utamanya adalah memastikan sektor ini tumbuh secara terarah, terintegrasi, dan sesuai dengan potensi serta kebutuhan daerah
4.01.03.2.02.0001	Fasilitasi Penyusunan Program Pembangunan	Terlaksananya Fasilitasi Penyusunan Program Pembangunan	Jumlah Dokumen Hasil Fasilitasi Penyusunan Program Pembangunan Daerah	Dokumen	Aktivitas yang dilakukan oleh Pemerintah Provinsi dalam rangka memberikan dukungan teknis, koordinatif, dan administratif untuk proses penyusunan program pembangunan daerah yang sistematis, terarah, terukur, dan selaras dengan dokumen perencanaan pembangunan nasional dan daerah
4.01.03.2.02.0002	Pengendalian dan Evaluasi Program Pembangunan	Terlaksananya Pengendalian dan Evaluasi Program Pembangunan	Jumlah Laporan Hasil Pengendalian dan Evaluasi Program Pembangunan	Laporan	Aktivitas yang dilakukan oleh Pemerintah Provinsi untuk memastikan pelaksanaan program dan kegiatan pembangunan berjalan sesuai dengan perencanaan, target, dan sasaran yang telah ditetapkan, serta untuk mengukur efektivitas, efisiensi, dan dampak dari pelaksanaan program tersebut. Kegiatan ini meliputi proses pemantauan (monitoring), pengendalian pelaksanaan, identifikasi deviasi, serta evaluasi atas kinerja dan capaian pembangunan, baik fisik maupun keuangan
4.01.03.2.02.0003	Pengelolaan Evaluasi dan Pelaporan Pelaksanaan Pembangunan	Terlaksananya Pengelolaan Evaluasi dan Pelaporan Pelaksanaan Pembangunan	Jumlah Laporan Hasil Pengelolaan Evaluasi dan Pelaporan Pelaksanaan Pembangunan	Laporan	Rangkaian aktivitas sistematis yang dilakukan oleh Pemerintah Provinsi untuk mengumpulkan, menganalisis, mengevaluasi, serta menyusun laporan pelaksanaan program dan kegiatan pembangunan daerah. Tujuannya adalah untuk menilai kemajuan pencapaian target pembangunan dan memberikan masukan untuk perencanaan dan pengambilan kebijakan ke depan
4.01.03.2.03.0001	Pengelolaan Pengadaan Barang dan Jasa	Terkelolanya Pengadaan Barang dan Jasa	Jumlah Dokumen Hasil Pengelolaan Pengadaan Barang dan Jasa	Dokumen	Kegiatan yang dilakukan oleh pemerintah provinsi untuk mengelola seluruh proses pengadaan barang/jasa, mulai dari perencanaan kebutuhan, pelaksanaan pemilihan penyedia, hingga pelaporan dan pengawasan pelaksanaan kontrak. Kegiatan ini bertujuan untuk menjamin pengadaan barang dan jasa dilakukan secara efisien, efektif, transparan, akuntabel, bersaing, dan adil, sesuai dengan ketentuan peraturan perundang-undangan
4.01.03.2.03.0002	Pengelolaan Layanan Pengadaan Secara Elektronik	Terkelolanya Layanan Pengadaan Secara Elektronik	Jumlah Dokumen Hasil Layanan Pengadaan Secara Elektronik	Dokumen	Kegiatan yang dilakukan oleh pemerintah provinsi melalui Unit Kerja Layanan Pengadaan (UKPBJ) dalam rangka menyelenggarakan, mengelola, memelihara, dan mengembangkan sistem elektronik untuk proses pengadaan barang/jasa pemerintah secara daring. Layanan ini bertujuan untuk memastikan pengadaan dilakukan secara transparan, efisien, efektif, dan akuntabel melalui platform elektronik resmi
4.01.03.2.03.0003	Pembinaan dan Advokasi Pengadaan Barang dan Jasa	Terlaksananya Pembinaan dan Advokasi Pengadaan Barang dan Jasa	Jumlah Orang yang Mengikuti Pembinaan dan Advokasi Pengadaan Barang dan Jasa	Orang	Kegiatan yang dilakukan oleh pemerintah provinsi untuk meningkatkan pemahaman, kepatuhan, dan kapasitas aparatur serta penyedia barang/jasa dalam proses pengadaan barang/jasa pemerintah. Kegiatan ini mencakup pendampingan, sosialisasi, konsultasi teknis, pembinaan kepatuhan regulasi, serta advokasi terhadap permasalahan hukum atau administrasi yang timbul dalam pelaksanaan pengadaan
4.01.03.2.04.0001	Koordinasi, Sinkronisasi dan Evaluasi Kebijakan Pertanian, Kehutanan, Kelautan, dan Perikanan	Terlaksananya Koordinasi, Sinkronisasi, dan Evaluasi Kebijakan Urusan Pertanian, Pangan, Kehutanan, Kelautan dan Perikanan, Perdagangan, Perindustrian, KUKM, Penanaman Modal, Tenaga Kerja	Jumlah Dokumen Hasil Koordinasi, Sinkronisasi, dan Evaluasi Kebijakan Urusan Pertanian, Pangan, Kehutanan, Kelautan dan Perikanan, Perdagangan, Perindustrian, KUKM, Penanaman Modal, Tenaga Kerja	Dokumen	Rangkaian aktivitas yang dilakukan oleh pemerintah provinsi untuk memastikan keselarasan kebijakan, program, dan kegiatan pembangunan sektor pertanian, kehutanan, kelautan, dan perikanan antara pemerintah pusat, provinsi, dan kabupaten/kota. Kegiatan ini mencakup koordinasi lintas sektor, sinkronisasi perencanaan dan pelaksanaan, serta evaluasi terhadap efektivitas dan dampak implementasi kebijakan di masing-masing sektor
4.01.03.2.04.0002	Koordinasi, Sinkronisasi dan Evaluasi Kebijakan Pertambangan dan Lingkungan Hidup	Terlaksananya Koordinasi, Sinkronisasi, dan Evaluasi Kebijakan Urusan Pertambangan dan Sumber Daya Mineral, Lingkungan Hidup, Kominfo, Perhubungan, Statistik, Persandian	Jumlah Dokumen Hasil Koordinasi, Sinkronisasi, dan Evaluasi Kebijakan Urusan Pertambangan dan Sumber Daya Mineral, Lingkungan Hidup, Kominfo, Perhubungan, Statistik, Persandian	Dokumen	Proses yang dilakukan oleh pemerintah provinsi untuk mengarahkan, menyelaraskan, dan mengevaluasi pelaksanaan kebijakan terkait pengelolaan pertambangan dan perlindungan lingkungan hidup agar sesuai dengan ketentuan perundang-undangan serta mendukung pembangunan berkelanjutan
4.01.03.2.04.0003	Koordinasi, Sinkronisasi dan Evaluasi Kebijakan Energi dan Air	Terlaksananya Koordinasi, Sinkronisasi, dan Evaluasi Kebijakan Urusan Energi dan Air, Pekerjaan Umum dan Penataan Ruang, Perumahan Rakyat dan Kawasan Permukiman, Pertanahan	Jumlah Dokumen Hasil Koordinasi, Sinkronisasi, dan Evaluasi Kebijakan Urusan Energi dan Air, Pekerjaan Umum dan Penataan Ruang, Perumahan Rakyat dan Kawasan Permukiman, Pertanahan	Dokumen	Kegiatan yang dilakukan oleh pemerintah provinsi untuk mengoordinasikan, menyelaraskan, dan mengevaluasi kebijakan serta pelaksanaan program yang berkaitan dengan pemanfaatan, pengelolaan, dan pengembangan energi (termasuk energi baru terbarukan) dan sumber daya air, agar sesuai dengan arah pembangunan daerah dan nasional serta prinsip keberlanjutan
4.01.01.2.02.0001	Penyediaan Gaji dan Tunjangan ASN				
4.01.01.2.02.0003	"Pelaksanaan Penatausahaan dan

Pengujian/Verifikasi Keuangan SKPD"				
4.01.01.2.02.0007	Koordinasi dan Penyusunan Laporan Keuangan Bulanan/ Triwulanan/ Semesteran SKPD				
4.01.01.2.05.0001	Peningkatan Sarana dan Prasarana Disiplin Pegawai				
4.01.01.2.05.0003	Pendataan dan Pengolahan Administrasi Kepegawaian				
4.01.01.2.06.0001	"Penyediaan Komponen Instalasi

Listrik/Penerangan Bangunan Kantor"				
4.01.01.2.06.0002	Penyediaan Peralatan dan Perlengkapan Kantor				
4.01.01.2.06.0003	Penyediaan Peralatan Rumah Tangga				
4.01.01.2.06.0004	Penyediaan Bahan Logistik Kantor				
4.01.01.2.06.0005	Penyediaan Barang Cetakan dan Penggandaan				
4.01.01.2.06.0008	Fasilitasi Kunjungan Tamu				
4.01.01.2.07.0002	Pengadaan Kendaraan Dinas Operasional atau Lapangan				
4.01.01.2.07.0005	Pengadaan Mebel				
4.01.01.2.07.0006	Pengadaan Peralatan dan Mesin Lainnya				
4.01.01.2.08.0002	Penyediaan Jasa Komunikasi, Sumber Daya Air dan Listrik				
4.01.01.2.08.0003	Penyediaan Jasa Peralatan dan Perlengkapan Kantor				
4.01.01.2.08.0004	Penyediaan Jasa Pelayanan Umum Kantor				
4.01.01.2.09.0001	Penyediaan Jasa Pemeliharaan, Biaya Pemeliharaan, dan Pajak Kendaraan Perorangan Dinas atau Kendaraan Dinas Jabatan				
4.01.01.2.09.0002	Penyediaan Jasa Pemeliharaan, Biaya Pemeliharaan, Pajak dan Perizinan Kendaraan Dinas Operasional atau Lapangan				
4.01.01.2.09.0005	Pemeliharaan Mebel				
4.01.01.2.09.0006	Pemeliharaan Peralatan dan Mesin Lainnya				
4.01.01.2.09.0009	Pemeliharaan/Rehabilitasi Gedung Kantor dan Bangunan Lainnya				
4.01.01.2.09.0011	Pemeliharaan/Rehabilitasi Sarana dan Prasarana Pendukung Gedung Kantor atau Bangunan Lainnya				
4.01.01.2.11.0001	Penyediaan Gaji dan Tunjangan Kepala Daerah dan Wakil Kepala Daerah				
4.01.01.2.11.0002	Penyediaan Pakaian Dinas dan Atribut Kelengkapan Kepala Daerah dan Wakil Kepala Daerah				
4.01.01.2.11.0003	Pelaksanaan Medical Check Up Kepala Daerah dan Wakil Kepala Daerah				
4.01.01.2.11.0004	Penyediaan Dana Penunjang Operasional Kepala Daerah dan Wakil Kepala Daerah				
4.01.01.2.12.0001	Penyediaan Kebutuhan Rumah Tangga Kepala Daerah				
4.01.01.2.12.0002	Penyediaan Kebutuhan Rumah Tangga Wakil Kepala Daerah				
4.01.01.2.12.0003	Penyediaan Kebutuhan Rumah Tangga Sekretariat Daerah				
4.01.01.2.13.0001	Pengelolaan Kelembagaan dan Analisis Jabatan				
4.01.01.2.13.0002	Fasilitasi Pelayanan Publik dan Tata Laksana				
4.01.01.2.13.0003	Peningkatan Kinerja dan Reformasi Birokrasi				
4.01.01.2.14.0001	Fasilitasi Keprotokolan				
4.01.01.2.14.0002	Fasilitasi Komunikasi Pimpinan				
4.01.01.2.14.0003	Pendokumentasian Tugas Pimpinan				
4.02.02.2.01.0002	Pembahasan Rancangan Peraturan Daerah	Terlaksananya Pembahasan Rancangan Peraturan Daerah	Jumlah Dokumen Hasil Pembahasan Rancangan Peraturan Daerah	Dokumen	Proses lanjutan setelah penyusunan rancangan, yang dilakukan bersama antara Pemerintah Daerah dan DPRD untuk membahas, menelaah, menyempurnakan, dan menyepakati substansi rancangan peraturan daerah (Raperda) sebelum disahkan menjadi Perda
4.02.02.2.01.0004	"Fasilitasi Penyusunan Penjelasan/Keterangan

Naskah Akademik"	Terlaksananya Fasilitasi Penyusunan Penjelasan atau Keterangan dan/atau Naskah Akademik	Jumlah Dokumen Hasil Penyusunan Penjelasan atau Keterangan dan/atau Naskah Akademik yang Difasilitasi	Dokumen	Proses pemberian dukungan teknis, administratif, dan koordinatif kepada pihak yang berwenang dalam menyusun penjelasan atau keterangan terkait Naskah Akademik sebagai dokumen ilmiah yang menjadi dasar pembentukan rancangan peraturan daerah
4.02.02.2.02.0001	Pembahasan KUA dan PPAS	Terlaksananya Pembahasan KUA dan PPAS	Jumlah Dokumen Hasil Pembahasan KUA dan PPAS	Dokumen	Rangkaian proses koordinasi, analisis, dan sinkronisasi antara Pemerintah Daerah dan DPRD untuk membahas Kebijakan Umum Anggaran (KUA) dan Prioritas dan Plafon Anggaran Sementara (PPAS) sebagai landasan penyusunan RAPBD. Kegiatan ini mencakup penelaahan target pendapatan, belanja, dan pembiayaan daerah, serta penentuan prioritas pembangunan daerah sesuai dengan rencana kerja pemerintah daerah dan ketentuan peraturan perundang-undangan
4.02.02.2.02.0002	Pembahasan Perubahan KUA dan Perubahan PPAS	Terlaksananya Pembahasan Perubahan KUA dan Perubahan PPAS	Jumlah Dokumen Hasil Pembahasan Perubahan KUA dan Perubahan PPAS	Dokumen	Proses koordinasi, analisis, dan sinkronisasi antara Pemerintah Daerah dan DPRD dalam rangka membahas perubahan Kebijakan Umum Anggaran (KUA) dan perubahan Prioritas dan Plafon Anggaran Sementara (PPAS) sebagai akibat adanya perkembangan atau perubahan asumsi, kebijakan, atau kondisi pelaksanaan APBD tahun berjalan. Pembahasan ini bertujuan menyesuaikan arah kebijakan anggaran, prioritas pembangunan, serta alokasi plafon anggaran sementara agar tetap relevan, efektif, dan sesuai peraturan perundang-undangan
4.02.02.2.02.0003	Pembahasan APBD	Terlaksananya Pembahasan APBD	Jumlah Dokumen Hasil Pembahasan APBD	Dokumen	Proses koordinasi, analisis, dan sinkronisasi antara Pemerintah Daerah dan DPRD dalam rangka membahas Rancangan Anggaran Pendapatan dan Belanja Daerah (RAPBD) untuk tahun anggaran berikutnya, berdasarkan Kebijakan Umum Anggaran (KUA) dan Prioritas dan Plafon Anggaran Sementara (PPAS) yang telah disepakati bersama. Pembahasan ini mencakup penelaahan rencana pendapatan, belanja, dan pembiayaan daerah secara rinci agar sesuai dengan prioritas pembangunan daerah, kemampuan keuangan, dan ketentuan peraturan perundang-undangan
4.02.02.2.02.0004	Pembahasan APBD Perubahan	Terlaksananya Pembahasan APBD Perubahan	Jumlah Dokumen Hasil Pembahasan APBD Perubahan	Dokumen	Proses koordinasi, analisis, dan sinkronisasi antara Pemerintah Daerah dan DPRD untuk membahas Rancangan Perubahan Anggaran Pendapatan dan Belanja Daerah (RAPBD Perubahan) dalam tahun anggaran yang sedang berjalan. Pembahasan ini dilakukan sebagai tindak lanjut atas adanya perkembangan atau perubahan asumsi yang mempengaruhi pelaksanaan APBD, sehingga diperlukan penyesuaian rencana pendapatan, belanja, dan pembiayaan daerah
4.02.02.2.02.0005	Pembahasan Laporan Semester	Terlaksananya Pembahasan Laporan Realisasi Pelaksanaan APBD Per Semester	Jumlah Dokumen Hasil Pembahasan Laporan Realisasi Pelaksanaan APBD Per Semester	Dokumen	Pembahasan antara Pemerintah Daerah dan DPRD terhadap Laporan Realisasi Semesteran Anggaran Pendapatan dan Belanja Daerah (APBD), yang memuat capaian kinerja keuangan serta prognosis (perkiraan) pelaksanaan anggaran hingga akhir tahun. Pembahasan ini dilakukan sebagai bentuk pengawasan dan evaluasi terhadap pelaksanaan APBD dalam rangka memastikan ketercapaian target pembangunan daerah
4.02.02.2.02.0006	Pembahasan Pertanggungjawaban APBD	Terlaksananya Pembahasan Pertanggungjawaban APBD	Jumlah Dokumen Hasil Pembahasan Pertanggungjawaban APBD	Dokumen	Rangkaian proses yang dilakukan oleh DPRD bersama Pemerintah Daerah untuk membahas Rancangan Peraturan Daerah tentang Pertanggungjawaban Pelaksanaan Anggaran Pendapatan dan Belanja Daerah (APBD) setelah tahun anggaran berakhir. Kegiatan ini bertujuan untuk mengevaluasi pencapaian target kinerja dan realisasi anggaran, serta memastikan bahwa pengelolaan keuangan daerah telah sesuai dengan ketentuan perundang-undangan, prinsip akuntabilitas, dan transparansi
4.02.02.2.03.0001	Pengawasan Urusan Pemerintahan Bidang Pemerintahan dan Hukum	Terlaksananya Pengawasan Urusan Pemerintahan Bidang Pemerintahan dan Hukum	Jumlah Laporan Hasil Pengawasan Urusan Pemerintahan Bidang Pemerintahan dan Hukum	Laporan	Serangkaian aktivitas yang dilakukan oleh Pemerintah Provinsi untuk memantau, mengevaluasi, dan memastikan pelaksanaan urusan pemerintahan yang menjadi kewenangannya di bidang pemerintahan umum dan hukum, agar berjalan sesuai dengan peraturan perundang-undangan, prinsip tata kelola pemerintahan yang baik (good governance), serta standar pelayanan minimal
4.02.02.2.03.0002	Pengawasan Urusan Pemerintahan Bidang Infrastruktur	Terlaksananya Pengawasan Urusan Pemerintahan Bidang Infrastruktur	Jumlah Laporan Hasil Pengawasan Urusan Pemerintahan Bidang Infrastruktur	Laporan	Serangkaian kegiatan yang dilakukan oleh Pemerintah Provinsi untuk memantau, memeriksa, dan mengevaluasi pelaksanaan urusan pemerintahan yang menjadi kewenangannya dalam bidang infrastruktur—meliputi perencanaan, pembangunan, pemeliharaan, dan pengelolaan infrastruktur publik—agar sesuai dengan ketentuan peraturan perundang-undangan, standar teknis, dan prinsip tata kelola pemerintahan yang baik
4.02.02.2.03.0003	Pengawasan Urusan Pemerintahan Bidang Kesejahteraan Rakyat	Terlaksananya Pengawasan Urusan Pemerintahan Bidang Kesejahteraan Rakyat	Jumlah Laporan Pengawasan Urusan Pemerintahan Bidang Kesejahteraan Rakyat	Laporan	Rangkaian kegiatan yang dilaksanakan oleh Pemerintah Provinsi untuk memantau, memeriksa, dan mengevaluasi penyelenggaraan urusan pemerintahan yang menjadi kewenangan provinsi dalam bidang kesejahteraan rakyat, yang meliputi sektor pendidikan, kesehatan, sosial, kebudayaan, pemberdayaan perempuan dan perlindungan anak, kepemudaan, olahraga, serta pelayanan keagamaan
4.02.02.2.03.0004	Pengawasan Urusan Pemerintahan Bidang Perekonomian	Terlaksananya Pengawasan Urusan Pemerintahan Bidang Perekonomian	Jumlah Laporan Hasil Pengawasan Urusan Pemerintahan Bidang Perekonomian	Laporan	Serangkaian upaya yang dilakukan oleh Pemerintah Provinsi untuk memantau, memeriksa, menilai, dan mengevaluasi pelaksanaan urusan pemerintahan di bidang perekonomian yang menjadi kewenangannya
4.02.02.2.03.0008	"Pembahasan Laporan Keterangan

Pertanggungjawaban Kepala Daerah"	Terlaksananya Pembahasan Laporan Keterangan Pertanggungjawaban Kepala Daerah	Jumlah Rekomendasi Hasil Pembahasan Laporan Keterangan Pertanggungjawaban Kepala Daerah	Dokumen	Proses yang dilakukan oleh DPRD Provinsi bersama Pemerintah Provinsi untuk menelaah, menilai, dan mengevaluasi dokumen LKPJ tahunan yang disampaikan oleh Kepala Daerah. Kegiatan ini bertujuan untuk mengukur kinerja penyelenggaraan pemerintahan daerah, kesesuaian pelaksanaan program/kegiatan dengan Rencana Pembangunan Jangka Menengah Daerah (RPJMD) dan Rencana Kerja Pemerintah Daerah (RKPD), serta memastikan akuntabilitas pelaksanaan APBD
4.02.02.2.04.0002	Pendalaman Tugas DPRD	Terlaksananya Pendalaman Tugas DPRD	Jumlah Dokumen Hasil Pendalaman Tugas DPRD	Dokumen	Kegiatan penguatan kapasitas dan kompetensi anggota DPRD Provinsi yang dilaksanakan secara berkelanjutan selama masa jabatan, dengan tujuan meningkatkan pemahaman, keterampilan, dan wawasan dalam menjalankan fungsi legislasi, anggaran, dan pengawasan. Kegiatan ini dilakukan melalui pelatihan, workshop, bimbingan teknis, kunjungan kerja, atau bentuk pembelajaran lainnya yang relevan dengan kebutuhan dan tantangan penyelenggaraan pemerintahan daerah
4.02.02.2.04.0005	Penyediaan Tenaga Ahli Fraksi	Tersedianya Tenaga Ahli Fraksi	Jumlah Tenaga Ahli Fraksi	Orang	Kegiatan pengadaan dan penugasan tenaga profesional yang memiliki kompetensi di bidang tertentu untuk mendukung pelaksanaan tugas dan fungsi fraksi di DPRD Provinsi. Tenaga ahli fraksi bertugas memberikan masukan, analisis, kajian, serta asistensi teknis kepada fraksi dalam menjalankan fungsi legislasi, anggaran, dan pengawasan, sehingga keputusan dan sikap politik fraksi dapat disusun secara komprehensif, berbasis data, dan sesuai peraturan perundang-undangan
4.02.02.2.04.0006	Penyelenggaraan Hubungan Masyarakat	Terselenggaranya Hubungan Masyarakat	Jumlah Dokumen Hasil Penyelenggaraan Hubungan Masyarakat	Dokumen	Serangkaian kegiatan komunikasi strategis yang dilakukan oleh Pemerintah Provinsi untuk membangun, memelihara, dan mengembangkan hubungan yang harmonis antara pemerintah dengan masyarakat, media, serta pemangku kepentingan lainnya. Kegiatan ini bertujuan menyebarluaskan informasi kebijakan dan program pemerintah secara transparan, membentuk citra positif lembaga, serta menampung dan menindaklanjuti aspirasi publik
4.02.02.2.04.0007	Penyusunan Program Kerja DPRD	Tersusunnya Rencana Kerja DPRD	Jumlah Dokumen Rencana Kerja DPRD	Dokumen	Proses perencanaan kegiatan DPRD Provinsi yang dituangkan dalam dokumen program kerja tahunan atau periode tertentu, yang memuat prioritas kegiatan, jadwal pelaksanaan, target capaian, serta sumber daya yang dibutuhkan. Kegiatan ini bertujuan memastikan pelaksanaan fungsi legislasi, anggaran, dan pengawasan DPRD berjalan terarah, terukur, dan sesuai dengan kebutuhan daerah serta ketentuan peraturan perundang-undangan
4.02.02.2.04.0008	Publikasi dan Dokumentasi DPRD	Terlaksananya Publikasi dan Dokumentasi DPRD	Jumlah Dokumen Publikasi dan Dokumentasi DPRD	Dokumen	Publikasi dan Dokumentasi DPRD adalah aktivitas yang dilakukan oleh alat kelengkapan DPRD untuk menyampaikan kinerja selama satu tahun berjalan  kepada masyarakat Daerah yang bersangkutan. Muatan materi Publikasi dan Dokumentasi DPRD dimaksud disampaikan melalui situs resmi DPRD atau saluran lain yang mudah diakses masyarakat serta agenda kegiatan DPRD lainnya.
4.02.02.2.05.0002	Penyusunan Pokok-Pokok Pikiran DPRD	Tersusunnya Pokok-Pokok Pikiran DPRD	Jumlah Dokumen Pokok-Pokok Pikiran DPRD yang Disusun	Dokumen	Proses penghimpunan, pengolahan, dan perumusan aspirasi masyarakat yang disampaikan kepada anggota DPRD melalui reses, kunjungan kerja, atau mekanisme lainnya, kemudian disusun menjadi dokumen resmi berisi usulan program dan kegiatan pembangunan daerah. Pokir DPRD digunakan sebagai masukan dalam penyusunan Rencana Kerja Pemerintah Daerah (RKPD) agar pembangunan lebih partisipatif, responsif, dan sesuai kebutuhan masyarakat
4.02.02.2.05.0003	Pelaksanaan Reses	Terlaksananya Reses	Jumah Dokumen Hasil Pelaksanaan Reses	Dokumen	Kegiatan anggota DPRD Provinsi di luar masa sidang yang dilakukan di daerah pemilihan masing-masing untuk bertemu langsung dengan konstituen guna menyerap aspirasi, memperoleh masukan, serta menginformasikan program dan kebijakan pemerintah daerah. Reses menjadi salah satu mekanisme formal penyerapan aspirasi masyarakat yang hasilnya digunakan sebagai bahan penyusunan Pokok-Pokok Pikiran DPRD dan masukan bagi perencanaan pembangunan daerah
4.02.02.2.06.0002	Pengawasan Kode Etik DPRD	Terlaksananya Pengawasan Kode Etik DPRD	Jumlah Laporan Hasil Pengawasan Kode Etik DPRD	Laporan	Serangkaian kegiatan yang dilakukan oleh DPRD melalui Badan Kehormatan (BK) atau alat kelengkapan lainnya untuk memantau, menilai, dan menindaklanjuti perilaku anggota DPRD agar sesuai dengan norma dan ketentuan yang diatur dalam Kode Etik DPRD. Kegiatan ini bertujuan menjaga kehormatan, martabat, citra, dan kredibilitas DPRD, serta menegakkan disiplin dan integritas anggota dewan dalam melaksanakan tugas, fungsi, dan kewenangannya
4.02.02.2.08.0001	Koordinasi dan Konsultasi Pelaksanaan Tugas DPRD	Terlaksananya Koordinasi dan Konsultasi Pelaksanaan Tugas DPRD	Jumlah Dokumen Hasil Koordinasi dan Konsultasi Pelaksanaan Tugas DPRD	Dokumen	Kegiatan yang dilakukan oleh Dewan Perwakilan Rakyat Daerah Provinsi untuk membangun komunikasi, menyelaraskan langkah, dan memperoleh masukan atau klarifikasi terkait pelaksanaan fungsi, tugas, dan wewenangnya. Kegiatan ini dilaksanakan melalui pertemuan, rapat, atau kunjungan kerja dengan pihak internal (antaralat kelengkapan DPRD) maupun eksternal (pemerintah pusat, pemerintah daerah lain, lembaga/instansi, atau mitra kerja) guna memastikan pelaksanaan tugas DPRD berjalan efektif, sesuai peraturan perundang-undangan, dan selaras dengan kepentingan daerah
4.02.02.2.08.0002	Penyusunan Laporan Kinerja DPRD	Tersusunnya Laporan Fraksi, Alat Kelengkapan dan Kinerja DPRD	Jumlah Laporan Fraksi, Alat Kelengkapan dan Kinerja DPRD yang Disusun	Laporan	Kegiatan pengumpulan, pengolahan, analisis, dan penyusunan informasi yang memuat capaian pelaksanaan tugas, fungsi, dan wewenang DPRD dalam satu periode tertentu (biasanya tahunan) secara sistematis, terukur, dan dapat dipertanggungjawabkan. Laporan ini menjadi sarana akuntabilitas publik dan evaluasi internal DPRD terhadap pelaksanaan fungsi legislasi, anggaran, dan pengawasan
4.02.02.2.08.0003	Fasilitasi Pelaksanaan Tugas Badan Musyawarah	Terlaksananya Fasilitasi Pelaksanaan Tugas Badan Musyawarah	Jumlah Dokumen Hasil Fasilitasi Pelaksanaan Tugas Badan Musyawarah	Dokumen	Kegiatan penyediaan dukungan administrasi, koordinasi, dan teknis untuk memastikan Bamus DPRD dapat menjalankan tugasnya secara efektif, yaitu menetapkan agenda kegiatan DPRD, jadwal rapat paripurna, serta mengatur mekanisme pembahasan program kerja dan rancangan peraturan daerah
4.02.02.2.08.0004	Fasilitasi Tugas Pimpinan DPRD	Terlaksananya Fasilitasi Tugas Pimpinan DPRD	Jumlah Dokumen Hasil Fasilitasi Tugas Pimpinan DPRD	Dokumen	Kegiatan pemberian dukungan administrasi, teknis, dan koordinasi untuk membantu Pimpinan DPRD (Ketua dan Wakil Ketua) dalam menjalankan fungsi kepemimpinan, koordinasi, representasi, dan pengambilan keputusan kelembagaan DPRD sesuai peraturan perundang-undangan
4.02.01.2.01.0001	Penyusunan Dokumen Perencanaan Perangkat Daerah				
4.02.01.2.01.0006	Koordinasi dan Penyusunan Laporan Capaian Kinerja dan Ikhtisar Realisasi Kinerja SKPD				
4.02.01.2.02.0001	Penyediaan Gaji dan Tunjangan ASN				
4.02.01.2.02.0003	"Pelaksanaan Penatausahaan dan

Pengujian/Verifikasi Keuangan SKPD"				
4.02.01.2.05.0009	Pendidikan dan Pelatihan Pegawai Berdasarkan Tugas dan Fungsi				
4.02.01.2.06.0002	Penyediaan Peralatan dan Perlengkapan Kantor				
4.02.01.2.06.0004	Penyediaan Bahan Logistik Kantor				
4.02.01.2.06.0010	Penatausahaan Arsip Dinamis pada SKPD				
4.02.01.2.07.0006	Pengadaan Peralatan dan Mesin Lainnya				
4.02.01.2.08.0002	Penyediaan Jasa Komunikasi, Sumber Daya Air dan Listrik				
4.02.01.2.08.0004	Penyediaan Jasa Pelayanan Umum Kantor				
4.02.01.2.09.0001	Penyediaan Jasa Pemeliharaan, Biaya Pemeliharaan, dan Pajak Kendaraan Perorangan Dinas atau Kendaraan Dinas Jabatan				
4.02.01.2.09.0002	Penyediaan Jasa Pemeliharaan, Biaya Pemeliharaan, Pajak dan Perizinan Kendaraan Dinas Operasional atau Lapangan				
4.02.01.2.09.0006	Pemeliharaan Peralatan dan Mesin Lainnya				
4.02.01.2.09.0009	Pemeliharaan/Rehabilitasi Gedung Kantor dan Bangunan Lainnya				
4.02.01.2.15.0001	Penyelenggaraan Administrasi Keuangan DPRD				
4.02.01.2.15.0002	Penyediaan Pakaian Dinas dan Atribut DPRD				
4.02.01.2.15.0003	Pelaksanaan Medical Check Up DPRD				
5.01.02.2.01.0005	Pelaksanaan Musrenbang Kabupaten/Kota	Terlaksananya Musrenbang Kabupaten/Kota	Jumlah Berita Acara Musrenbang Kabupaten/Kota	Berita Acara	"1. Musyawarah perencanaan pembangunan yang selanjutnya disingkat Musrenbang adalah forum antar pemangku kepentingan dalam rangka menyusun rencana pembangunan Daerah.

2. Peserta musrenbang kabupaten/kota terdiri dari Bupati/Walikota dan Wakil Bupati/Walikota, pimpinan dan anggota DPRD, unsur pemerintah pusat, Kepala BAPPEDA dan Perankat Daerah kabupaten/kota, pejabat instansi vertikal di, para delegasi mewakili peserta musrenbang kabupaten/kota, akademisi, LSM/Ormas, tokoh masyarakat, unsur pengusaha/investor, keterwakilan perempuan dan kelompok masyarakat rentan termajinalkan serta unsur lain yang dipandang perlu."
5.01.02.2.01.0007	Koordinasi Penyusunan dan Penetapan Dokumen Perencanaan Pembangunan Daerah Kabupaten/Kota	Ditetapkannya Dokumen Perencanaan Pembangunan Daerah Kabupaten/Kota	"Jumlah Dokumen Perencanaan Pembangunan Daerah Kabupaten/Kota yang Ditetapkan

(RPJPD/RPJMD/RKPD)"	Dokumen	"1. Dokumen Perencanaan pembangunan Daerah adalah dokumen yang berisikan suatu proses untuk menentukan kebijakan masa depan, melalui urutan pilihan, yang melibatkan berbagai unsur pemangku kepentingan, guna pemanfaatan dan pengalokasian sumber daya yang ada dalam jangka waktu tertentu di Daerah.

2. Dokumen Perencanaan Pembangunan Daerah terdiri dari:
a. RPJPD ditetapkan melalui Perda
b. RPJMD ditetapkan melalui Perda
c. RKPD ditetapkan melalui Perkada"
5.01.03.2.01.0001	Koordinasi Penyusunan Dokumen Perencanaan Pembangunan Daerah Bidang Pemerintahan (RPJPD, RPJMD dan RKPD)	Tersusunnya Dokumen Perencanaan Pembangunan Daerah Bidang Pemerintahan (RPJPD, RPJMD dan RKPD)	Jumlah Dokumen Perencanaan Pembangunan Daerah Bidang Pemerintahan yang Dikoordinir Penyusunannya (RPJPD, RPJMD dan RKPD)	Dokumen	"1. Dokumen perencanaan pembangunan daerah bidang pemerintahan yang dimaksud meliputi RPJPD RPJMD,  dan RKPD 

2. Koordinasi penyusunan dokumen perencanaan pembangunan daerah bidang pemerintahan dimaksud adalah kegiatan yang meliputi pengaturan hubungan kerjasama dari beberapa instansi/pejabat yang mempunyai tugas dan wewenang yang saling berhubungan dengan tujuan untuk menghindarkan kesimpangsiuran dan duplikasi dalam penyusunan dokumen perencanaan pembangunan daerah.

3. Ruang lingkup koordinasi penyusunan dokumen perencanaan pembangunan daerah bidang pemerintahan yaitu koordinasi perencanaan pembangunan daerah kabupaten/kota"
5.01.03.2.01.0003	Pelaksanaan Monitoring dan Evaluasi Penyusunan Dokumen Perencanaan Pembangunan Perangkat Daerah Bidang Pemerintahan	Terlaksananya Monitoring dan Evaluasi Penyusunan Dokumen Perencanaan Pembangunan Perangkat Daerah Bidang Pemerintahan	Jumlah Laporan Monitoring dan Evaluasi Penyusunan Dokumen Perencanaan Pembangunan Perangkat Daerah Bidang Pemerintahan	Laporan	"1. Dokumen Perencanaan Pembangunan Perangkat Daerah Bidang Pemerintahan adalah Renstra Perangkat Daerah dan Renja Perangkat Daerah Bidang Pemerintahan. 

2. Monitoring penyusunan dokumen perencanaan pembangunan perangkat daerah bidang pemerintahan dimaksud adalah aktivitas mengawasi, mengamati, atau mengecek dengan cermat proses dan hasil penyusunan Dokumen Perencanaan Pembangunan Perangkat Daerah Bidang Pemerintahan.

3. Ruang lingkup Monitoring penyusunan dokumen perencanaan pembangunan perangkat daerah bidang pemerintahan  dimaksud  yaitu monitoring terhadap (1)   kebijakan Perencanaan Pembangunan Perangkat Daerah Bidang Pemerintahan, (2)  pelaksanaan Perencanaan Pembangunan Perangkat Daerah Bidang Pemerintahan, dan (3)  hasil pelaksanaan rencana Pembangunan Perangkat Daerah Bidang Pemerintahan

4. Evaluasi penyusunan dokumen perencanaan pembangunan perangkat daerah bidang pemerintahan dimaksud adalah aktivitas penilaian terhadap kinerja perencanaan pembangunan daerah Bidang Pemerintahan

5. Ruang lingkup evaluasi Penyusunan Dokumen Perencanaan Pembangunan Perangkat Daerah bidang pemerintahan meliputi  evaluasi terhadap (1)   kebijakan Perencanaan Pembangunan Perangkat Daerah Bidang Pemerintahan, (2)  pelaksanaan Perencanaan Pembangunan Perangkat Daerah Bidang Pemerintahan, dan (3)  hasil pelaksanaan rencana Pembangunan Perangkat Daerah Bidang Pemerintahan"
5.01.03.2.01.0005	Koordinasi Penyusunan Dokumen Perencanaan Pembangunan Daerah Bidang Pembangunan Manusia (RPJPD, RPJMD dan RKPD)	Terkordinirnya Penyusunan Dokumen Perencanaan Pembangunan Daerah Bidang Pembangunan Manusia (RPJPD. RPJMD dan RKPD)	Jumlah Dokumen Perencanaan Pembangunan Daerah Bidang Pembangunan Manusia yang Dikoordinir Penyusunannya (RPJPD. RPJMD dan RKPD)	Dokumen	"1. Dokumen perencanaan pembangunan daerah bidang pembangunan manusia yang dimaksud meliputi RPJPD RPJMD,  dan RKPD 

2. Koordinasi penyusunan dokumen perencanaan pembangunan daerah bidang pembangunan manusia dimaksud adalah kegiatan yang meliputi pengaturan hubungan kerjasama dari beberapa instansi/pejabat yang mempunyai tugas dan wewenang yang saling berhubungan dengan tujuan untuk menghindarkan kesimpangsiuran dan duplikasi dalam penyusunan dokumen perencanaan pembangunan daerah.

3. Ruang lingkup koordinasi penyusunan perencanaan pembangunan daerah bidang pembangunan manusia yaitu koordinasi perencanaan pembangunan daerah kabupaten/kota"
5.01.03.2.02.0001	Koordinasi Penyusunan Dokumen Perencanaan Pembangunan Daerah Bidang Perekonomian (RPJPD, RPJMD dan RKPD)	Terkordinirnya Penyusunan Dokumen Perencanaan Pembangunan Daerah Bidang Perekonomian (RPJPD. RPJMD dan RKPD)	Jumlah Dokumen Perencanaan Pembangunan Daerah Bidang Perekonomian yang Dikoordinir Penyusunannya (RPJPD. RPJMD dan RKPD)	Dokumen	"1. Dokumen perencanaan pembangunan daerah bidang perekonomian yang dimaksud meliputi RPJPD RPJMD,  dan RKPD 

2. Koordinasi penyusunan perencanaan pembangunan daerah bidang perekonomian dimaksud adalah kegiatan yang meliputi pengaturan hubungan kerjasama dari beberapa instansi/pejabat yang mempunyai tugas dan wewenang yang saling berhubungan dengan tujuan untuk menghindarkan kesimpangsiuran dan duplikasi dalam penyusunan dokumen perencanaan pembangunan daerah.

3. Ruang lingkup koordinasi penyusunan perencanaan pembangunan daerah bidang perekonomian yaitu koordinasi perencanaan pembangunan daerah kabupaten/kota"
5.01.03.2.02.0005	Koordinasi Penyusunan Dokumen Perencanaan Pembangunan Daerah Bidang SDA (RPJPD, RPJMD dan RKPD)	Terkordinirnya Penyusunan Dokumen Perencanaan Pembangunan Daerah Bidang SDA (RPJPD. RPJMD dan RKPD)	Jumlah Dokumen Perencanaan Pembangunan Daerah Bidang SDA yang Dikoordinir Penyusunannya (RPJPD. RPJMD dan RKPD)	Dokumen	"1. Dokumen perencanaan pembangunan daerah bidang SDA yang dimaksud meliputi RPJPD RPJMD,  dan RKPD 

2. Koordinasi penyusunan dokumen perencanaan pembangunan daerah bidang SDA dimaksud adalah kegiatan yang meliputi pengaturan hubungan kerjasama dari beberapa instansi/pejabat yang mempunyai tugas dan wewenang yang saling berhubungan dengan tujuan untuk menghindarkan kesimpangsiuran dan duplikasi dalam penyusunan dokumen perencanaan pembangunan daerah.

3. Ruang lingkup koordinasi penyusunan perencanaan pembangunan daerah bidang SDA  yaitu koordinasi perencanaan pembangunan daerah kabupaten/kota"
5.01.03.2.03.0003	Pelaksanaan Monitoring dan Evaluasi Penyusunan Dokumen Perencanaan Pembangunan Perangkat Daerah Bidang Infrastruktur	Terlaksananya Monitoring dan Evaluasi Penyusunan Dokumen Perencanaan Pembangunan Perangkat Daerah Bidang Infrastruktur	Jumlah Laporan Hasil Pelaksanaan Monitoring dan Evaluasi Penyusunan Dokumen Perencanaan Pembangunan Perangkat Daerah Bidang Infrastruktur	Laporan	"1. Dokumen Perencanaan Pembangunan Perangkat Daerah Bidang Pemerintahan adalah Renstra Perangkat Daerah dan Renja Perangkat Daerah Bidang Infrastruktur. 

2. Monitoring penyusunan dokumen perencanaan pembangunan perangkat daerah bidang Infrastruktur dimaksud adalah aktivitas mengawasi, mengamati, atau mengecek dengan cermat proses dan hasil penyusunan Dokumen Perencanaan Pembangunan Perangkat Daerah Bidang Infrastruktur.

3. Ruang lingkup Monitoring penyusunan dokumen perencanaan pembangunan perangkat daerah Bidang Infrastruktur dimaksud  yaitu monitoring terhadap (1)   kebijakan Perencanaan Pembangunan Perangkat Daerah Bidang Infrastruktur, (2)  pelaksanaan Perencanaan Pembangunan Perangkat Daerah Bidang Infrastruktur, dan (3)  hasil pelaksanaan rencana Pembangunan Perangkat Daerah Bidang Infrastruktur

4. Evaluasi penyusunan dokumen perencanaan pembangunan perangkat daerah Bidang Infrastruktur dimaksud adalah aktivitas penilaian terhadap kinerja perencanaan pembangunan daerah Bidang Infrastruktur

5. Ruang lingkup evaluasi Penyusunan Dokumen Perencanaan Pembangunan Perangkat Daerah Bidang Infrastruktur  meliputi  evaluasi terhadap (1)   kebijakan Perencanaan Pembangunan Perangkat Daerah Bidang Infrastruktur, (2)  pelaksanaan Perencanaan Pembangunan Perangkat Daerah Bidang Infrastruktur, dan (3)  hasil pelaksanaan rencana Pembangunan Perangkat Daerah Bidang Infrastruktur"
5.01.03.2.03.0004	Koordinasi Pelaksanaan Sinergitas dan Harmonisasi Perencanaan Pembangunan Daerah Bidang Infrastruktur	Sinkronnya Renstra/Renja dengan RKPD/RPJMD pada Bidang Infrastruktur	Jumlah Laporan Hasil Sinkronisasi Renstra/Renja dengan RKPD/RPJMD pada Bidang Infrastruktur	Laporan	"1. Perencanaan Pembangunan Daerah Bidang Infrastruktur yang dimaksud adalah RPJPD, RPJMD-Renstra PD, dan RKPD-Renja PD

2. Sinergitas dan Harmonisasi Perencanaan Pembangunan Daerah Bidang Infrastruktur yang dimaksud adalah segala bentuk aktivitas untuk mensinkronisasikan: 
a. kebijakan pembangunan daerah kabupaten/kota dalam penyusunan RPJPD, RPJMD-Renstra PD, dan RKPD-Renja PD
b. pelaksanaan pelaksanaan urusan pemerintahan Daerah untuk merumuskan program, kegiatan, dan sub kegiatan sesuai dengan tugas dan fungsi Perangkat Daerah"
5.01.03.2.03.0007	Pelaksanaan Monitoring dan Evaluasi Penyusunan Dokumen Perencanaan Pembangunan Perangkat Daerah Bidang Kewilayahan	Terlaksananya Monitoring dan Evaluasi Penyusunan Dokumen Perencanaan Pembangunan Perangkat Daerah Bidang Kewilayahan	Jumlah Laporan Hasil Pelaksanaan Monitoring dan Evaluasi Penyusunan Dokumen Perencanaan Pembangunan Perangkat Daerah Bidang Kewilayahan	Laporan	"1. Dokumen Perencanaan Pembangunan Perangkat Daerah Bidang Pemerintahan adalah Renstra Perangkat Daerah dan Renja Perangkat Daerah Bidang Kewilayahan. 

2. Monitoring penyusunan dokumen perencanaan pembangunan perangkat daerah bidang Kewilayahan dimaksud adalah aktivitas mengawasi, mengamati, atau mengecek dengan cermat proses dan hasil penyusunan Dokumen Perencanaan Pembangunan Perangkat Daerah Bidang Kewilayahan.

3. Ruang lingkup Monitoring penyusunan dokumen perencanaan pembangunan perangkat daerah  Bidang Kewilayahan dimaksud  yaitu monitoring terhadap (1)   kebijakan Perencanaan Pembangunan Perangkat Daerah Bidang Kewilayahan, (2)  pelaksanaan Perencanaan Pembangunan Perangkat Daerah Bidang Kewilayahan, dan (3)  hasil pelaksanaan rencana Pembangunan Perangkat Daerah Bidang Kewilayahan

4. Evaluasi penyusunan dokumen perencanaan pembangunan perangkat daerah Bidang Kewilayahan dimaksud adalah aktivitas penilaian terhadap kinerja perencanaan pembangunan daerah Bidang Kewilayahan

5. Ruang lingkup evaluasi Penyusunan Dokumen Perencanaan Pembangunan Perangkat Daerah Bidang Kewilayahan meliputi  evaluasi terhadap (1)   kebijakan Perencanaan Pembangunan Perangkat Daerah Bidang Kewilayahan, (2)  pelaksanaan Perencanaan Pembangunan Perangkat Daerah Bidang Kewilayahan, dan (3)  hasil pelaksanaan rencana Pembangunan Perangkat Daerah Bidang Kewilayahan"
5.01.03.2.03.0008	Koordinasi Pelaksanaan Sinergitas dan Harmonisasi Perencanaan Pembangunan Daerah Bidang Kewilayahan	Sinkronnya Renstra/Renja dengan RKPD/RPJMD pada Bidang Kewilayahan	Jumlah Laporan Hasil Sinkronisasi Renstra/Renja dengan RKPD/RPJMD pada Bidang Kewilayahan	Laporan	"1. Perencanaan Pembangunan Daerah Bidang Kewilayahan yang dimaksud adalah RPJPD, RPJMD-Renstra PD, dan RKPD-Renja PD

2. Sinergitas dan Harmonisasi Perencanaan Pembangunan Daerah Bidang Kewilayahan yang dimaksud adalah segala bentuk aktivitas untuk mensinkronisasikan: 
a. kebijakan pembangunan daerah provinsi dan daerah kabupaten/kota dalam penyusunan RPJPD, RPJMD-Renstra PD, dan RKPD-Renja PD
b. pelaksanaan pelaksanaan urusan pemerintahan Daerah untuk merumuskan program, kegiatan, dan sub kegiatan sesuai dengan tugas dan fungsi Perangkat Daerah"
5.01.01.2.01.0006	Koordinasi dan Penyusunan Laporan Capaian Kinerja dan Ikhtisar Realisasi Kinerja SKPD				
5.01.01.2.02.0001	Penyediaan Gaji dan Tunjangan ASN				
5.01.01.2.02.0003	"Pelaksanaan Penatausahaan dan

Pengujian/Verifikasi Keuangan SKPD"				
5.01.01.2.06.0002	Penyediaan Peralatan dan Perlengkapan Kantor				
5.01.01.2.06.0004	Penyediaan Bahan Logistik Kantor				
5.01.01.2.08.0002	Penyediaan Jasa Komunikasi, Sumber Daya Air dan Listrik				
5.01.01.2.08.0004	Penyediaan Jasa Pelayanan Umum Kantor				
5.01.01.2.09.0001	Penyediaan Jasa Pemeliharaan, Biaya Pemeliharaan, dan Pajak Kendaraan Perorangan Dinas atau Kendaraan Dinas Jabatan				
5.01.01.2.09.0010	Pemeliharaan/Rehabilitasi Sarana dan Prasarana Gedung Kantor atau Bangunan Lainnya				
5.05.02.2.02.0010	Penelitian dan Pengembangan Partisipasi Masyarakat	Terlaksananya Penelitian dan Pengembangan Partisipasi Masyarakat	Jumlah Dokumen Hasil Penelitian dan Pengembangan Partisipasi Masyarakat	Dokumen	Proses sistematis yang dilakukan oleh pimpinan dan unit kerja terkait untuk mengukur, menilai, dan mengevaluasi kinerja Aparatur Sipil Negara (ASN) secara periodik. Tujuannya adalah untuk memastikan pencapaian target kerja, mengidentifikasi kelebihan dan kekurangan ASN, serta menjadi dasar bagi pengembangan karir dan perbaikan kinerja organisasi
5.05.02.2.04.0001	Penelitian, Pengembangan, dan Perekayasaan di Bidang Teknologi dan Inovasi	Terlaksananya Penelitian, Pengembangan, dan Perekayasaan di Bidang Teknologi dan Inovasi	Jumlah Dokumen Hasil Penelitian, Pengembangan, dan Perekayasaan di Bidang Teknologi dan Inovasi	Dokumen	Proses sistematis yang dilakukan oleh pimpinan dan unit kerja terkait untuk mengukur, menilai, dan mengevaluasi kinerja Aparatur Sipil Negara (ASN) secara periodik. Tujuannya adalah untuk memastikan pencapaian target kerja, mengidentifikasi kelebihan dan kekurangan ASN, serta menjadi dasar bagi pengembangan karir dan perbaikan kinerja organisasi
5.02.02.2.01.0001	Koordinasi dan Penyusunan KUA dan PPAS	Tersusunnya KUA dan PPAS	Jumlah Dokumen KUA dan PPAS yang Disusun	Dokumen	Kegiatan terencana yang dilakukan Pemerintah Provinsi bersama DPRD dalam menyusun dokumen kebijakan strategis anggaran tahunan daerah. Kegiatan ini mencakup koordinasi lintas perangkat daerah untuk menghimpun rencana program dan kegiatan, merumuskan arah kebijakan pendapatan, belanja, dan pembiayaan, serta menetapkan plafon anggaran sementara berdasarkan prioritas pembangunan daerah
5.02.02.2.01.0002	Koordinasi dan Penyusunan Perubahan KUA dan Perubahan PPAS	Tersusunnya Perubahan KUA dan Perubahan PPAS	Jumlah Dokumen Perubahan KUA dan Perubahan PPAS yang Disusun	Dokumen	serangkaian kegiatan terencana yang dilakukan Pemerintah Provinsi bersama DPRD untuk menyesuaikan arah kebijakan, prioritas, dan plafon anggaran sementara dalam tahun anggaran berjalan. Perubahan ini dilakukan apabila terdapat kondisi yang menyebabkan perbedaan signifikan antara asumsi awal KUA-PPAS dengan perkembangan realisasi dan kebutuhan aktual daerah
5.02.02.2.01.0003	Koordinasi, Penyusunan dan Verifikasi RKA-SKPD	Terlaksananya Verifikasi RKA-SKPD	Jumlah RKA-SKPD yang Diverifikasi	Dokumen	Kegiatan yang dilakukan untuk mengintegrasikan perencanaan program/kegiatan dengan penganggaran daerah melalui penyusunan dokumen RKA-SKPD yang akurat, selaras dengan Kebijakan Umum Anggaran (KUA) dan Prioritas Plafon Anggaran Sementara (PPAS), serta sesuai dengan ketentuan peraturan perundang-undangan
5.02.02.2.01.0004	Koordinasi, Penyusunan dan Verifikasi Perubahan RKA-SKPD	Terlaksananya Verifikasi Perubahan RKA-SKPD	Jumlah Perubahan RKA-SKPD yang Diverifikasi	Dokumen	Kegiatan yang dilakukan untuk mengintegrasikan perencanaan program/kegiatan dengan penganggaran daerah melalui penyusunan dokumen RKA-SKPD yang akurat, selaras dengan Kebijakan Umum Anggaran (KUA) dan Prioritas Plafon Anggaran Sementara (PPAS), serta sesuai dengan ketentuan peraturan perundang-undangan
5.02.02.2.01.0007	Koordinasi dan Penyusunan Peraturan Daerah tentang APBD dan Peraturan Kepala Daerah tentang Penjabaran APBD	Tersusunnya Peraturan Daerah tentang APBD dan Peraturan Kepala Daerah tentang Penjabaran APBD	Jumlah Peraturan Daerah tentang APBD dan Peraturan Kepala Daerah tentang Penjabaran APBD	Dokumen	Proses terintegrasi yang mencakup koordinasi antar perangkat daerah, DPRD, dan pihak terkait untuk menyusun Rancangan Peraturan Daerah (Ranperda) tentang Anggaran Pendapatan dan Belanja Daerah (APBD) serta Rancangan Peraturan Kepala Daerah (Perkada) tentang Penjabaran APBD berdasarkan hasil pembahasan dan persetujuan bersama, hingga siap untuk disahkan sesuai ketentuan peraturan perundang-undangan
5.02.02.2.01.0008	Koordinasi dan Penyusunan Peraturan Daerah tentang Perubahan APBD dan Peraturan Kepala Daerah tentang Penjabaran Perubahan APBD	Tersusunnya Peraturan Daerah tentang Perubahan APBD dan Peraturan Kepala Daerah tentang Penjabaran Perubahan APBD	Jumlah Peraturan Daerah tentang Perubahan APBD dan Peraturan Kepala Daerah tentang Penjabaran Perubahan APBD	Dokumen	Proses terstruktur yang meliputi koordinasi antar perangkat daerah, DPRD, dan pihak terkait untuk menyusun Rancangan Peraturan Daerah (Ranperda) tentang Perubahan APBD beserta Rancangan Peraturan Kepala Daerah (Perkada) tentang Penjabaran Perubahan APBD, sebagai tindak lanjut atas penyesuaian anggaran daerah yang disebabkan oleh perubahan asumsi ekonomi, prioritas program, atau kondisi darurat, sesuai ketentuan peraturan perundang-undangan
5.02.02.2.01.0013	Pembinaan Perencanaan Penganggaran Daerah Pemerintah Kabupaten/Kota	Terlaksananya Pembinaan Penganggaran Daerah Pemerintah Kabupaten/Kota	Jumlah Orang yang Mengikuti Pembinaan Penganggaran Daerah Pemerintah Kabupaten/Kota	Orang	Upaya Pemerintah Provinsi untuk memberikan arahan, bimbingan teknis, asistensi, supervisi, dan evaluasi kepada Pemerintah Kabupaten/Kota dalam menyusun perencanaan dan penganggaran daerah yang sesuai dengan peraturan perundang-undangan, kebijakan nasional, dan kebijakan pembangunan daerah provinsi. Tujuannya adalah meningkatkan kapasitas, kualitas, dan konsistensi dokumen perencanaan serta penganggaran agar mendukung pencapaian sasaran pembangunan daerah secara efektif, efisien, transparan, dan akuntabel
5.02.02.2.02.0001	Koordinasi dan Pengelolaan Kas Daerah	Terlaksananya Koordinasi dan Pengelolaan Kas Daerah	Jumlah Dokumen Hasil Koordinasi dan Pengelolaan Kas Daerah	Dokumen	Proses perencanaan, pengaturan, pengendalian, dan pemantauan arus kas daerah secara terkoordinasi oleh Pemerintah Provinsi untuk menjamin ketersediaan dana yang cukup, tepat waktu, dan sesuai kebutuhan pelaksanaan APBD. Kegiatan ini mencakup koordinasi antar-perangkat daerah, pengelolaan saldo kas, optimalisasi penerimaan dan pengeluaran, serta penempatan dana sesuai ketentuan peraturan perundang-undangan guna mendukung kelancaran operasional pemerintahan dan pembangunan daerah
5.02.02.2.02.0003	Penyiapan, Pelaksanaan Pengendalian dan Penerbitan Anggaran Kas dan SPD	Terlaksananya Penyiapan, Pelaksanaan Pengendalian dan Penerbitan Anggaran Kas dan SPD	Jumlah Dokumen Hasil Pengendalian dan Penerbitan Anggaran Kas dan SPD	Dokumen	Kegiatan yang meliputi penyusunan rencana anggaran kas, pelaksanaan pengendalian arus kas daerah, serta penerbitan Surat Penyediaan Dana (SPD) untuk menjamin ketersediaan dana bagi pelaksanaan kegiatan di SKPD. Proses ini dilakukan secara terencana, tepat waktu, dan sesuai peraturan perundang-undangan agar pelaksanaan APBD berjalan lancar, efisien, dan tidak mengganggu stabilitas kas daerah
5.02.02.2.02.0005	Koordinasi, Fasilitasi, Asistensi, Sinkronisasi, Supervisi, Monitoring dan Evaluasi Pengelolaan Dana Perimbangan dan Dana Transfer Lainnya	Terlaksananya Koordinasi, Fasilitasi, Asistensi, Sinkronisasi, Supervisi, Monitoring, dan Evaluasi Pengelolaan Dana Perimbangan dan Dana Transfer Lainnya	Jumlah Dokumen Hasil Koordinasi, Fasilitasi, Asistensi, Sinkronisasi, Supervisi, Monitoring, dan Evaluasi Pengelolaan Dana Perimbangan dan Dana Transfer Lainnya	Dokumen	Kegiatan yang meliputi serangkaian upaya terencana dan terkoordinasi antara pemerintah provinsi dengan pemerintah pusat serta pemerintah kabupaten/kota dalam rangka memastikan pengelolaan Dana Perimbangan dan Dana Transfer Lainnya berjalan sesuai ketentuan. Kegiatan ini mencakup pemberian dukungan teknis, harmonisasi kebijakan, pembinaan, pemantauan, serta evaluasi pelaksanaan pengelolaan dana tersebut, agar pemanfaatannya efektif, efisien, tepat sasaran, dan dapat dipertanggungjawabkan.
5.02.02.2.02.0007	Koordinasi dan Penyusunan Laporan Realisasi Penerimaan dan Pengeluaran Kas Daerah, Laporan Aliran Kas, dan Pelaksanaan Pemungutan/ Pemotongan dan Penyetoran Perhitungan Fihak Ketiga (PFK)	Terlaksananya Koordinasi dan Penyusunan Laporan Realisasi Penerimaan dan Pengeluaran Kas Daerah, Laporan Aliran Kas, dan Pelaksanaan Pemungutan/Pemotongan dan Penyetoran Perhitungan Fihak Ketiga (PFK)	Jumlah Laporan Realisasi Penerimaan dan Pengeluaran Kas Daerah, Laporan Aliran Kas, dan Pelaksanaan Pemungutan/Pemotongan dan Penyetoran Perhitungan Fihak Ketiga (PFK) dan Laporan Hasil Koordinasi dalam rangka Penyusunan Laporan Realisasi Penerimaan dan Pengeluaran Kas Daerah, Laporan Aliran Kas, dan Pelaksanaan Pemungutan/Pemotongan dan Penyetoran Perhitungan Fihak Ketiga (PFK)	Laporan	Kegiatan ini mencakup proses koordinasi antar perangkat daerah dalam pengumpulan, pengolahan, dan penyusunan laporan realisasi penerimaan dan pengeluaran kas daerah serta laporan aliran kas secara tepat waktu dan akurat. Selain itu, kegiatan ini juga meliputi pelaksanaan pemungutan, pemotongan, dan penyetoran Perhitungan Pihak Ketiga (PFK) sesuai ketentuan perpajakan dan peraturan perundang-undangan yang berlaku. Tujuan utama adalah memastikan transparansi, akuntabilitas, dan kepatuhan terhadap aturan dalam pengelolaan kas dan pungutan daerah
5.02.02.2.02.0011	Pembinaan Penatausahaan Keuangan Pemerintah Kabupaten/Kota	Terlaksananya Pembinaan Penatausahaan Keuangan Pemerintah Kabupaten/Kota	Jumlah Orang yang Mengikuti Pembinaan Penatausahaan Keuangan Pemerintah Kabupaten/Kota	Orang	Kegiatan yang meliputi pemberian bimbingan, pengawasan, dan pendampingan teknis kepada pemerintah kabupaten/kota dalam pelaksanaan penatausahaan keuangan daerah. Tujuan utamanya adalah meningkatkan kualitas pencatatan, pengelolaan dokumen keuangan, serta penyusunan laporan keuangan yang akurat, tertib, dan sesuai dengan standar dan peraturan yang berlaku, sehingga mendukung transparansi dan akuntabilitas keuangan daerah
5.02.02.2.03.0001	Koordinasi Pelaksanaan Akuntansi Penerimaan dan Pengeluaran Kas Daerah	Terlaksananya Koordinasi Pelaksanaan Akuntansi Penerimaan dan Pengeluaran Kas Daerah	Jumlah Laporan Hasil Koordinasi Pelaksanaan Akuntansi Penerimaan dan Pengeluaran Kas Daerah	Laporan	Kegiatan yang meliputi pengorganisasian, sinkronisasi, dan pengawasan pelaksanaan akuntansi atas penerimaan dan pengeluaran kas daerah di seluruh unit kerja di lingkungan pemerintah provinsi. Tujuannya adalah memastikan pencatatan transaksi keuangan kas dilakukan secara tepat, akurat, dan sesuai dengan standar akuntansi pemerintah serta ketentuan peraturan perundang-undangan, sehingga laporan keuangan daerah dapat dihasilkan secara transparan dan akuntabel
5.02.02.2.03.0003	Koordinasi Penyusunan Laporan Pertanggungjawaban Pelaksanaan APBD Bulanan, Triwulanan dan Semesteran	Tersedianya Laporan Pertanggungjawaban Pelaksanaan APBD Bulanan, Triwulanan dan Semesteran	Jumlah Laporan Pertanggungjawaban Pelaksanaan APBD Bulanan, Triwulanan dan Semesteran	Laporan	pengorganisasian dan penyelarasan antar unit kerja di lingkungan pemerintah provinsi dalam proses pengumpulan, pengolahan, dan penyusunan laporan pertanggungjawaban pelaksanaan Anggaran Pendapatan dan Belanja Daerah (APBD) secara periodik, yakni bulanan, triwulanan, dan semesteran. Tujuan kegiatan ini adalah menghasilkan laporan keuangan yang akurat, tepat waktu, dan sesuai dengan standar akuntansi pemerintah serta peraturan perundang-undangan guna mendukung transparansi dan akuntabilitas pengelolaan keuangan daerah
5.02.02.2.03.0004	Konsolidasi Laporan Keuangan SKPD, BLUD dan Laporan Keuangan Pemerintah Daerah	Terlaksananya Konsolidasi Laporan Keuangan SKPD, BLUD dan Laporan Keuangan Pemerintah Daerah	Jumlah Laporan Keuangan SKPD, BLUD dan Laporan Keuangan Pemerintah Daerah yang Terkonsolidasi	Laporan	proses penggabungan, penyelarasan, dan penyesuaian laporan keuangan yang berasal dari Satuan Kerja Perangkat Daerah (SKPD), Badan Layanan Umum Daerah (BLUD), serta laporan keuangan pemerintah daerah secara keseluruhan. Tujuan utama dari kegiatan ini adalah menghasilkan laporan keuangan daerah yang komprehensif, akurat, dan konsisten sesuai dengan standar akuntansi pemerintah dan ketentuan perundang-undangan yang berlaku, guna mendukung transparansi dan akuntabilitas keuangan daerah
5.02.02.2.03.0005	Koordinasi dan Penyusunan Rancangan Peraturan Daerah tentang Pertanggungjawaban Pelaksanaan APBD Kabupaten/Kota dan Rancangan Peraturan Kepala Daerah tentang Penjabaran Pertanggungjawaban Pelaksanaan APBD Kabupaten/Kota	Tersedianya Rancangan Peraturan Daerah tentang Pertanggungjawaban Pelaksanaan APBD Kabupaten/Kota dan Rancangan Peraturan Kepala Daerah tentang Penjabaran Pertanggungjawaban Pelaksanaan APBD Kabupaten/Kota	Jumlah Rancangan Peraturan Daerah tentang Pertanggungjawaban Pelaksanaan APBD Kabupaten/Kota dan Rancangan Peraturan Kepala Daerah tentang Penjabaran Pertanggungjawaban Pelaksanaan APBD Kabupaten/Kota	Dokumen	Kegiatan yang mencakup pengorganisasian, penyelarasan, dan penyusunan rancangan peraturan daerah (Perda) terkait pertanggungjawaban pelaksanaan Anggaran Pendapatan dan Belanja Daerah (APBD) di tingkat kabupaten/kota, serta rancangan peraturan kepala daerah mengenai penjabaran APBD tersebut. Kegiatan ini bertujuan untuk memastikan produk hukum yang disusun memenuhi ketentuan peraturan perundang-undangan, mendukung transparansi dan akuntabilitas keuangan daerah, serta memberikan dasar hukum yang jelas bagi pelaksanaan dan pertanggungjawaban APBD
5.02.02.2.03.0007	Koordinasi, Sinkronisasi, dan Penyelesaian Tuntutan Perbendaharaan dan Tuntutan Kerugian Daerah	Terlaksananya Koordinasi, Sinkronisasi, dan Penyelesaian Tuntutan Perbendaharaan dan Tuntutan Kerugian Daerah	Jumlah Dokumen Hasil Koordinasi, Sinkronisasi, dan Penyelesaian Tuntutan Perbendaharaan dan Tuntutan Kerugian Daerah	Dokumen	Kegiatan yang mencakup koordinasi antar instansi terkait dan penyusunan rancangan Peraturan Daerah (Perda) yang mengatur tentang pertanggungjawaban pelaksanaan Anggaran Pendapatan dan Belanja Daerah (APBD) di tingkat kabupaten/kota, serta rancangan Peraturan Kepala Daerah yang mengatur tentang penjabaran APBD tersebut. Kegiatan ini bertujuan untuk menghasilkan rancangan peraturan yang sesuai dengan ketentuan perundang-undangan dan mendukung transparansi, akuntabilitas, serta tata kelola keuangan daerah yang baik
5.02.02.2.04.0004	Analisis Perencanaan dan Pelaksanaan Pembayaran Cicilan Pokok dan Bunga Pinjaman Pemerintah Daerah	Terlaksananya Analisis Perencanaan dan Pelaksanaan Pembayaran Cicilan Pokok dan Bunga Pinjaman Pemerintah Daerah	Jumlah Laporan Hasil Analisis Perencanaan dan Pelaksanaan Pembayaran Cicilan Pokok dan Bunga Pinjaman Pemerintah Daerah	Laporan	Kegiatan yang meliputi proses pengkajian, evaluasi, dan pemantauan secara sistematis terhadap rencana dan realisasi pembayaran kewajiban pinjaman pemerintah daerah, baik pokok pinjaman maupun bunga, yang bertujuan untuk memastikan kesesuaian antara rencana anggaran dengan pelaksanaan pembayaran sesuai jadwal dan ketentuan yang berlaku
5.02.02.2.04.0008	Analisis Perencanaan dan Penyaluran Bantuan Keuangan	Tersedianya Analisis Perencanaan dan Penyaluran Bantuan Keuangan	Jumlah Laporan Hasil Analisis Perencanaan dan Penyaluran Bantuan Keuangan	Laporan	Kegiatan yang meliputi proses evaluasi, pengkajian, dan pemantauan terhadap rencana dan pelaksanaan penyaluran bantuan keuangan dari pemerintah provinsi kepada pemerintah kabupaten/kota atau pihak lain yang berhak, dengan tujuan memastikan bahwa penyaluran bantuan dilakukan secara tepat waktu, sesuai ketentuan, dan tepat sasaran untuk mendukung pelaksanaan program dan pembangunan daerah
5.02.02.2.04.0009	Pengelolaan Dana Darurat dan Mendesak	Terkelolanya Dana Darurat dan Mendesak	Jumlah Laporan Hasil Pengelolaan Dana Darurat dan Mendesak	Laporan	Kegiatan yang meliputi perencanaan, pengorganisasian, pelaksanaan, pemantauan, dan pengendalian penggunaan dana yang disediakan oleh pemerintah provinsi untuk memenuhi kebutuhan mendesak atau situasi darurat, seperti bencana alam, krisis kesehatan, atau kondisi yang memerlukan penanganan cepat guna menjaga kelancaran pemerintahan dan kesejahteraan masyarakat
5.02.02.2.04.0010	Pengelolaan Dana bagi Hasil Kabupaten/Kota	Terkelolanya Dana bagi Hasil Kabupaten/Kota	Jumlah Laporan Hasil Pengelolaan Dana bagi Hasil Kabupaten/Kota	Laporan	Kegiatan yang meliputi perencanaan, penerimaan, pendistribusian, pemantauan, dan pelaporan dana bagi hasil yang diterima oleh pemerintah provinsi dari pemerintah pusat atau sumber lain, yang kemudian dialokasikan kepada pemerintah kabupaten/kota sesuai ketentuan perundang-undangan dan kesepakatan yang berlaku
5.02.02.2.05.0003	Pembinaan Sistem Informasi Pemerintah Daerah Bidang Keuangan Daerah Pemerintah Kabupaten/Kota	Terlaksananya Pembinaan Sistem Informasi Pemerintah Daerah Bidang Keuangan Daerah Pemerintah Kabupaten/Kota	Jumlah Orang yang Mengikuti Pembinaan Sistem Informasi Pemerintah Daerah Bidang Keuangan Daerah Pemerintah Kabupaten/Kota	Orang	Kegiatan yang meliputi pengembangan, pendampingan, pengawasan, dan evaluasi terhadap penyelenggaraan sistem informasi keuangan di pemerintah kabupaten/kota agar berjalan efektif, efisien, dan akurat sesuai dengan standar dan regulasi yang berlaku
5.02.03.2.01.0001	Penyusunan Standar Harga	Tersedianya Standar Harga	Jumlah Standar Harga yang Disusun	Dokumen	Kegiatan yang meliputi perumusan, pengkajian, dan penetapan standar harga barang, jasa, atau pekerjaan yang berlaku di lingkungan pemerintahan provinsi sebagai acuan dalam perencanaan anggaran, pengadaan, dan pelaksanaan program pembangunan daerah
5.02.03.2.01.0007	Pengamanan Barang Milik Daerah	Terlaksananya Pengamanan Barang Milik Daerah	Jumlah Laporan Hasil Pengamanan Barang Milik Daerah	Laporan	Kegiatan yang meliputi perencanaan, pelaksanaan, pengawasan, dan evaluasi tindakan untuk menjaga keamanan, keselamatan, dan keberadaan barang milik daerah dari risiko kehilangan, kerusakan, atau penyalahgunaan, sehingga mendukung pengelolaan barang milik daerah yang efektif dan akuntabel
5.02.03.2.01.0009	Pengawasan dan Pengendalian Pengelolaan Barang Milik Daerah	Terlaksananya Pengawasan dan Pengendalian Pengelolaan Barang Milik Daerah	Jumlah Laporan Hasil Pengawasan dan Pengendalian Pengelolaan Barang Milik Daerah	Laporan	Aktivitas yang dilakukan oleh Pemerintah Provinsi untuk memantau, mengevaluasi, dan mengendalikan seluruh proses pengelolaan Barang Milik Daerah (BMD). Kegiatan ini bertujuan memastikan bahwa pengelolaan BMD mulai dari perolehan, pemanfaatan, pemeliharaan, hingga pemindahtanganan sesuai dengan ketentuan peraturan perundang-undangan dan prinsip-prinsip tata kelola yang baik
5.02.03.2.01.0011	Rekonsiliasi dalam rangka Penyusunan Laporan Barang Milik Daerah	Terlaksananya Rekonsiliasi dalam rangka Penyusunan Laporan Barang Milik Daerah	Jumlah Laporan Hasil Rekonsiliasi dalam rangka Penyusunan Laporan Barang Milik Daerah	Laporan	Proses verifikasi dan pencocokan data antara catatan administrasi Barang Milik Daerah (BMD) di tingkat perangkat daerah dengan data yang tercatat di tingkat provinsi atau instansi terkait. Tujuannya untuk memastikan konsistensi, keakuratan, dan kelengkapan data aset sebelum penyusunan laporan resmi barang milik daerah
5.02.04.2.01.0002	Analisa dan Pengembangan Pajak Daerah, serta Penyusunan Kebijakan Pajak Daerah	Tersedianya Hasil Analis Pajak Daerah serta Terlaksananya Pengembangan Pajak Daerah dan Kebijakan Pajak Daerah	Jumlah Dokumen Hasil Analis Pajak Daerah serta Pengembangan Pajak Daerah dan Kebijakan Pajak Daerah	Dokumen	Serangkaian proses sistematis yang dilakukan oleh pemerintah provinsi untuk mengevaluasi, merancang, dan menyusun kebijakan terkait pajak daerah. Tujuannya adalah untuk mengoptimalkan penerimaan daerah, menciptakan iklim investasi yang kondusif, dan menjamin keadilan bagi masyarakat
5.02.04.2.01.0003	Penyuluhan dan Penyebarluasan Kebijakan Pajak Daerah	Terlaksananya Penyuluhan dan Penyebarluasan Kebijakan Pajak Daerah	Jumlah Laporan Pelaksanaan Penyuluhan dan Penyebarluasan Kebijakan Pajak Daerah	Laporan	Tindakan terencana yang dilakukan oleh pemerintah provinsi untuk menyampaikan informasi, edukasi, dan sosialisasi mengenai kebijakan pajak daerah kepada masyarakat, wajib pajak, dan pihak-pihak terkait. Tujuannya adalah untuk meningkatkan kesadaran, pemahaman, dan kepatuhan dalam memenuhi kewajiban perpajakan daerah, sehingga penerimaan daerah dapat optimal
5.02.04.2.01.0004	Penyediaan Sarana dan Prasarana Pengelolaan Pajak Daerah	Tersedianya Sarana dan Prasarana Pengelolaan Pajak Daerah	Jumlah Sarana dan Prasarana Pengelolaan Pajak Daerah	Unit	Tindakan yang dilakukan oleh pemerintah provinsi untuk melengkapi dan memelihara seluruh fasilitas fisik, peralatan, serta sistem pendukung yang dibutuhkan untuk menjalankan kegiatan perpajakan daerah secara efektif dan efisien. Tujuannya adalah untuk memastikan seluruh proses administrasi dan pelayanan pajak dapat berjalan dengan lancar
5.02.04.2.01.0005	Pendataan dan Pendaftaran Objek Pajak Daerah	Tersedianya Data Objek Pajak, Subjek Pajak dan Wajib Pajak Daerah	Jumlah Laporan Hasil Pendataan dan Pendaftaran Objek Pajak Daerah, Subjek Pajak dan Wajib Pajak Daerah	Laporan	roses terstruktur dan sistematis yang dilakukan oleh pemerintah provinsi untuk mengidentifikasi, mengumpulkan informasi, dan mencatat secara resmi semua objek pajak daerah beserta data wajib pajaknya. Tujuannya adalah untuk membangun basis data pajak yang akurat dan komprehensif, yang menjadi dasar utama dalam penetapan dan pemungutan pajak daerahA
5.02.04.2.01.0006	Pengolahan, Pemeliharaan, dan Pelaporan Basis Data Pajak Daerah	Terlaksananya Pengolahan, Pemeliharaan, dan Pelaporan Basis Data Pajak Daerah	Jumlah Laporan Hasil Pengolahan, Pemeliharaan, dan Pelaporan Basis Data Pajak Daerah	Laporan	proses teknis dan administratif yang dilakukan oleh pemerintah provinsi untuk mengelola data pajak daerah secara terpusat. Tujuannya adalah untuk memastikan data pajak selalu akurat, terkini, aman, dan dapat digunakan sebagai dasar yang andal untuk pengambilan keputusan dan pelaporan
5.02.04.2.01.0007	Penilaian Pajak Bumi dan Bangunan Perdesaan dan Perkotaan (PBBP2) serta Bea Perolehan Hak atas Tanah dan Bangunan (BPHTB)	Terpenuhinya Jumlah Objek Pajak yang Disesuaikan NJOP nya	Jumlah Objek Pajak yang Disesuaikan NJOP nya	Obyek Pajak	Proses sistematis yang dilakukan oleh pemerintah provinsi untuk menetapkan besaran nilai jual objek pajak (NJOP) dari Pajak Bumi dan Bangunan Perdesaan dan Perkotaan (PBB-P2) serta nilai perolehan Bea Perolehan Hak atas Tanah dan Bangunan (BPHTB). Tujuannya adalah untuk menciptakan dasar perhitungan pajak yang akurat, adil, dan sesuai dengan kondisi pasar, sehingga penerimaan daerah dapat optimal
5.02.04.2.01.0008	Penetapan Wajib Pajak Daerah	Tersedianya Dokumen Ketetapan Pajak Daerah	Jumlah Dokumen Ketetapan Pajak Daerah	Dokumen	proses administratif dan hukum yang dilakukan oleh pemerintah provinsi untuk secara resmi mengakui dan menetapkan individu atau badan usaha sebagai pihak yang memiliki kewajiban perpajakan daerah. Tujuannya adalah untuk memastikan semua subjek pajak yang memenuhi kriteria dikenakan pajak sesuai dengan peraturan yang berlaku, sehingga potensi penerimaan daerah dapat terealisasi secara maksimal
5.02.04.2.01.0009	Pelayanan dan Konsultasi Pajak Daerah	Tersedianya Layanan dan Konsultasi Pajak Daerah	Jumlah Layanan dan Konsultasi Pajak Daerah	Layanan	Proses sistematis untuk mengumpulkan, memverifikasi, dan menyusun laporan pajak daerah, serta menyediakan layanan konsultasi kepada wajib pajak. Tujuannya adalah untuk memastikan pelaporan yang akurat dan tepat waktu, serta memberikan bimbingan kepada wajib pajak
5.02.04.2.01.0011	Penagihan Pajak Daerah	Terlaksananya Penagihan Pajak Daerah	Jumlah Dokumen Hasil Pelaksanaan Penagihan Pajak Daerah	Dokumen	indakan yang dilakukan oleh petugas pajak untuk menagih piutang pajak yang terutang oleh wajib pajak. Kegiatan ini meliputi pengiriman surat tagihan, teguran, dan tindakan hukum lainnya sesuai peraturan perundang-undangan. Tujuannya adalah untuk memastikan realisasi penerimaan pajak secara maksimal
5.02.04.2.01.0013	Pengendalian, Pemeriksaan dan Pengawasan Pajak Daerah	Terlaksanannya Pemeriksaan serta Pengendalian dan Pengawasan Pajak Daerah	Jumlah Dokumen Hasil Pemeriksaan serta Pengendalian dan Pengawasan Pajak Daerah	Dokumen	Kegiatan pengawasan yang dilakukan untuk memastikan kepatuhan wajib pajak dalam memenuhi kewajiban perpajakan. Ini mencakup pemeriksaan mendalam terhadap pembukuan dan dokumen wajib pajak, serta pengawasan di lapangan untuk mencegah kecurangan. Tujuannya adalah untuk mengamankan penerimaan pajak daerah
5.02.04.2.01.0014	Pembinaan dan Pengawasan Pengelolaan Pajak Daerah dan Retribusi Daerah	Terlaksananya Pembinaan dan Pengawasan Pengelolaan Retribusi Daerah	Jumlah Laporan Hasil Pembinaan dan Pengawasan Pengelolaan Retribusi Daerah	Laporan	Kegiatan pembinaan dan pendampingan kepada unit kerja atau instansi di daerah dalam pengelolaan pajak dan retribusi. Tujuannya adalah untuk meningkatkan kompetensi petugas, memperbaiki sistem pengelolaan, dan memastikan kepatuhan terhadap regulasi yang berlaku
5.02.04.2.01.0015	Elektronifikasi Transaksi Pemerintah Daerah	Terlaksananya Upaya Mengubah Transaksi Tunai Menjadi Non Tunai	Jumlah Laporan Perkembangan Elektronifikasi Transaksi Pemerintah Daerah	Laporan	Aktivitas untuk mengelola dan memproses data transaksi terkait pemanfaatan Barang Milik Daerah (BMD). Tujuannya adalah untuk memastikan pencatatan yang akurat dan transparan atas pemanfaatan BMD, seperti sewa atau pinjam pakai
5.02.01.2.01.0001	Penyusunan Dokumen Perencanaan Perangkat Daerah				
5.02.01.2.01.0006	Koordinasi dan Penyusunan Laporan Capaian Kinerja dan Ikhtisar Realisasi Kinerja SKPD				
5.02.01.2.02.0001	Penyediaan Gaji dan Tunjangan ASN				
5.02.01.2.02.0003	"Pelaksanaan Penatausahaan dan

Pengujian/Verifikasi Keuangan SKPD"				
5.02.01.2.02.0007	Koordinasi dan Penyusunan Laporan Keuangan Bulanan/ Triwulanan/ Semesteran SKPD				
5.02.01.2.05.0011	Bimbingan Teknis Implementasi Peraturan Perundang-Undangan				
5.02.01.2.06.0002	Penyediaan Peralatan dan Perlengkapan Kantor				
5.02.01.2.06.0004	Penyediaan Bahan Logistik Kantor				
5.02.01.2.07.0002	Pengadaan Kendaraan Dinas Operasional atau Lapangan				
5.02.01.2.07.0006	Pengadaan Peralatan dan Mesin Lainnya				
5.02.01.2.08.0002	Penyediaan Jasa Komunikasi, Sumber Daya Air dan Listrik				
5.02.01.2.08.0004	Penyediaan Jasa Pelayanan Umum Kantor				
5.02.01.2.09.0001	Penyediaan Jasa Pemeliharaan, Biaya Pemeliharaan, dan Pajak Kendaraan Perorangan Dinas atau Kendaraan Dinas Jabatan				
5.02.01.2.09.0010	Pemeliharaan/Rehabilitasi Sarana dan Prasarana Gedung Kantor atau Bangunan Lainnya				
5.03.02.2.01.0003	Koordinasi dan Fasilitasi Pengadaan PNS dan PPPK	Terlaksananya Koordinasi dan Fasilitasi Pengadaan PNS dan PPPK	Jumlah Dokumen Kegiatan Koordinasi dan Fasilitasi Pengadaan PNS dan PPPK	Dokumen	Tindakan terstruktur yang dilakukan oleh pemerintah provinsi untuk menyelaraskan dan mempermudah seluruh proses pengadaan Aparatur Sipil Negara (ASN), yang mencakup Pegawai Negeri Sipil (PNS) dan Pegawai Pemerintah dengan Perjanjian Kerja (PPPK). Tujuannya adalah untuk memastikan seluruh tahapan pengadaan berjalan efektif, efisien, dan sesuai dengan peraturan perundang-undangan yang berlaku
5.03.02.2.01.0006	"Koordinasi Pelaksanaan Administrasi

Pemberhentian"	Terlaksananya Koordinasi Pelaksanaan Administrasi Pemberhentian	Jumlah Dokumen Hasil kegiatan Koordinasi Pelaksanaan Administrasi Pemberhentian	Dokumen	Tindakan terstruktur yang dilakukan oleh pemerintah provinsi untuk menyelaraskan dan mengelola seluruh proses administrasi terkait pemberhentian Aparatur Sipil Negara (ASN). Tujuannya adalah untuk memastikan bahwa proses pemberhentian berjalan lancar, akurat, dan sesuai dengan prosedur dan peraturan yang berlaku
5.03.02.2.01.0008	Fasilitasi Lembaga Profesi ASN	Terfasilitasinya Lembaga Profesi ASN	Jumlah Lembaga Profesi ASN yang Difasilitasi	Lembaga	Tindakan dukungan dan bantuan yang diberikan oleh pemerintah provinsi kepada Lembaga Profesi Aparatur Sipil Negara (ASN). Tujuannya adalah untuk memastikan lembaga tersebut dapat berfungsi secara optimal dalam meningkatkan kompetensi, profesionalisme, dan kesejahteraan ASN
5.03.02.2.01.0010	Pengelolaan Sistem Informasi Kepegawaian	Terkelolanya Sistem Informasi Kepegawaian	Jumlah Dokumen Hasil Pengelolaan Sistem Informasi Kepegawaian	Dokumen	Tindakan terencana untuk mengelola dan memelihara Sistem Informasi Kepegawaian (SIMPEG) di lingkungan pemerintah provinsi. Tujuannya adalah untuk memastikan ketersediaan data kepegawaian yang akurat, terkini, terintegrasi, dan aman, yang menjadi dasar penting dalam proses administrasi dan manajemen sumber daya manusia (SDM) ASN
5.03.02.2.02.0001	Pengelolaan Mutasi ASN	Terlaksananya Mutasi ASN yang Meliputi Jabatan Pimpinan Tinggi, Jabatan Administrasi, Jabatan Pelaksana dan Mutasi ASN antar Daerah	Jumlah Dokumen Hasil Pelaksanaan Mutasi Jabatan Pimpinan Tinggi, Jabatan Administrasi, Jabatan Pelaksana dan Mutasi ASN antar Daerah	Dokumen	Proses terstruktur yang dilakukan oleh pemerintah provinsi untuk merencanakan, melaksanakan, dan mengadministrasikan pemindahan Aparatur Sipil Negara (ASN) dari satu jabatan atau unit kerja ke jabatan atau unit kerja lain. Tujuannya adalah untuk mengoptimalkan penempatan ASN sesuai dengan kebutuhan organisasi, kompetensi, dan karir pegawai
5.03.02.2.02.0002	Pengelolaan Kenaikan Pangkat ASN	Terlaksananya Pengelolaan Kenaikan Pangkat ASN	Jumlah Pengelolaan Kenaikan Pangkat ASN	Dokumen	Proses terstruktur yang dilakukan oleh pemerintah provinsi untuk memproses, memverifikasi, dan mengadministrasikan kenaikan pangkat Aparatur Sipil Negara (ASN). Tujuannya adalah untuk memberikan penghargaan atas prestasi kerja dan masa pengabdian, serta memastikan proses kenaikan pangkat berjalan adil, transparan, dan sesuai dengan peraturan yang berlaku
5.03.02.2.02.0003	Pengelolaan Promosi ASN	Terlaksananya Pengelolaan Pengembangan Promosi ASN	Jumlah Dokumen Hasil Pengelolaan Promosi ASN	Dokumen	Proses terstruktur yang dilakukan oleh pemerintah provinsi untuk memproses, menyeleksi, dan menempatkan Aparatur Sipil Negara (ASN) ke dalam jabatan yang lebih tinggi. Tujuannya adalah untuk memberikan kesempatan pengembangan karir, mengisi jabatan yang kosong, dan menempatkan ASN yang paling kompeten pada posisi strategis
5.03.02.2.03.0002	Pengelolaan Assessment Center	Terkelolanya Assessment Center	Jumlah Dokumen Pengelolaan Assessment Center	Dokumen	Upaya terencana dan berkelanjutan yang dilakukan oleh pemerintah provinsi untuk meningkatkan kompetensi, profesionalisme, dan motivasi Aparatur Sipil Negara (ASN). Tujuannya adalah untuk memastikan ASN memiliki kapasitas yang memadai untuk melaksanakan tugas dan fungsinya secara efektif, sehingga dapat berkontribusi optimal dalam pencapaian target kinerja organisasi
5.03.02.2.03.0004	Pengelolaan Pendidikan Lanjutan ASN	Terlaksananya Pengelolaan Pendidikan Lanjutan ASN	Jumlah ASN yang Mendapatkan Pendidikan Lanjutan	Orang	Proses terstruktur untuk memfasilitasi dan mengelola partisipasi Aparatur Sipil Negara (ASN) dalam pendidikan lanjutan yang lebih tinggi, seperti jenjang Strata-2 (S2) atau Strata-3 (S3). Tujuannya adalah untuk meningkatkan kompetensi, profesionalisme, dan kualifikasi ASN, yang pada akhirnya akan mendukung perbaikan kinerja organisasi
5.03.02.2.04.0002	Pelaksanaan Penilaian dan Evaluasi Kinerja Aparatur	Terlaksananya Pelaksanaan Penilaian dan Evaluasi Kinerja Aparatur	Jumlah Dokumen Hasil Pelaksanaan Penilaian dan Evaluasi Kinerja Aparatur	Dokumen	Proses sistematis yang dilakukan oleh pimpinan dan unit kerja terkait untuk mengukur, menilai, dan mengevaluasi kinerja Aparatur Sipil Negara (ASN) secara periodik. Tujuannya adalah untuk memastikan pencapaian target kerja, mengidentifikasi kelebihan dan kekurangan ASN, serta menjadi dasar bagi pengembangan karir dan perbaikan kinerja organisasi
5.03.02.2.04.0004	Pengelolaan Pemberian Penghargaan bagi Pegawai	Terlaksananya Pemberian Penghargaan bagi ASN	Jumlah ASN yang Diberikan Penghargaan	Orang	Proses sistematis yang dilakukan oleh pimpinan dan unit kerja terkait untuk mengukur, menilai, dan mengevaluasi kinerja Aparatur Sipil Negara (ASN) secara periodik. Tujuannya adalah untuk memastikan pencapaian target kerja, mengidentifikasi kelebihan dan kekurangan ASN, serta menjadi dasar bagi pengembangan karir dan perbaikan kinerja organisasi
5.03.02.2.04.0007	Pembinaan Disiplin ASN	Meningkatnya Disiplin ASN	Jumlah ASN yang Mendapatkan Pembinaan Kedisiplinan	Orang	Proses sistematis yang dilakukan oleh pimpinan dan unit kerja terkait untuk mengukur, menilai, dan mengevaluasi kinerja Aparatur Sipil Negara (ASN) secara periodik. Tujuannya adalah untuk memastikan pencapaian target kerja, mengidentifikasi kelebihan dan kekurangan ASN, serta menjadi dasar bagi pengembangan karir dan perbaikan kinerja organisasi
5.03.01.2.01.0001	Penyusunan Dokumen Perencanaan Perangkat Daerah				
5.03.01.2.02.0001	Penyediaan Gaji dan Tunjangan ASN				
5.03.01.2.02.0003	"Pelaksanaan Penatausahaan dan

Pengujian/Verifikasi Keuangan SKPD"				
5.03.01.2.02.0007	Koordinasi dan Penyusunan Laporan Keuangan Bulanan/ Triwulanan/ Semesteran SKPD				
5.03.01.2.06.0002	Penyediaan Peralatan dan Perlengkapan Kantor				
5.03.01.2.06.0004	Penyediaan Bahan Logistik Kantor				
5.03.01.2.07.0010	Pengadaan Sarana dan Prasarana Gedung Kantor atau Bangunan Lainnya				
5.03.01.2.07.0011	Pengadaan Sarana dan Prasarana Pendukung Gedung Kantor atau Bangunan Lainnya				
5.03.01.2.08.0002	Penyediaan Jasa Komunikasi, Sumber Daya Air dan Listrik				
5.03.01.2.08.0004	Penyediaan Jasa Pelayanan Umum Kantor				
5.03.01.2.09.0002	Penyediaan Jasa Pemeliharaan, Biaya Pemeliharaan, Pajak dan Perizinan Kendaraan Dinas Operasional atau Lapangan				
5.03.01.2.09.0009	Pemeliharaan/Rehabilitasi Gedung Kantor dan Bangunan Lainnya				
5.03.01.2.09.0011	Pemeliharaan/Rehabilitasi Sarana dan Prasarana Pendukung Gedung Kantor atau Bangunan Lainnya				
5.04.02.2.01.0003	Penyelenggaraan Pengembangan Kompetensi Teknis Umum, Inti, dan Pilihan bagi Jabatan Administrasi Penyelenggara Urusan Pemerintahan Konkuren, Perangkat Daerah Penunjang, dan Urusan Pemerintahan Umum	Terlaksananya Penyelenggaraan Pengembangan Kompetensi Teknis Umum, Inti, dan Pilihan bagi Jabatan Administrasi Penyelenggara Urusan Pemerintahan Konkuren, Perangkat Daerah Penunjang, dan Urusan Pemerintahan Umum	Jumlah ASN yang Mengikuti Pengembangan Kompetensi	Orang	Proses sistematis yang dilakukan oleh pimpinan dan unit kerja terkait untuk mengukur, menilai, dan mengevaluasi kinerja Aparatur Sipil Negara (ASN) secara periodik. Tujuannya adalah untuk memastikan pencapaian target kerja, mengidentifikasi kelebihan dan kekurangan ASN, serta menjadi dasar bagi pengembangan karir dan perbaikan kinerja organisasi
5.04.02.2.02.0007	Penyelenggaraan Pengembangan Kompetensi bagi Pimpinan Daerah, Jabatan Pimpinan Tinggi, Jabatan Fungsional, Kepemimpinan, dan Prajabatan	Terselenggaranya Pengembangan Kompetensi bagi Pimpinan Daerah, Jabatan Pimpinan Tinggi, Jabatan Fungsional, Kepemimpinan, dan Prajabatan	Jumlah Laporan Hasil Penyelenggaraan Pengembangan Kompetensi bagi Pimpinan Daerah, Jabatan Pimpinan Tinggi, Jabatan Fungsional, Kepemimpinan, dan Prajabatan	Laporan	Proses sistematis yang dilakukan oleh pimpinan dan unit kerja terkait untuk mengukur, menilai, dan mengevaluasi kinerja Aparatur Sipil Negara (ASN) secara periodik. Tujuannya adalah untuk memastikan pencapaian target kerja, mengidentifikasi kelebihan dan kekurangan ASN, serta menjadi dasar bagi pengembangan karir dan perbaikan kinerja organisasi
6.01.02.2.01.0001	Pengawasan Kinerja Pemerintah Daerah	Terlaksananya Pengawasan Kinerja Pemerintah Daerah	Jumlah Laporan Hasil Pengawasan Kinerja Pemerintah Daerah	Laporan	Proses sistematis yang dilakukan oleh pemerintah provinsi untuk memantau, mengevaluasi, dan menilai pelaksanaan tugas dan fungsi pemerintah daerah (kabupaten/kota) agar berjalan efektif, efisien, transparan, dan akuntabel sesuai dengan peraturan perundang-undangan serta kebijakan yang berlaku. Kegiatan ini bertujuan memastikan pemerintah daerah melaksanakan kewenangan dan tanggung jawabnya dengan baik demi tercapainya tujuan pembangunan daerah dan pelayanan publik yang optimal
6.01.02.2.01.0002	Pengawasan Keuangan Pemerintah Daerah	Terlaksananya Pengawasan Keuangan Pemerintah Daerah	Jumlah Laporan Hasil Pengawasan Keuangan Pemerintah Daerah	Laporan	Proses yang dilakukan oleh pemerintah provinsi untuk memantau, mengevaluasi, dan memastikan bahwa pemerintah kabupaten/kota melaksanakan tugas, fungsi, dan kewenangannya secara efektif, efisien, transparan, dan akuntabel sesuai dengan peraturan perundang-undangan dan kebijakan yang berlaku. Kegiatan ini bertujuan untuk meningkatkan kualitas pelayanan publik, memperbaiki tata kelola pemerintahan daerah, serta mendukung pencapaian tujuan pembangunan daerah
6.01.02.2.01.0003	Reviu Laporan Kinerja	Terlaksananya Reviu Laporan Kinerja	Jumlah Laporan Hasil Reviu Laporan Kinerja	Laporan	Proses evaluasi dan pemeriksaan yang dilakukan oleh pemerintah provinsi terhadap laporan kinerja yang disusun oleh pemerintah daerah atau unit kerja terkait. Kegiatan ini bertujuan untuk menilai keakuratan, kelengkapan, dan kesesuaian isi laporan dengan standar, indikator, dan target yang telah ditetapkan, guna memastikan bahwa laporan tersebut mencerminkan realisasi kinerja secara objektif dan dapat dipertanggungjawabkan
6.01.02.2.01.0004	Reviu Laporan Keuangan	Terlaksananya Reviu Laporan Keuangan	Jumlah Laporan Hasil Reviu Laporan Keuangan	Laporan	Proses pemeriksaan dan evaluasi yang dilakukan oleh pemerintah provinsi terhadap laporan keuangan pemerintah daerah atau unit kerja terkait. Kegiatan ini bertujuan untuk menilai kewajaran, keakuratan, dan kepatuhan laporan keuangan terhadap standar akuntansi pemerintah yang berlaku serta memastikan laporan tersebut mencerminkan kondisi keuangan secara transparan dan akuntabel
6.01.02.2.01.0005	Pengawasan Desa	Terlaksananya Pengawasan Desa	Jumlah Laporan Hasil Pengawasan Desa	Laporan	Proses pemantauan, pemeriksaan, dan evaluasi yang dilakukan oleh pemerintah provinsi terhadap pelaksanaan pemerintahan, pembangunan, dan pemberdayaan masyarakat di tingkat desa. Kegiatan ini bertujuan untuk memastikan bahwa penyelenggaraan pemerintahan desa berjalan sesuai dengan peraturan perundang-undangan, efektif, transparan, dan akuntabel, serta mendukung peningkatan kesejahteraan masyarakat desa
6.01.02.2.01.0006	Kerja Sama Pengawasan Internal	Terlaksananya Kerja Sama Pengawasan Internal	Jumlah Kesepakatan Pengawasan Internal yang Terbentuk	Kesepakatan	Proses kolaborasi antara berbagai unit kerja atau instansi di lingkungan pemerintah provinsi dalam melaksanakan fungsi pengawasan secara terpadu dan sinergis. Kegiatan ini bertujuan untuk meningkatkan efektivitas pengawasan internal melalui koordinasi, pertukaran informasi, dan pemanfaatan sumber daya secara bersama-sama, sehingga dapat mencegah terjadinya penyimpangan dan meningkatkan akuntabilitas penyelenggaraan pemerintahan
6.01.02.2.01.0007	Monitoring dan Evaluasi Tindak Lanjut Hasil Pemeriksaan BPK RI dan Tindak Lanjut Hasil Pemeriksaan APIP	Terlaksananya Monitoring dan Evaluasi Tindak Lanjut Hasil Pemeriksaan BPK RI dan Tindak Lanjut Hasil Pemeriksaan APIP	Jumlah Dokumen Hasil Monitoring dan Evaluasi Tindak Lanjut Hasil Pemeriksaan BPK RI dan Tindak Lanjut Hasil Pemeriksaan APIP	Dokumen	Proses pengawasan yang sistematis dan berkelanjutan oleh pemerintah provinsi terhadap pelaksanaan tindak lanjut rekomendasi hasil pemeriksaan yang dilakukan oleh Badan Pemeriksa Keuangan Republik Indonesia (BPK RI) dan Aparat Pengawasan Intern Pemerintah (APIP). Kegiatan ini bertujuan memastikan bahwa rekomendasi pemeriksaan tersebut ditindaklanjuti secara tepat waktu, efektif, dan sesuai dengan ketentuan yang berlaku untuk meningkatkan akuntabilitas dan transparansi pengelolaan keuangan dan kinerja pemerintah daerah
6.01.02.2.02.0001	"Penanganan Penyelesaian Kerugian

Negara/Daerah"	Tertanganinya Penyelesaian Kerugian Negara/Daerah	Jumlah Laporan Penyelesaian Kerugian Negara/Daerah yang Ditangani	Laporan	Kegiatan yang dilakukan oleh pemerintah provinsi untuk mengidentifikasi, menindaklanjuti, dan menyelesaikan kerugian keuangan yang dialami oleh negara atau daerah akibat tindakan melawan hukum, kelalaian, atau penyimpangan dalam pengelolaan keuangan dan aset daerah. Kegiatan ini mencakup proses investigasi, koordinasi dengan instansi terkait, serta pelaksanaan langkah-langkah hukum dan administratif guna memulihkan kerugian tersebut
6.01.02.2.02.0002	Pengawasan dengan Tujuan Tertentu	Terlaksananya Pengawasan Dengan Tujuan Tertentu	Jumlah Laporan Hasil Pengawasan Dengan Tujuan Tertentu	Laporan	Kegiatan pengawasan yang dilakukan oleh pemerintah provinsi secara khusus dan fokus untuk menilai, memantau, dan memastikan pelaksanaan program, kegiatan, atau kebijakan tertentu yang dianggap strategis, rawan risiko, atau memiliki dampak signifikan terhadap penyelenggaraan pemerintahan dan pembangunan daerah. Pengawasan ini bertujuan untuk mengidentifikasi potensi masalah, mencegah penyimpangan, serta memastikan tujuan dan sasaran program dapat tercapai secara efektif dan efisien
6.01.03.2.01.0001	Perumusan Kebijakan Teknis di Bidang Pengawasan	Tersusunnya Kebijakan Teknis di Bidang Pengawasan	Jumlah Rekomendasi Kebijakan Teknis di Bidang Pengawasan yang Disusun	Rekomendasi	Proses penyusunan, pengembangan, dan penetapan kebijakan, prosedur, dan pedoman teknis yang mengatur pelaksanaan fungsi pengawasan di lingkungan pemerintah provinsi. Kegiatan ini bertujuan untuk memastikan bahwa proses pengawasan berjalan secara sistematis, konsisten, efektif, dan sesuai dengan standar serta peraturan yang berlaku, sehingga mendukung terciptanya tata kelola pemerintahan yang baik dan akuntabel
6.01.03.2.01.0002	Perumusan Kebijakan Teknis di Bidang Fasilitasi Pengawasan	Tersusunnya Kebijakan Teknis di Bidang Fasilitasi Pengawasan	Jumlah Rekomendasi Kebijakan Teknis di Bidang Fasilitasi Pengawasan yang Disusun	Rekomendasi	Proses sistematis yang dilakukan oleh pemerintah provinsi untuk merancang, mengembangkan, dan menetapkan kebijakan teknis serta pedoman yang mengatur penyelenggaraan fasilitasi dalam proses pengawasan. Fasilitasi pengawasan meliputi pemberian dukungan, bimbingan, koordinasi, dan sarana/prasarana yang diperlukan agar fungsi pengawasan dapat berjalan efektif, efisien, dan sesuai standar yang berlaku
6.01.03.2.02.0001	Pendampingan dan Asistensi Urusan Pemerintahan Daerah	Terlaksananya Pendampingan, Asistensi Urusan Pemerintahan Daerah	Jumlah Perangkat Daerah yang Dilakukan Pendampingan dan Asistensi Urusan Pemerintahan Daerah	perangkat daerah	Kegiatan yang dilakukan oleh pemerintah provinsi untuk memberikan dukungan, bimbingan, arahan, serta bantuan teknis kepada pemerintah kabupaten/kota dalam melaksanakan urusan pemerintahan yang menjadi kewenangannya. Tujuannya adalah memastikan pelaksanaan urusan pemerintahan daerah berjalan sesuai ketentuan peraturan perundang-undangan, standar pelayanan minimal, dan kebijakan nasional maupun daerah
6.01.03.2.02.0002	Pendampingan, Asistensi, Verifikasi, dan Penilaian Reformasi Birokrasi	Terlaksananya Pendampingan, Asistensi, Verifikasi, dan Penilaian Reformasi Birokrasi	Jumlah Perangkat Daerah yang Dilakukan Pendampingan, Asistensi, Verifikasi, dan Penilaian Reformasi Birokrasi	perangkat daerah	Kegiatan yang dilakukan oleh pemerintah provinsi untuk membantu, membimbing, memeriksa, dan menilai pelaksanaan program reformasi birokrasi di perangkat daerah provinsi maupun kabupaten/kota. Tujuannya adalah memastikan bahwa penerapan reformasi birokrasi sesuai kebijakan nasional, memenuhi indikator penilaian, dan menghasilkan tata kelola pemerintahan yang efektif, efisien, transparan, dan akuntabel
6.01.03.2.02.0003	Koordinasi, Monitoring dan Evaluasi serta Verifikasi Pencegahan dan Pemberantasan Korupsi	Terlaksananya Koordinasi, Monitoring dan Evaluasi serta Verifikasi Pencegahan dan Pemberantasan Korupsi	Jumlah Kegiatan Koordinasi, Monitoring dan Evaluasi serta Verifikasi Pencegahan dan Pemberantasan Korupsi	Kegiatan	Kegiatan yang dilakukan pemerintah provinsi untuk mengatur sinergi antar pemangku kepentingan, memantau pelaksanaan, menilai kemajuan, dan memeriksa kebenaran data/dokumen terkait upaya mencegah dan memberantas tindak pidana korupsi di lingkungan pemerintah daerah provinsi maupun kabupaten/kota, sesuai kebijakan nasional dan ketentuan peraturan perundang-undangan
6.01.03.2.02.0004	Pendampingan, Asistensi dan Verifikasi Penegakan Integritas	Terlaksananya Pendampingan, Asistensi dan Verifikasi Penegakan Integritas	Jumlah Perangkat Daerah yang Dilakukan Pendampingan, Asistensi dan Verifikasi Penegakan Integritas	perangkat daerah	Rangkaian kegiatan pemerintah provinsi untuk memberikan dukungan teknis, bimbingan, dan pengecekan kebenaran data/dokumen kepada perangkat daerah provinsi maupun kabupaten/kota dalam rangka penerapan nilai-nilai integritas, pencegahan pelanggaran etika, dan penegakan prinsip tata kelola pemerintahan yang bersih, transparan, serta akuntabel
6.01.01.2.02.0001	Penyediaan Gaji dan Tunjangan ASN				
6.01.01.2.02.0003	"Pelaksanaan Penatausahaan dan

Pengujian/Verifikasi Keuangan SKPD"				
6.01.01.2.05.0009	Pendidikan dan Pelatihan Pegawai Berdasarkan Tugas dan Fungsi				
6.01.01.2.05.0010	Sosialisasi Peraturan Perundang-Undangan				
6.01.01.2.06.0004	Penyediaan Bahan Logistik Kantor				
6.01.01.2.08.0002	Penyediaan Jasa Komunikasi, Sumber Daya Air dan Listrik				
6.01.01.2.08.0004	Penyediaan Jasa Pelayanan Umum Kantor				
6.01.01.2.09.0001	Penyediaan Jasa Pemeliharaan, Biaya Pemeliharaan, dan Pajak Kendaraan Perorangan Dinas atau Kendaraan Dinas Jabatan				
6.01.01.2.09.0002	Penyediaan Jasa Pemeliharaan, Biaya Pemeliharaan, Pajak dan Perizinan Kendaraan Dinas Operasional atau Lapangan				
6.01.01.2.09.0010	Pemeliharaan/Rehabilitasi Sarana dan Prasarana Gedung Kantor atau Bangunan Lainnya				
6.01.01.2.09.0011	Pemeliharaan/Rehabilitasi Sarana dan Prasarana Pendukung Gedung Kantor atau Bangunan Lainnya				
7.01.02.2.04.0002	Pelaksanaan Urusan Pemerintahan yang terkait dengan Nonperizinan	Terlaksananya Urusan Pemerintahan yang Terkait dengan Nonperizinan	Jumlah Laporan Pelaksanaan Nonperizinan pada Urusan Pemerintahan	Laporan	Kegiatan pemerintah provinsi dalam memberikan layanan administrasi, fasilitasi, dan/atau pengesahan yang bukan dalam bentuk penerbitan izin, tetapi tetap menjadi kewenangan provinsi sesuai peraturan perundang-undangan, untuk memenuhi hak dan kebutuhan masyarakat serta mendukung penyelenggaraan pemerintahan
7.01.02.2.04.0003	Pelaksanaan Urusan Pemerintahan yang Terkait dengan Kewenangan Lain yang Dilimpahkan	Terlaksananya Urusan Pemerintahan yang Terkait dengan Kewenangan Lain yang Dilimpahkan	Jumlah Laporan Pelaksanaan Kewenangan Lain yang Dilimpahkan	Laporan	Kegiatan pemerintah provinsi dalam menyelenggarakan urusan pemerintahan tertentu yang bukan merupakan urusan wajib atau pilihan utama provinsi, tetapi diberikan (dilimpahkan) oleh pemerintah pusat atau pemerintah kabupaten/kota berdasarkan peraturan perundang-undangan, perjanjian kerja sama, atau keputusan kepala daerah, untuk dikelola dan dilaksanakan sesuai standar, pedoman, dan batas kewenangannya
7.01.03.2.02.0001	Peningkatan Partisipasi Masyarakat dalam Forum Musyawarah Perencanaan Pembangunan di Kelurahan	Meningkatnya Partisipasi Masyarakat dalam Forum Musyawarah Perencanaan Pembangunan di Kelurahan	Jumlah Lembaga Kemasyarakatan yang Berpartisipasi dalam Forum Musyawarah Perencanaan Pembangunan di Kelurahan	Lembaga Kemasyarakatan	Serangkaian kegiatan yang bertujuan mendorong, memfasilitasi, dan mengoptimalkan keterlibatan aktif warga kelurahan dalam proses Musyawarah Perencanaan Pembangunan (Musrenbang), sehingga aspirasi, kebutuhan, dan prioritas pembangunan masyarakat dapat terakomodasi secara transparan, inklusif, dan sesuai ketentuan peraturan perundang-undangan
7.01.03.2.02.0002	Pembangunan Sarana dan Prasarana Kelurahan	Terbangunnya Sarana dan Prasarana Kelurahan	Jumlah Sarana dan Prasarana Kelurahan yang Terbangun	Unit	Kegiatan penyediaan, peningkatan, atau penggantian fasilitas fisik dan infrastruktur dasar di wilayah kelurahan yang mendukung pelayanan publik, pemberdayaan masyarakat, dan peningkatan kualitas lingkungan, dilaksanakan sesuai kebutuhan prioritas warga serta standar teknis yang berlaku
7.01.03.2.02.0003	Pemberdayaan Masyarakat di Kelurahan	Terlaksananya Pemberdayaan Masyarakat di Kelurahan	Jumlah Pokmas dan Ormas yang Melaksanakan Pemberdayaan Masyarakat di Kelurahan	Pokmas / Ormas	Serangkaian upaya yang terencana, terarah, dan berkesinambungan untuk meningkatkan kapasitas, keterampilan, partisipasi, serta kemandirian warga kelurahan melalui penguatan pengetahuan, ekonomi, sosial, budaya, dan lingkungan, sehingga masyarakat mampu mengidentifikasi, merencanakan, dan mengelola potensi lokalnya secara mandiri dan berkelanjutan
7.01.05.2.01.0008	Pelaksanaan Tugas Forum Koordinasi Pimpinan di Kecamatan	Terlaksananya Tugas Forum Koordinasi Pimpinan di Kecamatan	Jumlah Dokumen Tugas Forum Koordinasi Pimpinan di Kecamatan	Dokumen	Upaya Pemerintah Provinsi untuk memfasilitasi dan mengelola pelaksanaan tugas Forum Koordinasi Pimpinan Kecamatan (Forkopimcam) yang berfungsi sebagai wadah koordinasi antar unsur pimpinan di tingkat kecamatan. Kegiatan ini mencakup penyelenggaraan rapat koordinasi rutin, penyusunan rencana bersama, pertukaran informasi, serta sinergi dalam pelaksanaan program keamanan, ketertiban, pembangunan, dan pelayanan publik demi terciptanya stabilitas dan efektivitas pemerintahan di tingkat kecamatan
7.01.06.2.01.0002	Fasilitasi Administrasi Tata Pemerintahan Desa	Terlaksananya Fasilitasi Administrasi Tata Pemerintahan Desa	Jumlah Dokumen yang Difasilitasi dalam rangka Administrasi Tata Pemerintahan Desa	Dokumen	Upaya Pemerintah Provinsi untuk memberikan dukungan teknis, bimbingan, dan pendampingan kepada pemerintah desa dalam pengelolaan administrasi pemerintahan desa secara efektif, efisien, dan sesuai dengan peraturan perundang-undangan. Kegiatan ini meliputi penyusunan dokumen administrasi, pengelolaan data dan informasi, pelaksanaan prosedur administrasi, serta pengembangan kapasitas aparatur desa guna meningkatkan kualitas tata kelola pemerintahan desa yang transparan dan akuntabel
7.01.06.2.01.0003	Fasilitasi Pengelolaan Keuangan Desa dan Pendayagunaan Aset Desa	Terlaksananya Fasilitasi Pengelolaan Keuangan Desa dan Pendayagunaan Aset Desa	Jumlah Dokumen yang Difasilitasi dalam rangka Pengelolaan Keuangan Desa dan Pendayagunaan Aset Desa	Dokumen	Upaya Pemerintah Provinsi untuk memberikan bimbingan, pendampingan, dan dukungan teknis kepada pemerintah desa dalam pengelolaan keuangan desa yang transparan, akuntabel, dan sesuai peraturan, serta optimalisasi pemanfaatan dan pengelolaan aset desa. Kegiatan ini mencakup pelatihan penyusunan anggaran desa, pencatatan dan pelaporan keuangan, pengelolaan pendapatan dan belanja desa, serta inventarisasi, perawatan, dan pemanfaatan aset desa guna mendukung pembangunan dan pemberdayaan masyarakat desa
7.01.06.2.01.0009	Fasilitasi Sinkronisasi Perencanaan Pembangunan Daerah dengan Pembangunan Desa	Terlaksananya Fasilitasi Sinkronisasi Perencanaan Pembangunan Daerah dengan Pembangunan Desa	Jumlah Dokumen Sinkronisasi Perencanaan Pembangunan Daerah dengan Pembangunan Desa	Dokumen	Upaya Pemerintah Provinsi untuk memfasilitasi koordinasi dan penyelarasan antara rencana pembangunan daerah dengan rencana pembangunan desa guna memastikan keselarasan program, efisiensi penggunaan sumber daya, dan sinergi pelaksanaan pembangunan. Kegiatan ini meliputi pendampingan dalam penyusunan dokumen perencanaan, fasilitasi forum komunikasi antara pemerintah daerah dan pemerintah desa, serta evaluasi dan pemantauan integrasi program pembangunan di tingkat desa dengan prioritas pembangunan daerah
7.01.06.2.01.0011	Fasilitasi Penyelenggaraan Ketenteraman dan Ketertiban Umum	Terlaksananya Fasilitasi Penyelenggaraan Ketenteraman dan Ketertiban Umum	Jumlah Dokumen Fasilitasi dalam rangka Penyelenggaraan Ketenteraman dan Ketertiban Umum	Dokumen	Upaya Pemerintah Provinsi untuk memberikan dukungan, koordinasi, dan bimbingan kepada aparat penegak ketenteraman dan ketertiban di wilayah provinsi guna menciptakan suasana aman dan tertib di masyarakat. Kegiatan ini mencakup fasilitasi rapat koordinasi antarinstansi terkait, sosialisasi aturan dan norma sosial, pemantauan situasi keamanan, serta pendampingan pelaksanaan operasi keamanan dan ketertiban untuk mencegah gangguan dan konflik sosial
7.01.06.2.01.0017	Koordinasi Pendampingan Desa di Wilayahnya	Terlaksananya Koordinasi Pendampingan Desa di Wilayahnya	Jumlah Laporan Hasil Koordinasi Pendampingan Desa di Wilayahnya	Laporan	Upaya Pemerintah Provinsi untuk mengatur, mengoordinasikan, dan memfasilitasi kegiatan pendampingan kepada desa-desa di wilayah provinsi agar berjalan efektif dan sesuai kebutuhan. Kegiatan ini mencakup penyusunan jadwal dan strategi pendampingan, koordinasi antar pendamping desa, sinergi dengan instansi terkait, serta monitoring dan evaluasi pelaksanaan pendampingan guna memastikan desa mendapatkan bimbingan yang tepat dalam pengelolaan pemerintahan, pembangunan, dan pemberdayaan masyarakat
7.01.01.2.01.0001	Penyusunan Dokumen Perencanaan Perangkat Daerah				
7.01.01.2.02.0001	Penyediaan Gaji dan Tunjangan ASN				
7.01.01.2.02.0003	"Pelaksanaan Penatausahaan dan

Pengujian/Verifikasi Keuangan SKPD"				
7.01.01.2.02.0007	Koordinasi dan Penyusunan Laporan Keuangan Bulanan/ Triwulanan/ Semesteran SKPD				
7.01.01.2.06.0002	Penyediaan Peralatan dan Perlengkapan Kantor				
7.01.01.2.06.0004	Penyediaan Bahan Logistik Kantor				
7.01.01.2.07.0010	Pengadaan Sarana dan Prasarana Gedung Kantor atau Bangunan Lainnya				
7.01.01.2.08.0002	Penyediaan Jasa Komunikasi, Sumber Daya Air dan Listrik				
7.01.01.2.08.0004	Penyediaan Jasa Pelayanan Umum Kantor				
7.01.01.2.09.0001	Penyediaan Jasa Pemeliharaan, Biaya Pemeliharaan, dan Pajak Kendaraan Perorangan Dinas atau Kendaraan Dinas Jabatan				
7.01.01.2.09.0002	Penyediaan Jasa Pemeliharaan, Biaya Pemeliharaan, Pajak dan Perizinan Kendaraan Dinas Operasional atau Lapangan				
7.01.01.2.09.0009	Pemeliharaan/Rehabilitasi Gedung Kantor dan Bangunan Lainnya				
7.01.01.2.09.0010	Pemeliharaan/Rehabilitasi Sarana dan Prasarana Gedung Kantor atau Bangunan Lainnya				
7.01.02.2.02.0003	Peningkatan Efektifitas Pelaksanaan Pelayanan kepada Masyarakat di Wilayah Kecamatan	Meningkatnya Efektifitas Pelaksanaan Pelayanan kepada Masyarakat di Wilayah Kecamatan	Jumlah Laporan Peningkatan Efektifitas Pelaksanaan Pelayanan kepada Masyarakat di Wilayah Kecamatan	Laporan	Kegiatan pemerintah provinsi untuk memperkuat kapasitas, koordinasi, dan tata kelola pelayanan publik di tingkat kecamatan agar layanan kepada masyarakat dapat dilaksanakan secara lebih cepat, tepat, transparan, akuntabel, dan sesuai standar yang berlaku
7.01.02.2.03.0001	Koordinasi/Sinergi dengan Perangkat Daerah dan/atau Instansi Vertikal yang Terkait dalam Pemeliharaan Sarana dan Prasarana Pelayanan Umum	Terlaksananya Koordinasi/Sinergi dengan Perangkat Daerah dan/atau Instansi Vertikal yang Terkait dalam Pemeliharaan Sarana dan Prasarana Pelayanan Umum	Jumlah Dokumen Koordinasi/Sinergi dengan Perangkat Daerah dan/atau Instansi Vertikal yang Terkait dalam Pemeliharaan Sarana dan Prasarana Pelayanan Umum	Dokumen	Proses penyelarasan rencana, program, dan kegiatan antara pemerintah provinsi, perangkat daerah, dan instansi vertikal yang berada di wilayah provinsi, dengan tujuan memastikan keterpaduan kebijakan, efisiensi sumber daya, serta keselarasan pelaksanaan kegiatan pemerintahan sesuai dengan prioritas pembangunan daerah dan nasional
7.01.02.2.04.0001	Pelaksanaan Urusan Pemerintahan yang Terkait dengan Pelayanan Perizinan Non Usaha	Terlaksananya Urusan Pemerintahan yang Terkait dengan Pelayanan Perizinan Non Usaha	Jumlah Dokumen Non Perizinan Usaha yang Dilaksanakan	Dokumen	Kegiatan pemerintah provinsi dalam memproses, menerbitkan, dan/atau memperbarui perizinan yang tidak berhubungan langsung dengan kegiatan usaha, sesuai kewenangan yang diatur peraturan perundang-undangan, guna memberikan kepastian hukum dan kemudahan layanan kepada masyarakat
7.01.03.2.01.0003	Peningkatan Efektifitas Kegiatan Pemberdayaan Masyarakat di Wilayah Kecamatan	Meningkatnya Efektifitas Kegiatan Pemberdayaan Masyarakat di Wilayah Kecamatan	Jumlah Laporan Peningkatan Efektivitas Kegiatan Pemberdayaan Masyarakat di Wilayah Kecamatan	Laporan	Rangkaian upaya yang dilakukan untuk memperbaiki, memperkuat, dan mengoptimalkan pelaksanaan kegiatan pemberdayaan masyarakat di tingkat kecamatan, sehingga program yang dijalankan lebih tepat sasaran, efisien, terukur hasilnya, dan berkelanjutan
7.01.03.2.03.0002	Peningkatan Kapasitas Lembaga Kemasyarakatan	Meningkatnya Kapasitas Lembaga Kemasyarakatan	Jumlah Lembaga Kemasyarakatan yang Ditingkatkan Kapasitasnya	Lembaga Kemasyarakatan	Serangkaian upaya terencana dan berkesinambungan yang dilakukan untuk memperkuat kemampuan organisasi, tata kelola, dan sumber daya manusia pada lembaga kemasyarakatan (seperti LPM, PKK, Karang Taruna, RT/RW, Posyandu, dan lembaga adat) agar mampu berperan lebih efektif dalam mendukung penyelenggaraan pemerintahan, pembangunan, pemberdayaan masyarakat, dan pelayanan publik sesuai ketentuan peraturan perundang-undangan
7.01.06.2.01.0001	"Fasilitasi Penyusunan Peraturan Desa dan

Peraturan Kepala Desa"	Terlaksananya Fasilitasi Penyusunan Peraturan Desa dan Peraturan Kepala Desa	Jumlah Dokumen yang Difasilitasi dalam rangka Penyusunan Peraturan Desa dan Peraturan Kepala Desa	Dokumen	Upaya Pemerintah Provinsi untuk memberikan bimbingan, pendampingan, dan dukungan teknis kepada pemerintah desa dalam proses penyusunan peraturan desa dan peraturan kepala desa yang sesuai dengan ketentuan peraturan perundang-undangan. Kegiatan ini mencakup pelatihan penyusunan regulasi, konsultasi hukum, verifikasi rancangan peraturan, serta koordinasi dengan instansi terkait untuk memastikan peraturan yang dihasilkan dapat mendukung tata kelola pemerintahan desa yang efektif, transparan, dan akuntabel
7.01.06.2.01.0006	Fasilitasi Pelaksanaan Pemilihan Kepala Desa	Terlaksananya Fasilitasi Pelaksanaan Pemilihan Kepala Desa	Jumlah Dokumen Fasilitasi dalam rangka Pelaksanaan Pemilihan Kepala Desa	Dokumen	Upaya Pemerintah Provinsi untuk mendukung dan memfasilitasi proses pemilihan kepala desa yang berjalan secara demokratis, transparan, adil, dan sesuai peraturan perundang-undangan. Kegiatan ini meliputi pendampingan teknis penyelenggaraan pemilihan, sosialisasi kepada masyarakat, koordinasi dengan panitia pemilihan desa, pengawasan pelaksanaan pemilihan, serta penyelesaian permasalahan yang muncul selama proses guna memastikan terpilihnya kepala desa yang sah dan kredibel.
7.01.06.2.01.0016	Fasilitasi Penyusunan Program dan Pelaksanaan Pemberdayaan Masyarakat Desa	Terlaksananya Fasilitasi Penyusunan Program dan Pelaksanaan Pemberdayaan Masyarakat Desa	Jumlah Dokumen Fasilitasi dalam rangka Program dan Pelaksanaan Pemberdayaan Masyarakat Desa	Dokumen	Upaya Pemerintah Provinsi untuk memberikan bimbingan, pendampingan, dan dukungan teknis kepada pemerintah desa dan masyarakat dalam merancang serta melaksanakan program pemberdayaan yang bertujuan meningkatkan kapasitas, kesejahteraan, dan partisipasi aktif masyarakat desa. Kegiatan ini meliputi pelatihan, sosialisasi, penyusunan rencana kerja pemberdayaan, pengorganisasian kelompok masyarakat, serta monitoring dan evaluasi pelaksanaan program agar pemberdayaan masyarakat desa berjalan efektif, berkelanjutan, dan berdampak positif
7.01.01.2.01.0006	Koordinasi dan Penyusunan Laporan Capaian Kinerja dan Ikhtisar Realisasi Kinerja SKPD				
7.01.01.2.07.0006	Pengadaan Peralatan dan Mesin Lainnya				
7.01.03.2.02.0004	Evaluasi Kelurahan	Terlaksananya Evaluasi Kelurahan	Jumlah Laporan Hasil Evaluasi Kelurahan	Laporan	Proses penilaian secara sistematis, terukur, dan berkesinambungan terhadap kinerja, capaian program, tata kelola pemerintahan, serta kondisi sosial, ekonomi, dan lingkungan di kelurahan, guna memastikan kesesuaian dengan standar, target, dan kebijakan pemerintah, serta sebagai dasar perencanaan perbaikan dan pengembangan kelurahan di masa mendatang
7.01.01.2.07.0011	Pengadaan Sarana dan Prasarana Pendukung Gedung Kantor atau Bangunan Lainnya				
7.01.01.2.09.0011	Pemeliharaan/Rehabilitasi Sarana dan Prasarana Pendukung Gedung Kantor atau Bangunan Lainnya				
7.01.03.2.01.0001	Peningkatan Partisipasi Masyarakat dalam Forum Musyawarah Perencanaan Pembangunan di Desa	Meningkatnya Partisipasi Masyarakat dalam Forum Musyawarah Perencanaan Pembangunan di Desa	Jumlah Lembaga Kemasyarakatan yang Berpartisipasi dalam Forum Musyawarah Perencanaan Pembangunan di Desa	Lembaga Kemasyarakatan	Upaya pemerintah provinsi untuk memfasilitasi, mendorong, dan memperluas keterlibatan aktif masyarakat desa—baik secara individu maupun kelompok—dalam seluruh tahapan Musyawarah Perencanaan Pembangunan Desa (Musrenbangdes), sehingga aspirasi, kebutuhan, dan usulan warga dapat terakomodasi dalam dokumen perencanaan pembangunan desa dan selaras dengan rencana pembangunan daerah dan nasional
7.01.01.2.06.0001	"Penyediaan Komponen Instalasi

Listrik/Penerangan Bangunan Kantor"				
7.01.01.2.07.0005	Pengadaan Mebel				
7.01.01.2.07.0007	Pengadaan Aset Tetap Lainnya				
7.01.01.2.07.0009	Pengadaan Gedung Kantor atau Bangunan Lainnya				
7.01.02.2.01.0001	Koordinasi/Sinergi Perencanaan dan Pelaksanaan Kegiatan Pemerintahan dengan Perangkat Daerah dan Instansi Vertikal Terkait	Terlaksananya Koordinasi/Sinergi Perencanaan dan Pelaksanaan Kegiatan Pemerintahan dengan Perangkat Daerah dan Instansi Vertikal Terkait	Jumlah Laporan Koordinasi/Sinergi Perencanaan dan Pelaksanaan Kegiatan Pemerintahan dengan Perangkat Daerah dan Instansi Vertikal Terkait	Laporan	Proses penyelarasan rencana, program, dan kegiatan antara pemerintah provinsi, perangkat daerah, dan instansi vertikal yang berada di wilayah provinsi, dengan tujuan memastikan keterpaduan kebijakan, efisiensi sumber daya, serta keselarasan pelaksanaan kegiatan pemerintahan sesuai dengan prioritas pembangunan daerah dan nasional
7.01.03.2.03.0004	Fasilitasi Pengembangan Usaha Ekonomi Masyarakat	Terlaksananya Fasilitasi Pengembangan Usaha Ekonomi Masyarakat	Jumlah Laporan Fasilitasi Pengembangan Usaha Ekonomi Masyarakat	Laporan	Kegiatan pemerintah provinsi dalam memberikan dukungan, bimbingan, dan pendampingan kepada masyarakat atau kelompok usaha guna meningkatkan kapasitas, produktivitas, dan daya saing usaha ekonomi berbasis potensi lokal. Dukungan ini dapat berupa pembinaan manajemen usaha, pelatihan keterampilan, kemudahan akses permodalan, promosi produk, serta penguatan jejaring kemitraan dengan sektor swasta atau lembaga lainnya, sesuai dengan ketentuan peraturan perundang-undangan
7.01.01.2.01.0002	Koordinasi dan Penyusunan Dokumen RKA-SKPD				
7.01.01.2.06.0009	Penyelenggaraan Rapat Koordinasi dan Konsultasi SKPD				
7.01.04.2.01.0001	Sinergitas dengan Kepolisian Negara Republik Indonesia, Tentara Nasional Indonesia dan Instansi Vertikal di Wilayah Kecamatan	Terlaksananya Sinergitas dengan Kepolisian Negara Republik Indonesia, Tentara Nasional Indonesia dan Instansi Vertikal di Wilayah Kecamatan	Jumlah Laporan Hasil Sinergitas dengan Kepolisian Negara Republik Indonesia, Tentara Nasional Indonesia dan Instansi Vertikal di Wilayah Kecamatan	Laporan	Upaya Pemerintah Provinsi untuk membangun dan memperkuat koordinasi, kerjasama, dan komunikasi yang efektif dengan Kepolisian, TNI, serta instansi vertikal lainnya di tingkat kecamatan. Kegiatan ini meliputi pelaksanaan pertemuan rutin, penyusunan program bersama, pertukaran informasi, serta pelaksanaan kegiatan koordinatif dalam rangka menjaga keamanan, ketertiban, dan ketahanan wilayah demi terciptanya situasi yang kondusif bagi pembangunan dan pelayanan masyarakat
7.01.04.2.01.0002	Harmonisasi Hubungan dengan Tokoh Agama dan Tokoh Masyarakat	Terlaksananya Harmonisasi Hubungan dengan Tokoh Agama dan Tokoh Masyarakat	Jumlah Laporan Pelaksanaan Harmonisasi Hubungan dengan Tokoh Agama dan Tokoh Masyarakat	Laporan	Upaya Pemerintah Provinsi untuk membangun, memelihara, dan memperkuat hubungan yang harmonis serta komunikasi yang efektif dengan tokoh agama dan tokoh masyarakat di wilayahnya. Kegiatan ini meliputi dialog, konsultasi, koordinasi, dan kolaborasi dalam rangka mendukung stabilitas sosial, penyelesaian masalah kemasyarakatan, serta memperkuat peran tokoh dalam pembangunan dan pemberdayaan masyarakat secara inklusif dan berkelanjutan
8.01.02.2.01.0004	Pelaksanaan Koordinasi di Bidang Ideologi Wawasan Kebangsaan, Bela Negara, Karakter Bangsa, Pembauran Kebangsaan, Bineka Tunggal Ika dan Sejarah Kebangsaan	Terlaksananya Koordinasi di Bidang Ideologi Wawasan Kebangsaan, Bela Negara, Karakter Bangsa, Pembauran Kebangsaan, Bineka Tunggal Ika dan Sejarah Kebangsaan	Jumlah Orang yang Mengikuti Koordinasi di Bidang Ideologi Wawasan Kebangsaan, Bela Negara, Karakter Bangsa, Pembauran Kebangsaan, Bineka Tunggal Ika dan Sejarah Kebangsaan	Orang	Upaya Pemerintah Provinsi dalam menyelenggarakan koordinasi antarinstansi dan pemangku kepentingan terkait untuk memastikan pelaksanaan program dan kegiatan pembinaan nilai-nilai kebangsaan berjalan sinergis dan efektif. Kegiatan ini meliputi pertemuan koordinasi, pertukaran informasi, penyusunan langkah-langkah bersama, serta pemantauan dan evaluasi pelaksanaan kegiatan yang berkaitan dengan penguatan ideologi Pancasila, wawasan kebangsaan, semangat bela negara, karakter bangsa, pembauran kebangsaan, pelestarian Bhinneka Tunggal Ika, dan edukasi sejarah kebangsaan
8.01.03.2.01.0002	Penyusunan Bahan Perumusan Kebijakan di Bidang Pendidikan Politik, Etika Budaya Politik, Peningkatan Demokrasi, Fasilitasi Kelembagaan Pemerintahan, Perwakilan dan Partai Politik, Pemilihan Umum/Pemilihan Umum Kepala Daerah, serta Pemantauan Situasi Politik di Daerah	Tersusunnya Kebijakan di Bidang Pendidikan Politik, Etika Budaya Politik, Peningkatan Demokrasi, Fasilitasi Kelembagaan Pemerintahan, Perwakilan dan Partai Politik, Pemilihan Umum/Pemilihan Umum Kepala Daerah, serta Pemantauan Situasi Politik di Daerah	Jumlah Kebijakan di Bidang Pendidikan Politik, Etika Budaya Politik, Peningkatan Demokrasi, Fasilitasi Kelembagaan Pemerintahan, Perwakilan dan Partai Politik, Pemilihan Umum/Pemilihan Umum Kepala Daerah, serta Pemantauan Situasi Politik di Daerah yang Disusun	Dokumen	Proses pengumpulan, analisis, dan penyusunan berbagai informasi, data, kajian, dan bahan strategis yang menjadi dasar bagi perumusan kebijakan pemerintah daerah di bidang pendidikan politik, etika dan budaya politik, peningkatan demokrasi, fasilitasi kelembagaan pemerintahan, perwakilan dan partai politik, pemilihan umum maupun pemilihan kepala daerah, serta pemantauan situasi politik di daerah
8.01.03.2.01.0004	Pelaksanaan Koordinasi di Bidang Pendidikan Politik, Etika Budaya Politik, Peningkatan Demokrasi, Fasilitasi Kelembagaan Pemerintahan, Perwakilan dan Partai Politik, Pemilihan Umum/Pemilihan Umum Kepala Daerah, serta Pemantauan Situasi Politik di Daerah	Terlaksananya Koordinasi di Bidang Pendidikan Politik, Etika Budaya Politik, Peningkatan Demokrasi, Fasilitasi Kelembagaan Pemerintahan, Perwakilan dan Partai Politik, Pemilihan Umum/Pemilihan Umum Kepala Daerah, serta Pemantauan Situasi Politik di Daerah	Jumlah Orang yang Mengikuti Koordinasi di Bidang Pendidikan Politik, Etika Budaya Politik, Peningkatan Demokrasi, Fasilitasi Kelembagaan Pemerintahan, Perwakilan dan Partai Politik, Pemilihan Umum/Pemilihan Umum Kepala Daerah, serta Pemantauan Situasi Politik di Daerah	Orang	Proses penyelarasan dan sinkronisasi kegiatan antar instansi pemerintah provinsi, pemerintah kabupaten/kota, serta lembaga terkait dalam bidang pendidikan politik, etika dan budaya politik, peningkatan demokrasi, fasilitasi kelembagaan pemerintahan, perwakilan dan partai politik, penyelenggaraan pemilihan umum maupun pemilihan kepala daerah, serta pemantauan situasi politik di daerah
8.01.03.2.01.0005	Pelaksanaan Monitoring, Evaluasi dan Pelaporan di Bidang Pendidikan Politik, Etika Budaya Politik, Peningkatan Demokrasi, Fasilitasi Kelembagaan Pemerintahan, Perwakilan dan Partai Politik, Pemilihan Umum/Pemilihan Umum Kepala Daerah, serta Pemantauan Situasi Politik di Daerah	Terlaksananya Monitoring, Evaluasi dan Pelaporan di Bidang Pendidikan Politik, Etika Budaya Politik, Peningkatan Demokrasi, Fasilitasi Kelembagaan Pemerintahan, Perwakilan dan Partai Politik, Pemilihan Umum/Pemilihan Umum Kepala Daerah, serta Pemantauan Situasi Politik di Daerah	Jumlah Laporan Hasil Monitoring, Evaluasi dan Pelaporan di Bidang Pendidikan Politik, Etika Budaya Politik, Peningkatan Demokrasi, Fasilitasi Kelembagaan Pemerintahan, Perwakilan dan Partai Politik, Pemilihan Umum/Pemilihan Umum Kepala Daerah, serta Pemantauan Situasi Politik di Daerah	Laporan	Aktivitas sistematis yang dilakukan oleh pemerintah provinsi untuk memantau, menilai, dan melaporkan pelaksanaan program dan kebijakan di bidang pendidikan politik, etika budaya politik, peningkatan demokrasi, fasilitasi kelembagaan pemerintahan, perwakilan dan partai politik, penyelenggaraan pemilihan umum maupun pemilihan kepala daerah, serta pemantauan situasi politik di daerah
8.01.04.2.01.0003	Pelaksanaan Kebijakan di Bidang Pendaftaran Ormas, Pemberdayaan Ormas, Evaluasi dan Mediasi Sengketa Ormas, Pengawasan Ormas dan Ormas Asing di Daerah	Terlaksananya Kebijakan di Bidang Pendaftaran Ormas, Pemberdayaan Ormas, Evaluasi dan Mediasi Sengketa Ormas, Pengawasan Ormas dan Ormas Asing di Daerah	Jumlah Orang yang Mengikuti Pelaksanaan Kebijakan di Bidang Pendaftaran Ormas, Pemberdayaan Ormas, Evaluasi dan Mediasi Sengketa Ormas, Pengawasan Ormas dan Ormas Asing di Daerah	Orang	Pelaksanaan seluruh kebijakan yang telah ditetapkan oleh pemerintah provinsi terkait pengelolaan organisasi masyarakat (Ormas) di daerah. Kegiatan ini meliputi proses pendaftaran Ormas secara tertib dan transparan, pelaksanaan program pemberdayaan Ormas untuk meningkatkan peran dan kontribusinya dalam pembangunan daerah, serta evaluasi dan mediasi penyelesaian sengketa antar Ormas secara damai dan adil
8.01.04.2.01.0004	Pelaksanaan Koordinasi di Bidang Pendaftaran Ormas, Pemberdayaan Ormas, Evaluasi dan Mediasi Sengketa Ormas, Pengawasan Ormas dan Ormas Asing di Daerah	Terlaksananya Koordinasi di Bidang Pendaftaran Ormas, Pemberdayaan Ormas, Evaluasi dan Mediasi Sengketa Ormas, Pengawasan Ormas dan Ormas Asing di Daerah	Jumlah Orang yang Mengikuti Koordinasi di Bidang Pendaftaran Ormas, Pemberdayaan Ormas, Evaluasi dan Mediasi Sengketa Ormas, Pengawasan Ormas dan Ormas Asing di Daerah	Orang	Proses penyelarasan dan sinkronisasi antara pemerintah provinsi, pemerintah kabupaten/kota, serta instansi terkait dalam melaksanakan tugas di bidang pendaftaran Ormas, pemberdayaan Ormas, evaluasi dan mediasi sengketa Ormas, serta pengawasan Ormas dan Ormas asing di daerah
8.01.05.2.01.0003	Pelaksanaan Kebijakan di Bidang Ketahanan Ekonomi, Sosial, Budaya dan Fasilitasi Pencegahan Penyalagunaan Narkotika, Fasilitasi Kerukunan Umat Beragama dan Penghayat Kepercayaan di Daerah	Terlaksananya Kebijakan di Bidang Ketahanan Ekonomi, Sosial, Budaya dan Fasilitasi Pencegahan Penyalagunaan Narkotika, Fasilitasi Kerukunan Umat Beragama dan Penghayat Kepercayaan di Daerah	Jumlah Orang yang Mengikuti Pelaksanaan Kebijakan di Bidang Ketahanan Ekonomi, Sosial, Budaya dan Fasilitasi Pencegahan Penyalagunaan Narkotika, Fasilitasi Kerukunan Umat Beragama dan Penghayat Kepercayaan di Daerah	Orang	Pelaksanaan seluruh kebijakan yang telah ditetapkan oleh pemerintah provinsi dalam bidang ketahanan ekonomi, sosial, dan budaya, serta fasilitasi pencegahan penyalagunaan narkotika, kerukunan umat beragama, dan penghayat kepercayaan di daerah
8.01.05.2.01.0005	Pelaksanaan Monitoring, Evaluasi dan Pelaporan di Bidang Ketahanan Ekonomi, Sosial, Budaya dan Fasilitasi Pencegahan Penyalagunaan Narkotika, Fasilitasi Kerukunan Umat Beragama dan Penghayat Kepercayaan di Daerah	Terlaksananya Monitoring, Evaluasi dan Pelaporan di Bidang Ketahanan Ekonomi, Sosial, Budaya dan Fasilitasi Pencegahan Penyalagunaan Narkotika, Fasilitasi Kerukunan Umat Beragama dan Penghayat Kepercayaan di Daerah	Jumlah Laporan Hasil Monitoring, Evaluasi dan Pelaporan di Bidang Ketahanan Ekonomi, Sosial, Budaya dan Fasilitasi Pencegahan Penyalagunaan Narkotika, Fasilitasi Kerukunan Umat Beragama dan Penghayat Kepercayaan di Daerah	Laporan	0
8.01.06.2.01.0001	Penyusunan Program Kerja di Bidang Kewaspadaan Dini, Kerja Sama Intelijen, Pemantauan Orang Asing, Tenaga Kerja Asing dan Lembaga Asing, Kewaspadaan Perbatasan antar Negara, Fasilitasi Kelembagaan Bidang Kewaspadaan, serta Penanganan Konflik di Daerah	Tersusunnya Program Kerja di Bidang Kewaspadaan Dini, Kerja Sama Intelijen, Pemantauan Orang Asing, Tenaga Kerja Asing dan Lembaga Asing, Kewaspadaan Perbatasan antar Negara, Fasilitasi Kelembagaan Bidang Kewaspadaan, serta Penanganan Konflik di Daerah	Jumlah Dokumen Program Kerja di Bidang Kewaspadaan Dini, Kerja Sama Intelijen, Pemantauan Orang Asing, Tenaga Kerja Asing dan Lembaga Asing, Kewaspadaan Perbatasan antar Negara, Fasilitasi Kelembagaan Bidang Kewaspadaan, serta Penanganan Konflik di Daerah yang Disusun	Dokumen	Proses perencanaan strategis yang terstruktur untuk menyusun program kerja sebagai pedoman pelaksanaan tugas pemerintah provinsi dalam bidang kewaspadaan dini, kerja sama intelijen, pemantauan orang asing, tenaga kerja asing dan lembaga asing, kewaspadaan perbatasan antar negara, fasilitasi kelembagaan kewaspadaan, serta penanganan konflik di daerah
8.01.06.2.01.0002	Penyusunan Bahan Perumusan Kebijakan di Bidang Kewaspadaan Dini, Kerja Sama Intelijen, Pemantauan Orang Asing, Tenaga Kerja Asing dan Lembaga Asing, Kewaspadaan Perbatasan antar Negara, Fasilitasi Kelembagaan Bidang Kewaspadaan, serta Penanganan Konflik di Daerah	Tersusunnya Kebijakan di Bidang Kewaspadaan Dini, Kerja Sama Intelijen, Pemantauan Orang Asing, Tenaga Kerja Asing dan Lembaga Asing, Kewaspadaan Perbatasan antar Negara, Fasilitasi Kelembagaan Bidang Kewaspadaan, serta Penanganan Konflik di Daerah	Jumlah Kebijakan di Bidang Kewaspadaan Dini, Kerja Sama Intelijen, Pemantauan Orang Asing, Tenaga Kerja Asing dan Lembaga Asing, Kewaspadaan Perbatasan antar Negara, Fasilitasi Kelembagaan Bidang Kewaspadaan, serta Penanganan Konflik di Daerah yang Disusun	Dokumen	Proses pengumpulan, analisis, dan penyusunan bahan strategis yang menjadi dasar perumusan kebijakan pemerintah provinsi dalam bidang kewaspadaan dini, kerja sama intelijen, pemantauan orang asing, tenaga kerja asing dan lembaga asing, kewaspadaan perbatasan antar negara, fasilitasi kelembagaan kewaspadaan, serta penanganan konflik di daerah
8.01.06.2.01.0003	Pelaksanaan Kebijakan di Bidang Kewaspadaan Dini, Kerja Sama Intelijen, Pemantauan Orang Asing, Tenaga Kerja Asing dan Lembaga Asing, Kewaspadaan Perbatasan antar Negara, Fasilitasi Kelembagaan Bidang Kewaspadaan, serta Penanganan Konflik di Daerah	Terlaksananya Kebijakan di Bidang Kewaspadaan Dini, Kerja Sama Intelijen, Pemantauan Orang Asing, Tenaga Kerja Asing dan Lembaga Asing, Kewaspadaan Perbatasan antar Negara, Fasilitasi Kelembagaan Bidang Kewaspadaan, serta Penanganan Konflik di Daerah	Jumlah Orang yang Mengikuti pelaksanaan Kebijakan di Bidang Kewaspadaan Dini, Kerja Sama Intelijen, Pemantauan Orang Asing, Tenaga Kerja Asing dan Lembaga Asing, Kewaspadaan Perbatasan antar Negara, Fasilitasi Kelembagaan Bidang Kewaspadaan, serta Penanganan Konflik di Daerah	Orang	Pelaksanaan kegiatan pemerintah provinsi dalam mengantisipasi dan mengelola potensi ancaman keamanan melalui pengumpulan dan koordinasi intelijen, pengawasan terhadap orang asing dan lembaga asing, pengamanan perbatasan, penguatan kelembagaan kewaspadaan, serta penanganan konflik sosial dan keamanan di wilayah provinsi secara efektif dan terkoordinasi
8.01.06.2.01.0006	Pelaksanaan Forum Koordinasi Pimpinan Daerah Kabupaten/Kota	Terlaksananya Forum Koordinasi Pimpinan Daerah Kabupaten/Kota	Jumlah Dokumen Hasil Pelaksanaan Forum Koordinasi Pimpinan Daerah Kabupaten/Kota	Dokumen	Kegiatan penyelenggaraan pertemuan rutin atau insidental yang melibatkan para pimpinan pemerintah kabupaten/kota di wilayah provinsi untuk melakukan koordinasi, sinkronisasi, dan pengambilan keputusan bersama dalam rangka meningkatkan efektivitas penyelenggaraan pemerintahan, pelayanan publik, serta penanganan masalah strategis di daerah
8.01.01.2.01.0001	Penyusunan Dokumen Perencanaan Perangkat Daerah				
8.01.01.2.01.0006	Koordinasi dan Penyusunan Laporan Capaian Kinerja dan Ikhtisar Realisasi Kinerja SKPD				
8.01.01.2.02.0001	Penyediaan Gaji dan Tunjangan ASN				
8.01.01.2.02.0003	"Pelaksanaan Penatausahaan dan

Pengujian/Verifikasi Keuangan SKPD"				
8.01.01.2.06.0002	Penyediaan Peralatan dan Perlengkapan Kantor				
8.01.01.2.06.0004	Penyediaan Bahan Logistik Kantor				
8.01.01.2.07.0010	Pengadaan Sarana dan Prasarana Gedung Kantor atau Bangunan Lainnya				
8.01.01.2.08.0002	Penyediaan Jasa Komunikasi, Sumber Daya Air dan Listrik				
8.01.01.2.08.0004	Penyediaan Jasa Pelayanan Umum Kantor				
8.01.01.2.09.0001	Penyediaan Jasa Pemeliharaan, Biaya Pemeliharaan, dan Pajak Kendaraan Perorangan Dinas atau Kendaraan Dinas Jabatan				
8.01.01.2.09.0010	Pemeliharaan/Rehabilitasi Sarana dan Prasarana Gedung Kantor atau Bangunan Lainnya				
